State Code,District Code,Sub District Code,Town-Village Code,city_or_town_name,source
1,0,0,800013,Srinagar (M Corp. + OG),Census 2011 urban-name heuristic
1,0,0,800033,Anantnag (M Cl + OG),Census 2011 urban-name heuristic
1,1,1,123,Dara Pora (CT),Census 2011 urban-name heuristic
1,1,1,124,Sool Koot (CT),Census 2011 urban-name heuristic
1,1,1,125,Heri (CT),Census 2011 urban-name heuristic
1,1,1,126,Trehgam (CT),Census 2011 urban-name heuristic
1,1,1,127,Kral Pora (CT),Census 2011 urban-name heuristic
1,1,1,128,Drug Mulla (CT),Census 2011 urban-name heuristic
1,1,1,800001,Kupwara (MC),Census 2011 urban-name heuristic
1,1,2,800002,Handwara (MC),Census 2011 urban-name heuristic
1,1,3,369,Tangdhar (CT),Census 2011 urban-name heuristic
1,1,3,370,Nowangabra (CT),Census 2011 urban-name heuristic
1,2,5,800016,Magam (MC),Census 2011 urban-name heuristic
1,2,5,800017,Beerwah (MC),Census 2011 urban-name heuristic
1,2,6,800018,Khansahib (MC),Census 2011 urban-name heuristic
1,2,7,720,Ichgam (CT),Census 2011 urban-name heuristic
1,2,7,800019,Badgam (MC),Census 2011 urban-name heuristic
1,2,8,829,Nagam (CT),Census 2011 urban-name heuristic
1,2,8,830,Kral Pora (CT),Census 2011 urban-name heuristic
1,2,8,2837,Shanker Pora (OG),Census 2011 urban-name heuristic
1,2,8,2838,Machwa (Nusratpora) (OG),Census 2011 urban-name heuristic
1,2,8,2839,Dharam Bagh (OG),Census 2011 urban-name heuristic
1,2,8,2840,Gopal Pora (OG),Census 2011 urban-name heuristic
1,2,8,2841,Wathora (OG),Census 2011 urban-name heuristic
1,2,8,800013,Srinagar (M Corp. + OG) (Part),Census 2011 urban-name heuristic
1,2,8,800020,Chadura (MC),Census 2011 urban-name heuristic
1,2,9,800021,Charar-i-Sharief (MC),Census 2011 urban-name heuristic
1,3,10,909,Spituk (CT),Census 2011 urban-name heuristic
1,3,10,910,Chuglamsar (CT),Census 2011 urban-name heuristic
1,3,10,800047,Leh Ladakh (MC),Census 2011 urban-name heuristic
1,4,13,800048,Kargil (MC),Census 2011 urban-name heuristic
1,5,16,800062,Punch (M Cl),Census 2011 urban-name heuristic
1,5,18,1233,Naka Majiari (CT),Census 2011 urban-name heuristic
1,5,19,800063,Surankote (MC),Census 2011 urban-name heuristic
1,6,20,800064,Thanamandi (MC),Census 2011 urban-name heuristic
1,6,22,800065,Rajauri (MC),Census 2011 urban-name heuristic
1,6,25,800066,Nowshehra (MC),Census 2011 urban-name heuristic
1,6,26,800067,Sunderbani (MC),Census 2011 urban-name heuristic
1,7,27,800081,Billawar (MC),Census 2011 urban-name heuristic
1,7,28,800082,Bashohli (MC),Census 2011 urban-name heuristic
1,7,30,1962,Taraf Manjali (OG),Census 2011 urban-name heuristic
1,7,30,1963,Chak Sheikhan (OG),Census 2011 urban-name heuristic
1,7,30,1964,Chak Ram Singh (OG),Census 2011 urban-name heuristic
1,7,30,1965,Govindsar (OG),Census 2011 urban-name heuristic
1,7,30,1966,Chak Khuni (OG),Census 2011 urban-name heuristic
1,7,30,1967,Chak Hari Singh (OG),Census 2011 urban-name heuristic
1,7,30,1968,Chak Pratap Singh (OG),Census 2011 urban-name heuristic
1,7,30,1969,Chak Gainda (OG),Census 2011 urban-name heuristic
1,7,30,1970,Rakh Sarkar Palahi (OG),Census 2011 urban-name heuristic
1,7,30,1971,Chak Sohna Nupa (OG),Census 2011 urban-name heuristic
1,7,30,800083,Lakhanpur (MC),Census 2011 urban-name heuristic
1,7,30,800084,Kathua (M Cl + OG),Census 2011 urban-name heuristic
1,7,30,800084,Kathua (M Cl),Census 2011 urban-name heuristic
1,7,30,800085,Parole (MC),Census 2011 urban-name heuristic
1,7,31,800086,Hiranagar (MC),Census 2011 urban-name heuristic
1,8,32,2233,Amar Garh (OG),Census 2011 urban-name heuristic
1,8,32,2234,Now Pora Kalan (OG),Census 2011 urban-name heuristic
1,8,32,800003,Sopore (M Cl + OG),Census 2011 urban-name heuristic
1,8,32,800003,Sopore (M Cl),Census 2011 urban-name heuristic
1,8,33,800004,Watra Gam (MC),Census 2011 urban-name heuristic
1,8,34,800005,Pattan (MC),Census 2011 urban-name heuristic
1,8,35,2449,Fateh Pora (OG),Census 2011 urban-name heuristic
1,8,35,2450,Kanis Pora (OG),Census 2011 urban-name heuristic
1,8,35,2451,Gotiyar (OG),Census 2011 urban-name heuristic
1,8,35,2452,Frastahar (OG),Census 2011 urban-name heuristic
1,8,35,2453,Takia Sultan (OG),Census 2011 urban-name heuristic
1,8,35,800006,Baramula (M Cl + OG),Census 2011 urban-name heuristic
1,8,35,800006,Baramula (M Cl),Census 2011 urban-name heuristic
1,8,37,800007,Uri (MC),Census 2011 urban-name heuristic
1,8,39,800008,Kunzer (MC),Census 2011 urban-name heuristic
1,8,39,800009,Gulmarg (MC),Census 2011 urban-name heuristic
1,9,41,800010,Bandipore (MC),Census 2011 urban-name heuristic
1,9,42,800011,Hajan (MC),Census 2011 urban-name heuristic
1,9,42,800012,Sumbal (MC),Census 2011 urban-name heuristic
1,10,43,2830,Khonmoh  (CT),Census 2011 urban-name heuristic
1,10,43,800013,Srinagar (M Corp. + OG) (Part),Census 2011 urban-name heuristic
1,10,43,800014,Badami Bagh (CB),Census 2011 urban-name heuristic
1,10,44,2834,Now Gam  (CT),Census 2011 urban-name heuristic
1,10,44,2835,Lasjan (CT),Census 2011 urban-name heuristic
1,10,44,2836,Bagh-i-Mehtab (OG),Census 2011 urban-name heuristic
1,10,44,800013,Srinagar (M Corp. + OG) (Part),Census 2011 urban-name heuristic
1,11,45,2883,Safa Pora (CT),Census 2011 urban-name heuristic
1,11,47,2958,Wail (CT),Census 2011 urban-name heuristic
1,11,47,800015,Ganderbal (MC),Census 2011 urban-name heuristic
1,12,48,800022,Pampora (MC),Census 2011 urban-name heuristic
1,12,48,800023,Khrew (MC),Census 2011 urban-name heuristic
1,12,49,800024,Awantipora (MC),Census 2011 urban-name heuristic
1,12,50,800025,Tral (MC),Census 2011 urban-name heuristic
1,12,51,800026,Pulwama (MC),Census 2011 urban-name heuristic
1,13,52,800027,Shupiyan (MC),Census 2011 urban-name heuristic
1,14,53,800028,Pahalgam (MC),Census 2011 urban-name heuristic
1,14,53,800029,Aishmuquam (MC),Census 2011 urban-name heuristic
1,14,54,800030,Bijbehara (MC),Census 2011 urban-name heuristic
1,14,54,800031,Arwani (MC),Census 2011 urban-name heuristic
1,14,55,3721,Rakh Chee (OG),Census 2011 urban-name heuristic
1,14,55,3722,Chee (OG),Census 2011 urban-name heuristic
1,14,55,3723,Mir Gund (OG),Census 2011 urban-name heuristic
1,14,55,3724,Takai Bahram Shah (OG),Census 2011 urban-name heuristic
1,14,55,3725,Ghat Pushwari (OG),Census 2011 urban-name heuristic
1,14,55,3726,Bagh Nowgam (OG),Census 2011 urban-name heuristic
1,14,55,3727,Mong Hall (OG),Census 2011 urban-name heuristic
1,14,55,3728,Haji Danter (OG),Census 2011 urban-name heuristic
1,14,55,3729,Bona Dialgam (OG),Census 2011 urban-name heuristic
1,14,55,3730,Uttersoo Naji Gund (OG),Census 2011 urban-name heuristic
1,14,55,3731,Ul Bug Nowgam (OG),Census 2011 urban-name heuristic
1,14,55,3732,Khirman Dooni Pahoo (OG),Census 2011 urban-name heuristic
1,14,55,3733,Dooni Pahoo (OG),Census 2011 urban-name heuristic
1,14,55,3734,Brak Pora (OG),Census 2011 urban-name heuristic
1,14,55,3735,Fateh Garh (OG),Census 2011 urban-name heuristic
1,14,55,3736,Chiti Pai Bug (OG),Census 2011 urban-name heuristic
1,14,55,3737,Shamsi Pora (OG),Census 2011 urban-name heuristic
1,14,55,3738,Batengo (OG),Census 2011 urban-name heuristic
1,14,55,3739,Khandi Pahari (OG),Census 2011 urban-name heuristic
1,14,55,800032,Mattan (MC),Census 2011 urban-name heuristic
1,14,55,800033,Anantnag (M Cl + OG) (Part),Census 2011 urban-name heuristic
1,14,55,800034,Achhabal (MC),Census 2011 urban-name heuristic
1,14,55,800035,Seer Hamdan (MC),Census 2011 urban-name heuristic
1,14,56,800036,Shangus (MC),Census 2011 urban-name heuristic
1,14,57,800037,Koker Nag (MC),Census 2011 urban-name heuristic
1,14,58,800038,Qazi Gund (MC),Census 2011 urban-name heuristic
1,14,58,800039,Duru Verinag (MC),Census 2011 urban-name heuristic
1,15,59,4041,Bagh-i-Sakloo (OG),Census 2011 urban-name heuristic
1,15,59,800033,Anantnag (M Cl + OG) (Part),Census 2011 urban-name heuristic
1,15,59,800040,Kulgam (MC),Census 2011 urban-name heuristic
1,15,59,800041,Quimoh (MC),Census 2011 urban-name heuristic
1,15,59,800042,Frisal (MC),Census 2011 urban-name heuristic
1,15,59,800043,Yari Pora (MC),Census 2011 urban-name heuristic
1,15,59,800044,Ashmuji Khalsa (MC),Census 2011 urban-name heuristic
1,15,59,800045,Mehmood Pora (MC),Census 2011 urban-name heuristic
1,15,60,800046,Devsar (MC),Census 2011 urban-name heuristic
1,16,62,800049,Doda (MC),Census 2011 urban-name heuristic
1,16,65,800050,Bhaderwah (MC),Census 2011 urban-name heuristic
1,17,66,800051,Banihal (MC),Census 2011 urban-name heuristic
1,17,67,800052,Ramban (MC),Census 2011 urban-name heuristic
1,17,67,800053,Batote (MC),Census 2011 urban-name heuristic
1,18,68,800054,Kishtwar (MC),Census 2011 urban-name heuristic
1,19,72,4954,Rehambal (CT),Census 2011 urban-name heuristic
1,19,72,4955,Rathian (CT),Census 2011 urban-name heuristic
1,19,72,4956,Sambal (OG),Census 2011 urban-name heuristic
1,19,72,4957,Rakh Tenday (OG),Census 2011 urban-name heuristic
1,19,72,4958,Rount (OG),Census 2011 urban-name heuristic
1,19,72,4959,Shajalta (OG),Census 2011 urban-name heuristic
1,19,72,4960,Gangera (OG),Census 2011 urban-name heuristic
1,19,72,4961,Dalah (OG),Census 2011 urban-name heuristic
1,19,72,4962,Jakhan (OG),Census 2011 urban-name heuristic
1,19,72,4963,Barian (OG),Census 2011 urban-name heuristic
1,19,72,4964,Chanthal (OG),Census 2011 urban-name heuristic
1,19,72,4965,Thil (OG),Census 2011 urban-name heuristic
1,19,72,4966,Nuha (OG),Census 2011 urban-name heuristic
1,19,72,4967,Sangur (OG),Census 2011 urban-name heuristic
1,19,72,4968,Charee (OG),Census 2011 urban-name heuristic
1,19,72,4969,Sail Saloon (OG),Census 2011 urban-name heuristic
1,19,72,4970,Karli Khalki (OG),Census 2011 urban-name heuristic
1,19,72,4971,Thanda Padar (OG),Census 2011 urban-name heuristic
1,19,72,4972,Kalar Himti (OG),Census 2011 urban-name heuristic
1,19,72,4973,Dandyal (OG),Census 2011 urban-name heuristic
1,19,72,4974,Badali (OG),Census 2011 urban-name heuristic
1,19,72,4975,Kotli Pain (OG),Census 2011 urban-name heuristic
1,19,72,4976,Khetriar (OG),Census 2011 urban-name heuristic
1,19,72,4977,Delichak (OG),Census 2011 urban-name heuristic
1,19,72,4978,Danori (OG),Census 2011 urban-name heuristic
1,19,72,4979,Omara (OG),Census 2011 urban-name heuristic
1,19,72,4980,Sui (OG),Census 2011 urban-name heuristic
1,19,72,800055,Udhampur (M Cl + OG),Census 2011 urban-name heuristic
1,19,72,800055,Udhampur (M Cl),Census 2011 urban-name heuristic
1,19,73,800056,Kud (MC),Census 2011 urban-name heuristic
1,19,73,800057,Chenani (MC),Census 2011 urban-name heuristic
1,19,74,800058,Ram Nagar (MC),Census 2011 urban-name heuristic
1,20,77,5415,Talwara (CT),Census 2011 urban-name heuristic
1,20,77,5416,Marhi (CT),Census 2011 urban-name heuristic
1,20,77,800059,Reasi (MC),Census 2011 urban-name heuristic
1,20,77,800060,Purana Daroorh (MC),Census 2011 urban-name heuristic
1,20,77,800061,Katra (MC),Census 2011 urban-name heuristic
1,21,78,800068,Jourian (MC),Census 2011 urban-name heuristic
1,21,78,800069,Akhnoor (MC),Census 2011 urban-name heuristic
1,21,78,800070,Khore (MC),Census 2011 urban-name heuristic
1,21,79,5963,Bhalwal (CT),Census 2011 urban-name heuristic
1,21,79,5964,Raipur Domana (CT),Census 2011 urban-name heuristic
1,21,79,5965,Chak Ratnu (CT),Census 2011 urban-name heuristic
1,21,79,5966,Nagrota (CT),Census 2011 urban-name heuristic
1,21,79,5967,Chak  Kalu (CT),Census 2011 urban-name heuristic
1,21,79,5968,Rakh Gadi Garh (CT),Census 2011 urban-name heuristic
1,21,79,5969,Bhore (CT),Census 2011 urban-name heuristic
1,21,79,5970,Chhatha (CT),Census 2011 urban-name heuristic
1,21,79,5971,Kamini (OG),Census 2011 urban-name heuristic
1,21,79,5972,Khanpur (OG),Census 2011 urban-name heuristic
1,21,79,5973,Setani (OG),Census 2011 urban-name heuristic
1,21,79,5974,Rakh Bahu (OG),Census 2011 urban-name heuristic
1,21,79,5975,Chhani Kamala (OG),Census 2011 urban-name heuristic
1,21,79,5976,Chak Jalu (OG),Census 2011 urban-name heuristic
1,21,79,5977,Sunjwan (OG),Census 2011 urban-name heuristic
1,21,79,5978,Gadi Garh (OG),Census 2011 urban-name heuristic
1,21,79,5979,Raipur (OG),Census 2011 urban-name heuristic
1,21,79,5980,Rakh Raipur (OG),Census 2011 urban-name heuristic
1,21,79,5981,Chak Gulami (OG),Census 2011 urban-name heuristic
1,21,79,5982,Gujral (OG),Census 2011 urban-name heuristic
1,21,79,5983,Chwadi (OG),Census 2011 urban-name heuristic
1,21,79,5984,Keran (OG),Census 2011 urban-name heuristic
1,21,79,5985,Satwari (OG),Census 2011 urban-name heuristic
1,21,79,645571,Narwal Bala (OG) (Part),Census 2011 urban-name heuristic
1,21,79,645572,Chhani Raman (OG) (Part),Census 2011 urban-name heuristic
1,21,79,645573,Chhani Beja (OG) (Part),Census 2011 urban-name heuristic
1,21,79,645574,Deeli (OG) (Part),Census 2011 urban-name heuristic
1,21,79,645575,Gangial (OG) (Part),Census 2011 urban-name heuristic
1,21,79,645576,Hazuri Bagh (OG) (Part),Census 2011 urban-name heuristic
1,21,79,645577,Muthi (OG) (Part),Census 2011 urban-name heuristic
1,21,79,645578,Barnayi (OG) (Part),Census 2011 urban-name heuristic
1,21,79,645579,Dharmal (OG) (Part),Census 2011 urban-name heuristic
1,21,79,645580,Chanor (OG) (Part),Census 2011 urban-name heuristic
1,21,79,800071,Jammu (M Corp. + OG),Census 2011 urban-name heuristic
1,21,79,800071,Jammu (M Corp.),Census 2011 urban-name heuristic
1,21,79,800072,Jammu Cantt. (CB),Census 2011 urban-name heuristic
1,21,79,800073,Ghomanhasan (MC),Census 2011 urban-name heuristic
1,21,80,6176,Dhande Kalan (CT),Census 2011 urban-name heuristic
1,21,80,6177,Maralia (CT),Census 2011 urban-name heuristic
1,21,80,6178,Nihalpur Simbal (CT),Census 2011 urban-name heuristic
1,21,80,800074,R.S. Pora (MC),Census 2011 urban-name heuristic
1,21,81,800075,Bishna (MC),Census 2011 urban-name heuristic
1,21,81,800076,Arnia (MC),Census 2011 urban-name heuristic
1,22,82,6671,Gorah Salathian (CT),Census 2011 urban-name heuristic
1,22,82,6672,Birpur (CT),Census 2011 urban-name heuristic
1,22,82,800077,Bari Brahamana (MC),Census 2011 urban-name heuristic
1,22,82,800078,Vijay Pur (MC),Census 2011 urban-name heuristic
1,22,82,800079,Samba (MC),Census 2011 urban-name heuristic
1,22,82,800080,Ramgarh (MC),Census 2011 urban-name heuristic
2,23,87,800087,Dalhousie (CB),Census 2011 urban-name heuristic
2,23,87,800088,Dalhousie (M Cl),Census 2011 urban-name heuristic
2,23,88,800089,Bakloh (CB),Census 2011 urban-name heuristic
2,23,88,800090,Chuari Khas (NP),Census 2011 urban-name heuristic
2,23,90,800091,Chamba (M Cl),Census 2011 urban-name heuristic
2,24,93,800092,Nurpur (M Cl),Census 2011 urban-name heuristic
2,24,94,8799,Indora (CT),Census 2011 urban-name heuristic
2,24,99,9641,Jhikli Barol (OG),Census 2011 urban-name heuristic
2,24,99,9642,Ram Nagar (OG),Census 2011 urban-name heuristic
2,24,99,9643,Sham Nagar (OG),Census 2011 urban-name heuristic
2,24,99,800093,Dharmsala (M Cl + OG),Census 2011 urban-name heuristic
2,24,99,800093,Dharmsala (M Cl),Census 2011 urban-name heuristic
2,24,99,800094,Yol (CB),Census 2011 urban-name heuristic
2,24,100,800095,Kangra (M Cl),Census 2011 urban-name heuristic
2,24,101,800096,Nagrota Bagwan (M Cl),Census 2011 urban-name heuristic
2,24,103,800097,Dera Gopipur (NP),Census 2011 urban-name heuristic
2,24,104,800098,Jawalamukhi (NP),Census 2011 urban-name heuristic
2,24,111,800099,Palampur (M Cl),Census 2011 urban-name heuristic
2,26,117,800100,Manali (M Cl),Census 2011 urban-name heuristic
2,26,118,12896,Shamshi (CT),Census 2011 urban-name heuristic
2,26,118,800101,Kullu (M Cl),Census 2011 urban-name heuristic
2,26,118,800102,Bhuntar (NP),Census 2011 urban-name heuristic
2,26,120,800103,Banjar (NP),Census 2011 urban-name heuristic
2,27,124,800104,Jogindarnagar (NP),Census 2011 urban-name heuristic
2,27,129,800105,Sarkaghat (NP),Census 2011 urban-name heuristic
2,27,132,800106,Sundarnagar (M Cl),Census 2011 urban-name heuristic
2,27,133,800107,Mandi (M Cl),Census 2011 urban-name heuristic
2,27,133,800108,Rawalsar (NP),Census 2011 urban-name heuristic
2,28,140,800109,Tira Sujanpur (NP),Census 2011 urban-name heuristic
2,28,141,800110,Nadaun (NP),Census 2011 urban-name heuristic
2,28,143,800111,Hamirpur (M Cl),Census 2011 urban-name heuristic
2,28,144,800112,Bhota (NP),Census 2011 urban-name heuristic
2,29,148,800113,Daulatpur (NP),Census 2011 urban-name heuristic
2,29,148,800114,Gagret (NP),Census 2011 urban-name heuristic
2,29,150,800115,Una (M Cl),Census 2011 urban-name heuristic
2,29,150,800116,Mehatpur Basdehra (NP),Census 2011 urban-name heuristic
2,29,150,800117,Santokhgarh (NP),Census 2011 urban-name heuristic
2,30,152,800118,Ghumarwin (M Cl),Census 2011 urban-name heuristic
2,30,154,800119,Talai (NP),Census 2011 urban-name heuristic
2,30,155,800120,Naina Devi (M Cl),Census 2011 urban-name heuristic
2,30,156,800121,Bilaspur (M Cl),Census 2011 urban-name heuristic
2,31,158,800122,Arki (NP),Census 2011 urban-name heuristic
2,31,161,800123,Nalagarh (M Cl),Census 2011 urban-name heuristic
2,31,162,21231,Badi Sitalpur (OG) (Part),Census 2011 urban-name heuristic
2,31,162,21232,Suraj Majra Labana (OG) (Part),Census 2011 urban-name heuristic
2,31,162,21233,Bilanwali Gujran (OG) (Part),Census 2011 urban-name heuristic
2,31,162,21234,Haripur Sandoli (OG) (Part),Census 2011 urban-name heuristic
2,31,162,21235,Bhatauli Kalan (OG) (Part),Census 2011 urban-name heuristic
2,31,162,800124,Baddi (M Cl + OG),Census 2011 urban-name heuristic
2,31,162,800124,Baddi (M Cl),Census 2011 urban-name heuristic
2,31,164,800125,Kasauli (CB),Census 2011 urban-name heuristic
2,31,164,800126,Parwanoo (M Cl),Census 2011 urban-name heuristic
2,31,165,800127,Dagshai (CB),Census 2011 urban-name heuristic
2,31,165,800128,Solan (M Cl),Census 2011 urban-name heuristic
2,31,165,800129,Sabathu (CB),Census 2011 urban-name heuristic
2,32,167,800130,Rajgarh (NP),Census 2011 urban-name heuristic
2,32,172,800131,Nahan (M Cl),Census 2011 urban-name heuristic
2,32,173,800132,Paonta Sahib (M Cl),Census 2011 urban-name heuristic
2,33,177,23702,Jhakhri (CT),Census 2011 urban-name heuristic
2,33,177,800133,Rampur (M Cl),Census 2011 urban-name heuristic
2,33,179,800134,Narkanda (NP),Census 2011 urban-name heuristic
2,33,180,800135,Seoni (NP),Census 2011 urban-name heuristic
2,33,181,800136,Jutogh (CB),Census 2011 urban-name heuristic
2,33,182,800137,Shimla (M Corp.),Census 2011 urban-name heuristic
2,33,184,800138,Theog (M Cl),Census 2011 urban-name heuristic
2,33,185,800139,Chaupal (NP),Census 2011 urban-name heuristic
2,33,188,800140,Jubbal (NP),Census 2011 urban-name heuristic
2,33,189,800141,Kotkhai (NP),Census 2011 urban-name heuristic
2,33,191,800142,Rohru (M Cl),Census 2011 urban-name heuristic
3,35,200,27401,Kot (CT),Census 2011 urban-name heuristic
3,35,201,27772,Jugial (CT),Census 2011 urban-name heuristic
3,35,201,27773,Ghoh (CT),Census 2011 urban-name heuristic
3,35,201,27774,Bungal (CT),Census 2011 urban-name heuristic
3,35,201,27775,Daulatpur (CT),Census 2011 urban-name heuristic
3,35,201,27776,Mamun (CT),Census 2011 urban-name heuristic
3,35,201,27777,Dhaki (CT),Census 2011 urban-name heuristic
3,35,201,27778,Manwal (CT),Census 2011 urban-name heuristic
3,35,201,27779,Sarna (CT),Census 2011 urban-name heuristic
3,35,201,27780,Malikpur (CT),Census 2011 urban-name heuristic
3,35,201,27781,Tharial (CT),Census 2011 urban-name heuristic
3,35,201,27782,Narot Mehra (CT),Census 2011 urban-name heuristic
3,35,201,27783,Khanpur (OG),Census 2011 urban-name heuristic
3,35,201,27784,Lamin (OG),Census 2011 urban-name heuristic
3,35,201,800143,Sujanpur (M Cl),Census 2011 urban-name heuristic
3,35,201,800144,Pathankot (M Cl + OG),Census 2011 urban-name heuristic
3,35,201,800144,Pathankot (M Cl),Census 2011 urban-name heuristic
3,35,202,28501,Behrampur (CT),Census 2011 urban-name heuristic
3,35,202,28502,Baryar (CT),Census 2011 urban-name heuristic
3,35,202,28503,Tibri (CT),Census 2011 urban-name heuristic
3,35,202,28504,Fateh Nangal (CT),Census 2011 urban-name heuristic
3,35,202,28505,Abadi along Pandori Road  (OG),Census 2011 urban-name heuristic
3,35,202,28506,Gobind Nagar Colony along Gurdaspur Amritsar Road  (OG),Census 2011 urban-name heuristic
3,35,202,28507,Colony along Jail Road on Dinanagar Road (adjacent to Scheme No.5 ) (OG),Census 2011 urban-name heuristic
3,35,202,800145,Dina Nagar (M Cl),Census 2011 urban-name heuristic
3,35,202,800146,Gurdaspur (M Cl + OG),Census 2011 urban-name heuristic
3,35,202,800146,Gurdaspur (M Cl),Census 2011 urban-name heuristic
3,35,202,800147,Dhariwal (M Cl),Census 2011 urban-name heuristic
3,35,203,28868,"Harijan Colony,I.T.I.Balmiki Graveyard & DAV Hr. Sec. School (OG)",Census 2011 urban-name heuristic
3,35,203,28869,Bhode - di - Khui (OG),Census 2011 urban-name heuristic
3,35,203,28870,Kharal (OG),Census 2011 urban-name heuristic
3,35,203,800148,Fatehgarh Churian (M Cl),Census 2011 urban-name heuristic
3,35,203,800149,Batala (M Cl + OG),Census 2011 urban-name heuristic
3,35,203,800149,Batala (M Cl),Census 2011 urban-name heuristic
3,35,203,800150,Qadian (M Cl + OG),Census 2011 urban-name heuristic
3,35,203,800150,Qadian (M Cl),Census 2011 urban-name heuristic
3,35,203,800151,Sri Hargobindpur (M Cl),Census 2011 urban-name heuristic
3,35,204,28993,Shikar (CT),Census 2011 urban-name heuristic
3,35,204,800152,Dera Baba Nanak (M Cl),Census 2011 urban-name heuristic
3,36,205,800153,Bhulath (NP),Census 2011 urban-name heuristic
3,36,205,800154,Begowal (NP),Census 2011 urban-name heuristic
3,36,206,29355,Hussainpur (CT),Census 2011 urban-name heuristic
3,36,206,800155,Kapurthala (M Cl),Census 2011 urban-name heuristic
3,36,206,800156,Dhilwan (NP),Census 2011 urban-name heuristic
3,36,207,800157,Sultanpur (M Cl),Census 2011 urban-name heuristic
3,36,208,29683,Phagwara Sharki (CT),Census 2011 urban-name heuristic
3,36,208,29684,Chachoki (CT),Census 2011 urban-name heuristic
3,36,208,800158,Phagwara (M Cl),Census 2011 urban-name heuristic
3,37,0,800166,Jalandhar (M Corp. + OG),Census 2011 urban-name heuristic
3,37,209,800159,Lohian Khass (NP),Census 2011 urban-name heuristic
3,37,209,800160,Shahkot (NP),Census 2011 urban-name heuristic
3,37,210,800161,Nakodar (M Cl),Census 2011 urban-name heuristic
3,37,211,30247,Apra (CT),Census 2011 urban-name heuristic
3,37,211,30248,Jandiala (CT),Census 2011 urban-name heuristic
3,37,211,800162,Goraya (NP),Census 2011 urban-name heuristic
3,37,211,800163,Phillaur (M Cl),Census 2011 urban-name heuristic
3,37,211,800164,Nurmahal (M Cl),Census 2011 urban-name heuristic
3,37,212,30387,Sufipind (CT),Census 2011 urban-name heuristic
3,37,212,30388,Dhin (CT),Census 2011 urban-name heuristic
3,37,212,30389,Khambra (CT),Census 2011 urban-name heuristic
3,37,212,30390,Sansarpur (CT),Census 2011 urban-name heuristic
3,37,212,30391,Chomon (CT),Census 2011 urban-name heuristic
3,37,212,30392,Alipur adjacent to Village Mithapur (OG),Census 2011 urban-name heuristic
3,37,212,30393,Nangal Karkhan adjacent to Master Mehnga Singh Colony (OG),Census 2011 urban-name heuristic
3,37,212,800165,Jalandhar Cantt. (CB),Census 2011 urban-name heuristic
3,37,212,800166,Jalandhar (M Corp. + OG) (Part),Census 2011 urban-name heuristic
3,37,212,800167,Alawalpur (M Cl),Census 2011 urban-name heuristic
3,37,212,800168,Adampur (M Cl),Census 2011 urban-name heuristic
3,37,213,30635,Raipur Rasulpur (CT),Census 2011 urban-name heuristic
3,37,213,30636,Sarai Khas (CT),Census 2011 urban-name heuristic
3,37,213,30637,Bidhipur on Amritsar Road (OG),Census 2011 urban-name heuristic
3,37,213,800166,Jalandhar (M Corp. + OG) (Part),Census 2011 urban-name heuristic
3,37,213,800169,Kartarpur (M Cl),Census 2011 urban-name heuristic
3,37,213,800170,Bhogpur (NP),Census 2011 urban-name heuristic
3,38,214,800171,Urmar Tanda (M Cl),Census 2011 urban-name heuristic
3,38,214,800172,Dasua (M Cl),Census 2011 urban-name heuristic
3,38,214,800173,Gardhiwala (M Cl),Census 2011 urban-name heuristic
3,38,215,31343,Hazipur (CT),Census 2011 urban-name heuristic
3,38,215,31344,Talwara (CT),Census 2011 urban-name heuristic
3,38,215,31345,Rakri (CT),Census 2011 urban-name heuristic
3,38,215,800174,Mukerian (M Cl),Census 2011 urban-name heuristic
3,38,216,31760,Chohal (CT),Census 2011 urban-name heuristic
3,38,216,800175,Hariana (M Cl),Census 2011 urban-name heuristic
3,38,216,800176,Hoshiarpur (M Cl),Census 2011 urban-name heuristic
3,38,216,800177,Sham Chaurasi (M Cl),Census 2011 urban-name heuristic
3,38,217,800178,Mahilpur (NP),Census 2011 urban-name heuristic
3,38,217,800179,Garhshankar (M Cl),Census 2011 urban-name heuristic
3,39,218,32342,Khothran (CT),Census 2011 urban-name heuristic
3,39,218,32343,Aur (CT),Census 2011 urban-name heuristic
3,39,218,32344,Saloh (CT),Census 2011 urban-name heuristic
3,39,218,800180,Banga (M Cl),Census 2011 urban-name heuristic
3,39,218,800181,Nawanshahr (M Cl),Census 2011 urban-name heuristic
3,39,218,800182,Rahon (M Cl),Census 2011 urban-name heuristic
3,39,219,32529,Rail (CT),Census 2011 urban-name heuristic
3,39,219,800183,Balachaur (M Cl),Census 2011 urban-name heuristic
3,40,220,800184,Bassi Pathana (M Cl),Census 2011 urban-name heuristic
3,40,221,800185,Sirhind Fatehgarh Sahib (M Cl),Census 2011 urban-name heuristic
3,40,222,32903,Iqbal Colony (OG),Census 2011 urban-name heuristic
3,40,222,32904,Sant Nagar (OG),Census 2011 urban-name heuristic
3,40,222,32905,Dalip Nagar (OG),Census 2011 urban-name heuristic
3,40,222,800186,Amloh (M Cl),Census 2011 urban-name heuristic
3,40,222,800187,Gobindgarh (M Cl + OG),Census 2011 urban-name heuristic
3,40,222,800187,Gobindgarh (M Cl),Census 2011 urban-name heuristic
3,40,223,800188,Khamanon (NP),Census 2011 urban-name heuristic
3,41,224,800189,Machhiwara (M Cl),Census 2011 urban-name heuristic
3,41,224,800190,Samrala (M Cl),Census 2011 urban-name heuristic
3,41,225,800191,Khanna (M Cl),Census 2011 urban-name heuristic
3,41,226,800192,Payal (M Cl),Census 2011 urban-name heuristic
3,41,226,800193,Maloud (NP),Census 2011 urban-name heuristic
3,41,226,800194,Doraha (M Cl),Census 2011 urban-name heuristic
3,41,227,33546,Bhamian Kalan (CT),Census 2011 urban-name heuristic
3,41,227,800195,Sahnewal  (NP),Census 2011 urban-name heuristic
3,41,227,800196,Ludhiana (M Corp.),Census 2011 urban-name heuristic
3,41,228,33674,Jodhan (CT),Census 2011 urban-name heuristic
3,41,228,33675,Gill (CT),Census 2011 urban-name heuristic
3,41,228,33676,Tharike (CT),Census 2011 urban-name heuristic
3,41,228,33677,Bhattian (CT),Census 2011 urban-name heuristic
3,41,228,33678,Partap Singhwala (CT),Census 2011 urban-name heuristic
3,41,228,33679,Baddowal (CT),Census 2011 urban-name heuristic
3,41,228,800197,Mullanpur Dakha (NP),Census 2011 urban-name heuristic
3,41,229,33754,Halwara (CT),Census 2011 urban-name heuristic
3,41,229,33755,Akalgarh (CT),Census 2011 urban-name heuristic
3,41,229,800198,Raikot (M Cl),Census 2011 urban-name heuristic
3,41,230,800199,Jagraon (M Cl),Census 2011 urban-name heuristic
3,42,231,800200,Badhni Kalan (NP),Census 2011 urban-name heuristic
3,42,232,800201,Bagha Purana (M Cl),Census 2011 urban-name heuristic
3,42,233,34220,Kot Ise Khan (CT),Census 2011 urban-name heuristic
3,42,233,34221,Landeke (Amritsar Road) (OG),Census 2011 urban-name heuristic
3,42,233,34222,Duneke (Firozpur Road) (OG),Census 2011 urban-name heuristic
3,42,233,800202,Moga (M Cl + OG),Census 2011 urban-name heuristic
3,42,233,800202,Moga (M Cl),Census 2011 urban-name heuristic
3,42,233,800203,Dharamkot (M Cl),Census 2011 urban-name heuristic
3,43,234,34440,Gadriwala on Zira - Firozpur Road  (OG),Census 2011 urban-name heuristic
3,43,234,800204,Makhu (NP),Census 2011 urban-name heuristic
3,43,234,800205,Zira (M Cl + OG),Census 2011 urban-name heuristic
3,43,234,800205,Zira (M Cl),Census 2011 urban-name heuristic
3,43,234,800206,Mallanwala Khass (NP),Census 2011 urban-name heuristic
3,43,235,34787,Satyewala (CT),Census 2011 urban-name heuristic
3,43,235,800207,Firozpur (M Cl),Census 2011 urban-name heuristic
3,43,235,800208,Firozpur Cantt (CB),Census 2011 urban-name heuristic
3,43,235,800209,Talwandi Bhai (M Cl),Census 2011 urban-name heuristic
3,43,235,800210,Mudki (NP),Census 2011 urban-name heuristic
3,43,236,35002,Extended Area Block No.22 (OG),Census 2011 urban-name heuristic
3,43,236,800211,Guru Har Sahai  (M Cl),Census 2011 urban-name heuristic
3,43,236,800212,Jalalabad (M Cl + OG),Census 2011 urban-name heuristic
3,43,236,800212,Jalalabad (M Cl),Census 2011 urban-name heuristic
3,43,237,35150,Korianwali (CT),Census 2011 urban-name heuristic
3,43,237,800213,Fazilka (M Cl),Census 2011 urban-name heuristic
3,43,238,800214,Abohar (M Cl),Census 2011 urban-name heuristic
3,44,239,800215,Malout (M Cl),Census 2011 urban-name heuristic
3,44,240,800216,Gidderbaha (M Cl),Census 2011 urban-name heuristic
3,44,241,800217,Muktsar (M Cl),Census 2011 urban-name heuristic
3,44,241,800218,Bariwala (NP),Census 2011 urban-name heuristic
3,45,242,35591,Houses & Rice Shellers (Bholowal -  Road) (OG),Census 2011 urban-name heuristic
3,45,242,800219,Faridkot (M Cl + OG),Census 2011 urban-name heuristic
3,45,242,800219,Faridkot (M Cl),Census 2011 urban-name heuristic
3,45,242,800220,Kot Kapura (M Cl),Census 2011 urban-name heuristic
3,45,243,35633,Kothe Lal Premi (OG),Census 2011 urban-name heuristic
3,45,243,800221,Jaitu (M Cl + OG),Census 2011 urban-name heuristic
3,45,243,800221,Jaitu (M Cl),Census 2011 urban-name heuristic
3,46,244,35709,Jawahar Nagar on Rampura - Bathinda Road (OG),Census 2011 urban-name heuristic
3,46,244,35710,Dashmesh Nagar on Rampura - Mehraj Road  (OG),Census 2011 urban-name heuristic
3,46,244,35711,Outgrowth of Gandhi Nagar on Pitho Road  (OG),Census 2011 urban-name heuristic
3,46,244,800222,Bhagta Bhai Ka (NP),Census 2011 urban-name heuristic
3,46,244,800223,Rampura Phul (M Cl + OG),Census 2011 urban-name heuristic
3,46,244,800223,Rampura Phul (M Cl),Census 2011 urban-name heuristic
3,46,245,35831,Bhisiana (CT),Census 2011 urban-name heuristic
3,46,245,35832,Mehna (CT),Census 2011 urban-name heuristic
3,46,245,800224,Bhucho Mandi (M Cl),Census 2011 urban-name heuristic
3,46,245,800225,Goniana (M Cl),Census 2011 urban-name heuristic
3,46,245,800226,Bathinda (M Corp.),Census 2011 urban-name heuristic
3,46,245,800227,Sangat (M Cl),Census 2011 urban-name heuristic
3,46,245,800228,Kot Fatta (M Cl),Census 2011 urban-name heuristic
3,46,246,800229,Raman (M Cl),Census 2011 urban-name heuristic
3,46,246,800230,Talwandi Sabo (NP),Census 2011 urban-name heuristic
3,46,246,800231,Maur (M Cl),Census 2011 urban-name heuristic
3,47,247,800232,Sardulgarh (NP),Census 2011 urban-name heuristic
3,47,248,800233,Bareta (M Cl),Census 2011 urban-name heuristic
3,47,248,800234,Budhlada (M Cl),Census 2011 urban-name heuristic
3,47,249,800235,Bhikhi (NP),Census 2011 urban-name heuristic
3,47,249,800236,Mansa (M Cl),Census 2011 urban-name heuristic
3,48,250,800237,Samana (M Cl),Census 2011 urban-name heuristic
3,48,251,800238,Patran (M Cl),Census 2011 urban-name heuristic
3,48,251,800239,Ghagga (NP),Census 2011 urban-name heuristic
3,48,252,36472,Alhoran (CT),Census 2011 urban-name heuristic
3,48,252,800240,Nabha (M Cl),Census 2011 urban-name heuristic
3,48,252,800241,Bhadson (NP),Census 2011 urban-name heuristic
3,48,253,36830,Rurki Kasba (CT),Census 2011 urban-name heuristic
3,48,253,36831,Ranjit Nagar Extension - I (OG),Census 2011 urban-name heuristic
3,48,253,36832,Grid Colony PSEB on Bhadson Road (OG),Census 2011 urban-name heuristic
3,48,253,36833,Kheri Gujran (OG),Census 2011 urban-name heuristic
3,48,253,36834,Urban Estate - I (OG),Census 2011 urban-name heuristic
3,48,253,36835,Punjabi University (OG),Census 2011 urban-name heuristic
3,48,253,36836,Urban Estate - II (OG),Census 2011 urban-name heuristic
3,48,253,36837,Ranjit Nagar Extension - II (OG),Census 2011 urban-name heuristic
3,48,253,800242,Patiala (M Corp. + OG),Census 2011 urban-name heuristic
3,48,253,800242,Patiala (M Corp.),Census 2011 urban-name heuristic
3,48,253,800243,Sanaur (M Cl),Census 2011 urban-name heuristic
3,48,254,37081,Nilpur (CT),Census 2011 urban-name heuristic
3,48,254,800244,Ghanaur (NP),Census 2011 urban-name heuristic
3,48,254,800245,Rajpura (M Cl),Census 2011 urban-name heuristic
3,49,0,800252,Amritsar (M Corp. + OG),Census 2011 urban-name heuristic
3,49,255,37425,Chogawan (CT),Census 2011 urban-name heuristic
3,49,255,800246,Ramdas (M Cl),Census 2011 urban-name heuristic
3,49,255,800247,Ajnala (NP),Census 2011 urban-name heuristic
3,49,255,800248,Raja Sansi (NP),Census 2011 urban-name heuristic
3,49,256,37566,Bara Khankot Doburjee  (OG),Census 2011 urban-name heuristic
3,49,256,37567,Village Mule Chak  (OG),Census 2011 urban-name heuristic
3,49,256,800249,Majitha (M Cl),Census 2011 urban-name heuristic
3,49,256,800250,Amritsar Cantt. (CB),Census 2011 urban-name heuristic
3,49,256,800251,Jandiala (M Cl),Census 2011 urban-name heuristic
3,49,256,800252,Amritsar (M Corp. + OG) (Part),Census 2011 urban-name heuristic
3,49,257,37671,Kathanian (CT),Census 2011 urban-name heuristic
3,49,257,37672,Nangli (CT),Census 2011 urban-name heuristic
3,49,257,37673,Mudal (CT),Census 2011 urban-name heuristic
3,49,257,37674,Abadi Baba Darshan Singh on Ram Tirath Road (OG),Census 2011 urban-name heuristic
3,49,257,37675,Village Kuriwal (OG),Census 2011 urban-name heuristic
3,49,257,37676,Abadi Baba Jiwan Singh on Ram Tirath Road (OG),Census 2011 urban-name heuristic
3,49,257,37677,Thandewala (OG),Census 2011 urban-name heuristic
3,49,257,37678,Naushera Khurd (OG),Census 2011 urban-name heuristic
3,49,257,37679,Abadi along Khairabad on Ram Tirath Road to Ajnala  Road (OG),Census 2011 urban-name heuristic
3,49,257,37680,Abadi Naushera (OG),Census 2011 urban-name heuristic
3,49,257,37681,Village Roriwala (OG),Census 2011 urban-name heuristic
3,49,257,37682,Prem Nagar on Ajnala Road (OG),Census 2011 urban-name heuristic
3,49,257,37683,Abadi Khalsa Nagar Near Kot Mit Singh (OG),Census 2011 urban-name heuristic
3,49,257,37684,Abadi Mirankot on Ajnala Road (OG),Census 2011 urban-name heuristic
3,49,257,37685,Gumtala Colony on Jagdev Kalan Road (OG),Census 2011 urban-name heuristic
3,49,257,37686,Village Ghumanpura (OG),Census 2011 urban-name heuristic
3,49,257,37687,Ranjit Vihar (OG),Census 2011 urban-name heuristic
3,49,257,37688,"Joshi Colony, Ram Tirath Road (OG)",Census 2011 urban-name heuristic
3,49,257,37689,Parti Vihar (OG),Census 2011 urban-name heuristic
3,49,257,37690,"Raggar Colony, Gali No. 1,2 & 3, Ram Tirath Road.(OG)",Census 2011 urban-name heuristic
3,49,257,37691,Silver Estate (OG),Census 2011 urban-name heuristic
3,49,257,37692,Krishna Lane (OG),Census 2011 urban-name heuristic
3,49,257,37693,Vill Bhagatpura (Factories on right side of Doburjee G.T. Road) (OG),Census 2011 urban-name heuristic
3,49,257,37694,Basarka Bhaini (Attari Road) (OG),Census 2011 urban-name heuristic
3,49,257,800252,Amritsar (M Corp. + OG) (Part),Census 2011 urban-name heuristic
3,49,258,37848,Khilchian (CT),Census 2011 urban-name heuristic
3,49,258,37849,Baba Bakala (CT),Census 2011 urban-name heuristic
3,49,258,37850,Budha Theh (CT),Census 2011 urban-name heuristic
3,49,258,800253,Rayya (NP),Census 2011 urban-name heuristic
3,50,259,800254,Tarn Taran (M Cl),Census 2011 urban-name heuristic
3,50,260,38244,Bhikhiwind (CT),Census 2011 urban-name heuristic
3,50,260,800255,Patti (M Cl),Census 2011 urban-name heuristic
3,50,260,800256,Khem Karan (NP),Census 2011 urban-name heuristic
3,51,262,800257,Anandpur Sahib (M Cl),Census 2011 urban-name heuristic
3,51,263,38590,Oustee Colony Block-B (OG),Census 2011 urban-name heuristic
3,51,263,38591,Oustee Colony Block-A (OG),Census 2011 urban-name heuristic
3,51,263,800258,Nangal (M Cl + OG),Census 2011 urban-name heuristic
3,51,263,800258,Nangal (M Cl),Census 2011 urban-name heuristic
3,51,264,38763,Nehon (CT),Census 2011 urban-name heuristic
3,51,264,38764,Ghanauli (CT),Census 2011 urban-name heuristic
3,51,264,38765,Kotla Nihang (CT),Census 2011 urban-name heuristic
3,51,264,800259,Rupnagar (M Cl),Census 2011 urban-name heuristic
3,51,265,800260,Chamkaur Sahib (NP),Census 2011 urban-name heuristic
3,51,265,800261,Morinda (M Cl),Census 2011 urban-name heuristic
3,52,266,39141,Mullanpur Garib Dass (CT),Census 2011 urban-name heuristic
3,52,266,800262,Kurali (M Cl),Census 2011 urban-name heuristic
3,52,266,800263,Kharar (M Cl),Census 2011 urban-name heuristic
3,52,266,800264,Naya Gaon (NP),Census 2011 urban-name heuristic
3,52,267,39227,Balongi (CT),Census 2011 urban-name heuristic
3,52,267,39228,Sohana (CT),Census 2011 urban-name heuristic
3,52,267,39229,Sector - 66 (OG),Census 2011 urban-name heuristic
3,52,267,39230,Sector - 67 (OG),Census 2011 urban-name heuristic
3,52,267,39231,Sector - 68 (OG),Census 2011 urban-name heuristic
3,52,267,39232,Sector - 69 (OG),Census 2011 urban-name heuristic
3,52,267,800265,Banur (M Cl),Census 2011 urban-name heuristic
3,52,267,800266,S.A.S. Nagar (Mohali) (M Cl + OG),Census 2011 urban-name heuristic
3,52,267,800266,S.A.S. Nagar (Mohali) (M Cl),Census 2011 urban-name heuristic
3,52,268,39383,Bhankharpur (CT),Census 2011 urban-name heuristic
3,52,268,39384,Mirpur (CT),Census 2011 urban-name heuristic
3,52,268,39385,Mubarakpur (CT),Census 2011 urban-name heuristic
3,52,268,39386,Daper (CT),Census 2011 urban-name heuristic
3,52,268,39387,Lalru (CT),Census 2011 urban-name heuristic
3,52,268,800267,Zirakpur (M Cl),Census 2011 urban-name heuristic
3,52,268,800268,Dera Bassi (M Cl),Census 2011 urban-name heuristic
3,53,269,39571,Amargarh (CT),Census 2011 urban-name heuristic
3,53,269,800269,Ahmedgarh (M Cl),Census 2011 urban-name heuristic
3,53,269,800270,Malerkotla (M Cl),Census 2011 urban-name heuristic
3,53,270,800271,Dhuri (M Cl),Census 2011 urban-name heuristic
3,53,271,800272,Bhawanigarh (M Cl),Census 2011 urban-name heuristic
3,53,271,800273,Sangrur (M Cl),Census 2011 urban-name heuristic
3,53,271,800274,Longowal (M Cl),Census 2011 urban-name heuristic
3,53,272,39875,"Chamar Tibbi, Moranwali, Model Town ( R ) and Gugapeer, Kothe - Harigarh and Kothe Singhpur (OG)",Census 2011 urban-name heuristic
3,53,272,800275,Cheema (NP),Census 2011 urban-name heuristic
3,53,272,800276,Sunam Udham Singh Wala (M Cl + OG),Census 2011 urban-name heuristic
3,53,272,800276,Sunam Udham Singh Wala (M Cl),Census 2011 urban-name heuristic
3,53,272,800277,Dirba (NP),Census 2011 urban-name heuristic
3,53,273,800278,Lehragaga (M Cl),Census 2011 urban-name heuristic
3,53,274,800279,Moonak (NP),Census 2011 urban-name heuristic
3,53,274,800280,Khanauri (NP),Census 2011 urban-name heuristic
3,54,275,800281,Barnala (M Cl),Census 2011 urban-name heuristic
3,54,275,800282,Handiaya (NP),Census 2011 urban-name heuristic
3,54,275,800283,Dhanaula (M Cl),Census 2011 urban-name heuristic
3,54,276,800284,Tapa (M Cl),Census 2011 urban-name heuristic
3,54,276,800285,Bhadaur (M Cl),Census 2011 urban-name heuristic
4,55,277,40094,Khuda Alisher (CT),Census 2011 urban-name heuristic
4,55,277,40095,"Mani Majra (R), Basti Kishangarh, Basti Bhagwanpura (CT)",Census 2011 urban-name heuristic
4,55,277,40096,Daria (CT),Census 2011 urban-name heuristic
4,55,277,40097,Mauli Jagran (CT),Census 2011 urban-name heuristic
4,55,277,40098,Behlana (CT),Census 2011 urban-name heuristic
4,55,277,40099,Lahora (OG),Census 2011 urban-name heuristic
4,55,277,40100,Khuda Jassu (OG),Census 2011 urban-name heuristic
4,55,277,800286,Chandigarh (M Corp. + OG),Census 2011 urban-name heuristic
4,55,277,800286,Chandigarh (M Corp.),Census 2011 urban-name heuristic
5,0,0,800299,Devaprayag (NP),Census 2011 urban-name heuristic
5,56,280,800287,Barkot (NP),Census 2011 urban-name heuristic
5,56,283,800288,Uttarkashi (NPP),Census 2011 urban-name heuristic
5,56,283,800289,Gangotri (NP),Census 2011 urban-name heuristic
5,57,284,800290,Badrinathpuri (NP),Census 2011 urban-name heuristic
5,57,285,800292,Chamoli Gopeshwar (NPP),Census 2011 urban-name heuristic
5,57,285,800293,Nandprayag (NP),Census 2011 urban-name heuristic
5,57,287,800294,Gochar (NP),Census 2011 urban-name heuristic
5,57,287,800295,Karnaprayag (NP),Census 2011 urban-name heuristic
5,58,290,800296,Kedarnath (NP),Census 2011 urban-name heuristic
5,58,291,800297,Rudraprayag (NPP),Census 2011 urban-name heuristic
5,59,294,800298,Kirtinagar (NP),Census 2011 urban-name heuristic
5,59,294,800299,Devaprayag (NP) (Part),Census 2011 urban-name heuristic
5,59,297,800301,Chamba (NP),Census 2011 urban-name heuristic
5,59,299,44604,Dhaluwala (CT),Census 2011 urban-name heuristic
5,59,299,800302,Narendranagar (NPP),Census 2011 urban-name heuristic
5,59,299,800303,Muni Ki Reti (NP),Census 2011 urban-name heuristic
5,60,300,800304,Chakrata (CB),Census 2011 urban-name heuristic
5,60,303,45110,Jiwangarh (CT),Census 2011 urban-name heuristic
5,60,303,45111,Central Hope Town (CT),Census 2011 urban-name heuristic
5,60,303,800305,Vikasnagar (NPP),Census 2011 urban-name heuristic
5,60,303,800306,Herbertpur (NP),Census 2011 urban-name heuristic
5,60,304,45267,Raipur (CT),Census 2011 urban-name heuristic
5,60,304,45268,Natthan Pur (CT),Census 2011 urban-name heuristic
5,60,304,45269,Mehu Wala Mafi (CT),Census 2011 urban-name heuristic
5,60,304,45270,Natthuwa Wala (CT),Census 2011 urban-name heuristic
5,60,304,45271,Bharuwal Grant (OG),Census 2011 urban-name heuristic
5,60,304,800307,Mussoorie (NPP),Census 2011 urban-name heuristic
5,60,304,800308,Landaur (CB),Census 2011 urban-name heuristic
5,60,304,800310,Dehradun (CB),Census 2011 urban-name heuristic
5,60,304,800311,Clement Town (CB),Census 2011 urban-name heuristic
5,60,304,800312,Doiwala (NP),Census 2011 urban-name heuristic
5,60,305,45360,Rishikesh (CT),Census 2011 urban-name heuristic
5,60,305,45361,Gumaniwala (CT),Census 2011 urban-name heuristic
5,60,305,45362,Kharak mafi (CT),Census 2011 urban-name heuristic
5,60,305,45363,Pratitnagar (CT),Census 2011 urban-name heuristic
5,60,305,45364,Haripur Kalan (CT),Census 2011 urban-name heuristic
5,60,305,800313,Rishikesh (NPP),Census 2011 urban-name heuristic
5,61,306,800315,Srinagar (NPP),Census 2011 urban-name heuristic
5,61,307,800299,Devaprayag (NP) (Part),Census 2011 urban-name heuristic
5,61,307,800316,Pauri (NPP),Census 2011 urban-name heuristic
5,61,310,800317,Lansdowne (CB),Census 2011 urban-name heuristic
5,61,313,48597,Padampur Sukhran (CT),Census 2011 urban-name heuristic
5,61,313,48598,Kashirampur (CT),Census 2011 urban-name heuristic
5,61,313,48599,Manpur (OG),Census 2011 urban-name heuristic
5,61,313,800318,Dogadda (NPP),Census 2011 urban-name heuristic
5,61,313,800319,Kotdwara (NPP + OG),Census 2011 urban-name heuristic
5,61,313,800319,Kotdwara (NPP),Census 2011 urban-name heuristic
5,61,314,48841,Jonk (CT),Census 2011 urban-name heuristic
5,62,316,800320,Dharchula (NP),Census 2011 urban-name heuristic
5,62,317,800321,Didihat (NP),Census 2011 urban-name heuristic
5,62,320,800322,Pithoragarh (NPP),Census 2011 urban-name heuristic
5,63,323,800323,Bageshwar (NPP),Census 2011 urban-name heuristic
5,64,328,800324,Ranikhet (CB),Census 2011 urban-name heuristic
5,64,329,800325,Dwarahat (NP),Census 2011 urban-name heuristic
5,64,330,53250,Khatyari (CT),Census 2011 urban-name heuristic
5,64,330,800326,Almora (CB),Census 2011 urban-name heuristic
5,64,330,800327,Almora (NPP),Census 2011 urban-name heuristic
5,65,334,800328,Champawat (NP),Census 2011 urban-name heuristic
5,65,336,800329,Lohaghat (NP),Census 2011 urban-name heuristic
5,65,337,54471,Banbasa (CT),Census 2011 urban-name heuristic
5,65,337,800330,Tanakpur (NPP),Census 2011 urban-name heuristic
5,66,340,800331,Nainital (NPP),Census 2011 urban-name heuristic
5,66,340,800332,Nainital (CB),Census 2011 urban-name heuristic
5,66,340,800333,Bhowali (NPP),Census 2011 urban-name heuristic
5,66,340,800334,Bhimtal (NP),Census 2011 urban-name heuristic
5,66,342,55151,Bamori Malli (OG) (Part),Census 2011 urban-name heuristic
5,66,342,55153,Korta (Chanmari Mohalla) (OG) (Part),Census 2011 urban-name heuristic
5,66,342,55155,Bamori Talli Kham (OG) (Part),Census 2011 urban-name heuristic
5,66,342,55293,Fatehpur Range (Dhamua Dunga Area) (CT),Census 2011 urban-name heuristic
5,66,342,55294,Mukhani (CT),Census 2011 urban-name heuristic
5,66,342,55295,Haldwani Talli (CT),Census 2011 urban-name heuristic
5,66,342,55296,Bithoria No.1 (OG),Census 2011 urban-name heuristic
5,66,342,55297,Damua Dhunga Bandobasti (OG),Census 2011 urban-name heuristic
5,66,342,55298,Byura (OG),Census 2011 urban-name heuristic
5,66,342,55299,Kusum Khera  (OG),Census 2011 urban-name heuristic
5,66,342,55300,Haripur Sukha (OG),Census 2011 urban-name heuristic
5,66,342,55301,Manpur Uttar (OG),Census 2011 urban-name heuristic
5,66,342,55302,Gaujajally Uttar (OG),Census 2011 urban-name heuristic
5,66,342,55303,Bamori Talli Bandobasti (OG),Census 2011 urban-name heuristic
5,66,342,800335,Haldwani-cum-Kathgodam (NPP + OG),Census 2011 urban-name heuristic
5,66,342,800335,Haldwani-cum-Kathgodam (NPP),Census 2011 urban-name heuristic
5,66,343,800336,Ramnagar (NPP),Census 2011 urban-name heuristic
5,66,344,800337,Kaladhungi (NP),Census 2011 urban-name heuristic
5,66,345,800338,Lalkuan (NP),Census 2011 urban-name heuristic
5,67,346,55697,Kanchal Gosain (CT),Census 2011 urban-name heuristic
5,67,346,800339,Kashipur (NPP),Census 2011 urban-name heuristic
5,67,346,800340,Mahua Kheraganj (NP),Census 2011 urban-name heuristic
5,67,347,800341,Mahua Dabra Haripura (NP),Census 2011 urban-name heuristic
5,67,347,800342,Jaspur (NPP),Census 2011 urban-name heuristic
5,67,348,800343,Sultanpur (NP),Census 2011 urban-name heuristic
5,67,348,800344,Bazpur (NPP),Census 2011 urban-name heuristic
5,67,348,800345,Kela Khera (NP),Census 2011 urban-name heuristic
5,67,349,55929,Rudrapur Sidkul (OG) (Part),Census 2011 urban-name heuristic
5,67,349,55936,Rampura (OG) (Part),Census 2011 urban-name heuristic
5,67,349,56015,Nagla (CT),Census 2011 urban-name heuristic
5,67,349,56016,Bandiya (CT),Census 2011 urban-name heuristic
5,67,349,56017,Jagatpura (OG),Census 2011 urban-name heuristic
5,67,349,800346,Rudrapur (NPP + OG),Census 2011 urban-name heuristic
5,67,349,800346,Rudrapur (NPP),Census 2011 urban-name heuristic
5,67,349,800347,Kichha (NPP),Census 2011 urban-name heuristic
5,67,350,800348,Gadarpur (NPP),Census 2011 urban-name heuristic
5,67,350,800349,Dineshpur (NP),Census 2011 urban-name heuristic
5,67,351,800350,Shaktigarh (NP),Census 2011 urban-name heuristic
5,67,351,800351,Sitarganj (NPP),Census 2011 urban-name heuristic
5,67,352,56316,Umru Khurd (CT),Census 2011 urban-name heuristic
5,67,352,56317,Maholiya (CT),Census 2011 urban-name heuristic
5,67,352,800352,Khatima (NPP),Census 2011 urban-name heuristic
5,68,353,56345,Hasanpur Madanpur(M),Census 2011 urban-name heuristic
5,68,353,56363,Dariyapur Dayalpur(M),Census 2011 urban-name heuristic
5,68,353,56366,Dheerm Mazra (M),Census 2011 urban-name heuristic
5,68,353,56425,Rahmatpur (M),Census 2011 urban-name heuristic
5,68,353,56427,Belra(M),Census 2011 urban-name heuristic
5,68,353,56433,Kanhapur (M),Census 2011 urban-name heuristic
5,68,353,56437,Sohalpur Mazara Belra(M),Census 2011 urban-name heuristic
5,68,353,56445,Bahadarpur Saini (M),Census 2011 urban-name heuristic
5,68,353,56627,Shahpur (CT),Census 2011 urban-name heuristic
5,68,353,56628,Bhagwanpur (CT),Census 2011 urban-name heuristic
5,68,353,56629,Saidpura (CT),Census 2011 urban-name heuristic
5,68,353,56630,Piran Kaliyar (CT),Census 2011 urban-name heuristic
5,68,353,56631,Salempur Rajputan (CT),Census 2011 urban-name heuristic
5,68,353,56632,Sunhaira (CT),Census 2011 urban-name heuristic
5,68,353,56633,Shafipur (CT),Census 2011 urban-name heuristic
5,68,353,56634,Khanjarpur (CT),Census 2011 urban-name heuristic
5,68,353,56635,Bangherimahabatpur (Must) (CT),Census 2011 urban-name heuristic
5,68,353,56636,Padali Gujar (CT),Census 2011 urban-name heuristic
5,68,353,56637,Nagala Imarti (CT),Census 2011 urban-name heuristic
5,68,353,56638,Dhandera (CT),Census 2011 urban-name heuristic
5,68,353,56639,Maohanpur Mohammadpur (CT),Census 2011 urban-name heuristic
5,68,353,800353,Roorkee (NPP),Census 2011 urban-name heuristic
5,68,353,800354,Roorkee (CB),Census 2011 urban-name heuristic
5,68,353,800355,Jhabrera (NP),Census 2011 urban-name heuristic
5,68,353,800356,Manglaur (NPP),Census 2011 urban-name heuristic
5,68,353,800357,Landhaura (NP),Census 2011 urban-name heuristic
5,68,354,56665,Hardwar SIDKUL (OG) (Part),Census 2011 urban-name heuristic
5,68,354,56704,Jwalapur Mahavidyalaya (OG) (Part),Census 2011 urban-name heuristic
5,68,354,56705,Gurukul Kangdi (OG) (Part),Census 2011 urban-name heuristic
5,68,354,56777,Rawali Mahdood (CT),Census 2011 urban-name heuristic
5,68,354,56778,Bahadarabad (CT),Census 2011 urban-name heuristic
5,68,354,56779,Jagjeetpur (CT),Census 2011 urban-name heuristic
5,68,354,800359,Hardwar (NPP + OG),Census 2011 urban-name heuristic
5,68,354,800359,Hardwar (NPP),Census 2011 urban-name heuristic
5,68,355,800360,Laksar (NP),Census 2011 urban-name heuristic
6,69,356,57045,HMT Pinjore (CT),Census 2011 urban-name heuristic
6,69,356,57046,Khera Sita Ram (OG),Census 2011 urban-name heuristic
6,69,356,800361,Kalka (MC + OG),Census 2011 urban-name heuristic
6,69,356,800361,Kalka (MC),Census 2011 urban-name heuristic
6,69,356,800362,Pinjore (MC),Census 2011 urban-name heuristic
6,69,357,57167,Chandi Mandir (391) (CT),Census 2011 urban-name heuristic
6,69,357,57168,Bir Ghaghar (392) (CT),Census 2011 urban-name heuristic
6,69,357,57169,Ram Garh (232) (CT),Census 2011 urban-name heuristic
6,69,357,57170,Raipur Rani (CT),Census 2011 urban-name heuristic
6,69,357,800363,Panchkula (M Cl),Census 2011 urban-name heuristic
6,70,358,57341,Kakar Majra (269)(CT),Census 2011 urban-name heuristic
6,70,358,57342,Majra (60) (CT),Census 2011 urban-name heuristic
6,70,358,800364,Naraingarh (MC),Census 2011 urban-name heuristic
6,70,359,57507,Boh(27) (CT),Census 2011 urban-name heuristic
6,70,359,57508,Tundla(46) (CT),Census 2011 urban-name heuristic
6,70,359,57509,Babiyal (CT),Census 2011 urban-name heuristic
6,70,359,57510,Jandli (Part) (113) (CT),Census 2011 urban-name heuristic
6,70,359,57511,Kanwla (110) (CT),Census 2011 urban-name heuristic
6,70,359,57512,Kardhan (CT),Census 2011 urban-name heuristic
6,70,359,57513,Nanhera(104) (CT),Census 2011 urban-name heuristic
6,70,359,57514,Sarsehri (OG),Census 2011 urban-name heuristic
6,70,359,800365,Ambala (M Cl),Census 2011 urban-name heuristic
6,70,359,800366,Ambala Cantt. (CB),Census 2011 urban-name heuristic
6,70,359,800367,Ambala Sadar (M Cl + OG),Census 2011 urban-name heuristic
6,70,359,800367,Ambala Sadar (M Cl),Census 2011 urban-name heuristic
6,70,360,57651,Saha (93) (CT),Census 2011 urban-name heuristic
6,70,360,57652,Barara (203) (CT),Census 2011 urban-name heuristic
6,71,361,57913,Pansera (Part) (OG),Census 2011 urban-name heuristic
6,71,361,57958,Mustafabad (CT),Census 2011 urban-name heuristic
6,71,361,57959,Buria (CT),Census 2011 urban-name heuristic
6,71,361,57960,Kansepur (CT),Census 2011 urban-name heuristic
6,71,361,57961,Sasauli (CT),Census 2011 urban-name heuristic
6,71,361,57962,Farakhpur (CT),Census 2011 urban-name heuristic
6,71,361,57963,Badhi Majra (126) (CT),Census 2011 urban-name heuristic
6,71,361,57964,Radaur (CT),Census 2011 urban-name heuristic
6,71,361,800368,Jagadhri (M Cl),Census 2011 urban-name heuristic
6,71,361,800369,Yamunanagar (M Cl + OG),Census 2011 urban-name heuristic
6,71,361,800369,Yamunanagar (M Cl),Census 2011 urban-name heuristic
6,71,362,58145,Sadaura (CT),Census 2011 urban-name heuristic
6,71,362,58146,Bilaspur (CT),Census 2011 urban-name heuristic
6,71,363,58298,Chhachhrauli (CT),Census 2011 urban-name heuristic
6,72,364,800370,Shahbad (MC),Census 2011 urban-name heuristic
6,72,365,58472,Ismailabad (317)(CT),Census 2011 urban-name heuristic
6,72,365,800371,Pehowa (MC),Census 2011 urban-name heuristic
6,72,366,800372,Thanesar (M Cl),Census 2011 urban-name heuristic
6,72,366,800373,Ladwa (MC),Census 2011 urban-name heuristic
6,73,367,800374,Cheeka (MC),Census 2011 urban-name heuristic
6,73,368,800375,Kaithal (M Cl),Census 2011 urban-name heuristic
6,73,368,800376,Kalayat (MC),Census 2011 urban-name heuristic
6,73,369,58984,Fatehpur (OG),Census 2011 urban-name heuristic
6,73,369,800377,Pundri (MC + OG),Census 2011 urban-name heuristic
6,73,369,800377,Pundri (MC),Census 2011 urban-name heuristic
6,74,370,800378,Nilokheri (MC),Census 2011 urban-name heuristic
6,74,370,800379,Taraori (MC),Census 2011 urban-name heuristic
6,74,371,800380,Indri (MC),Census 2011 urban-name heuristic
6,74,372,59308,Kailash Village (Part) (OG),Census 2011 urban-name heuristic
6,74,372,59309,Phushgarh (Part) (OG),Census 2011 urban-name heuristic
6,74,372,59310,Uncha Siwana (CT),Census 2011 urban-name heuristic
6,74,372,800381,Karnal (M Cl + OG),Census 2011 urban-name heuristic
6,74,372,800381,Karnal (M Cl),Census 2011 urban-name heuristic
6,74,372,800382,Nissing (MC),Census 2011 urban-name heuristic
6,74,373,800383,Assandh (MC),Census 2011 urban-name heuristic
6,74,374,800384,Gharaunda (MC),Census 2011 urban-name heuristic
6,75,375,59496,Kachrauli (1) (CT),Census 2011 urban-name heuristic
6,75,375,59497,Kabri (18) (CT),Census 2011 urban-name heuristic
6,75,375,59498,Sikanderpur (19) (CT),Census 2011 urban-name heuristic
6,75,375,59499,Asan Khurd (CT),Census 2011 urban-name heuristic
6,75,375,59500,Panipat Taraf Ansar (CT),Census 2011 urban-name heuristic
6,75,375,59501,Panipat Taraf Makhdum Zadgan (CT),Census 2011 urban-name heuristic
6,75,375,59502,Ugra Kheri(19) (CT),Census 2011 urban-name heuristic
6,75,375,59503,Panipat Taraf Rajputan (CT),Census 2011 urban-name heuristic
6,75,375,59504,Sec. 11&12 Part II (CT),Census 2011 urban-name heuristic
6,75,375,59505,Kheri Nangal (131) (CT),Census 2011 urban-name heuristic
6,75,375,59506,Kabulbag (Part) (OG),Census 2011 urban-name heuristic
6,75,375,800385,Panipat (M Cl + OG),Census 2011 urban-name heuristic
6,75,375,800385,Panipat (M Cl),Census 2011 urban-name heuristic
6,75,377,59617,Gandhi Nagar & Dayal Colony (Part) (OG),Census 2011 urban-name heuristic
6,75,377,800386,Samalkha (MC + OG),Census 2011 urban-name heuristic
6,75,377,800386,Samalkha (MC),Census 2011 urban-name heuristic
6,76,378,800387,Gohana (MC),Census 2011 urban-name heuristic
6,76,379,800388,Ganaur (MC),Census 2011 urban-name heuristic
6,76,380,59905,Fazalpur (81) (CT),Census 2011 urban-name heuristic
6,76,380,59906,Bayyanpur (207) (CT),Census 2011 urban-name heuristic
6,76,380,59907,Badh Malak (68) (CT),Census 2011 urban-name heuristic
6,76,380,59908,Kundli (55) (CT),Census 2011 urban-name heuristic
6,76,380,645581,Bandepur (Part) (OG),Census 2011 urban-name heuristic
6,76,380,645582,Lehrara (Part) (OG),Census 2011 urban-name heuristic
6,76,380,800389,Sonipat (M Cl + OG),Census 2011 urban-name heuristic
6,76,380,800389,Sonipat (M Cl),Census 2011 urban-name heuristic
6,76,381,800390,Kharkhoda (MC),Census 2011 urban-name heuristic
6,77,382,800391,Narwana (M Cl),Census 2011 urban-name heuristic
6,77,382,800392,Uchana (MC),Census 2011 urban-name heuristic
6,77,383,800393,Jind (M Cl),Census 2011 urban-name heuristic
6,77,384,800394,Julana (MC),Census 2011 urban-name heuristic
6,77,385,60260,Bhuran (16) (CT),Census 2011 urban-name heuristic
6,77,385,800395,Safidon (MC),Census 2011 urban-name heuristic
6,78,386,800396,Ratia (MC),Census 2011 urban-name heuristic
6,78,387,60411,Jhakal Mandi (CT),Census 2011 urban-name heuristic
6,78,387,800397,Tohana (M Cl),Census 2011 urban-name heuristic
6,78,388,800398,Fatehabad (M Cl),Census 2011 urban-name heuristic
6,79,389,800399,Mandi Dabwali (MC),Census 2011 urban-name heuristic
6,79,390,800400,Kalanwali (MC),Census 2011 urban-name heuristic
6,79,390,800401,Sirsa (M Cl),Census 2011 urban-name heuristic
6,79,391,800402,Rania (MC),Census 2011 urban-name heuristic
6,79,392,800403,Ellenabad (MC),Census 2011 urban-name heuristic
6,80,393,60865,Adampur (CT),Census 2011 urban-name heuristic
6,80,394,61014,Uklana Mandi (CT),Census 2011 urban-name heuristic
6,80,394,61015,Gangwa (166) (CT),Census 2011 urban-name heuristic
6,80,394,61016,Satrod Khurd (155) (CT),Census 2011 urban-name heuristic
6,80,394,61017,Satrod Khas (154) (CT),Census 2011 urban-name heuristic
6,80,394,61018,Satrod Kalan(153) (CT),Census 2011 urban-name heuristic
6,80,394,61019,Mayyer (151) (CT),Census 2011 urban-name heuristic
6,80,394,645583,CCS HAU campus&Mini Sect. (OG),Census 2011 urban-name heuristic
6,80,394,800404,Barwala (MC),Census 2011 urban-name heuristic
6,80,394,800405,Hisar (M Cl + OG),Census 2011 urban-name heuristic
6,80,394,800405,Hisar (M Cl),Census 2011 urban-name heuristic
6,80,395,800406,Narnaund (MC),Census 2011 urban-name heuristic
6,80,396,800407,Hansi (M Cl),Census 2011 urban-name heuristic
6,81,397,800408,Bawani khera (MC),Census 2011 urban-name heuristic
6,81,398,800409,Bhiwani (M Cl),Census 2011 urban-name heuristic
6,81,399,61274,Tosham (CT),Census 2011 urban-name heuristic
6,81,400,800410,Siwani (MC),Census 2011 urban-name heuristic
6,81,401,800411,Loharu (MC),Census 2011 urban-name heuristic
6,81,402,800412,Charkhi Dadri (MC),Census 2011 urban-name heuristic
6,82,404,800413,Maham (MC),Census 2011 urban-name heuristic
6,82,405,61679,Sunari Kalan (101) (CT),Census 2011 urban-name heuristic
6,82,405,800414,Rohtak (M Cl),Census 2011 urban-name heuristic
6,82,405,800415,Kalanaur (MC),Census 2011 urban-name heuristic
6,82,406,800416,Sampla (MC),Census 2011 urban-name heuristic
6,83,407,800417,Beri (MC),Census 2011 urban-name heuristic
6,83,408,61808,Ladrawan (CT),Census 2011 urban-name heuristic
6,83,408,800418,Bahadurgarh (M Cl),Census 2011 urban-name heuristic
6,83,409,61910,Faizabad (87) (CT),Census 2011 urban-name heuristic
6,83,409,800419,Jhajjar (MC),Census 2011 urban-name heuristic
6,84,411,800420,Kanina (MC),Census 2011 urban-name heuristic
6,84,411,800421,Mahendragarh (MC),Census 2011 urban-name heuristic
6,84,412,62334,Nagal Chaudhry (CT),Census 2011 urban-name heuristic
6,84,412,800422,Ateli (MC),Census 2011 urban-name heuristic
6,84,412,800423,Narnaul (M Cl),Census 2011 urban-name heuristic
6,85,413,62388,Bhakali (165) (CT),Census 2011 urban-name heuristic
6,85,414,62658,Aakera (292) (CT),Census 2011 urban-name heuristic
6,85,414,62659,Ghatal Mahaniawas (291) (CT),Census 2011 urban-name heuristic
6,85,414,62660,Maheshari (293) (CT),Census 2011 urban-name heuristic
6,85,414,62661,Rampura (132) (CT),Census 2011 urban-name heuristic
6,85,414,62662,Manethi (28) (CT),Census 2011 urban-name heuristic
6,85,414,800424,Dharuhera (MC),Census 2011 urban-name heuristic
6,85,414,800425,Rewari (M Cl),Census 2011 urban-name heuristic
6,85,415,800426,Bawal (MC),Census 2011 urban-name heuristic
6,86,416,800427,Hailey Mandi (MC),Census 2011 urban-name heuristic
6,86,416,800428,Pataudi (MC),Census 2011 urban-name heuristic
6,86,417,62837,Garhi Harsaru (46) (CT),Census 2011 urban-name heuristic
6,86,417,62838,Badshahpur (87) (CT),Census 2011 urban-name heuristic
6,86,417,645584,Daultabad (OG),Census 2011 urban-name heuristic
6,86,417,645585,Ghata (OG),Census 2011 urban-name heuristic
6,86,417,645586,Naya Behram Pur (OG),Census 2011 urban-name heuristic
6,86,417,800429,Gurgaon (M Corp. + OG),Census 2011 urban-name heuristic
6,86,417,800429,Gurgaon (M Corp.),Census 2011 urban-name heuristic
6,86,418,800430,Farrukhnagar (MC),Census 2011 urban-name heuristic
6,86,419,62924,Manesar (154) (CT),Census 2011 urban-name heuristic
6,86,420,62989,Bhondsi (168) (CT),Census 2011 urban-name heuristic
6,86,420,800431,Sohna (MC),Census 2011 urban-name heuristic
6,87,421,63071,Khori Kalan (37) (CT),Census 2011 urban-name heuristic
6,87,421,800432,Taoru (MC),Census 2011 urban-name heuristic
6,87,422,63190,Salamba (154) (CT),Census 2011 urban-name heuristic
6,87,422,800433,Nuh (MC),Census 2011 urban-name heuristic
6,87,423,63336,Nagina (51) (CT),Census 2011 urban-name heuristic
6,87,423,800434,Ferozepur jhirka (MC),Census 2011 urban-name heuristic
6,87,424,63432,Pingwan (127) (CT),Census 2011 urban-name heuristic
6,87,424,800435,Punahana (MC),Census 2011 urban-name heuristic
6,88,425,63498,Tilpat  (CT),Census 2011 urban-name heuristic
6,88,425,800436,Faridabad (M Corp.),Census 2011 urban-name heuristic
6,88,426,63583,Piala (54) (CT),Census 2011 urban-name heuristic
6,89,427,63730,Baghola (44) (CT),Census 2011 urban-name heuristic
6,89,427,63731,Palwal (Rural) (Part) (73) (CT),Census 2011 urban-name heuristic
6,89,427,645587,Mohan Nagar (Part) (OG),Census 2011 urban-name heuristic
6,89,427,800437,Palwal (M Cl + OG),Census 2011 urban-name heuristic
6,89,427,800437,Palwal (M Cl),Census 2011 urban-name heuristic
6,89,428,800438,Hathin (MC),Census 2011 urban-name heuristic
6,89,429,800439,Hassan Pur (MC),Census 2011 urban-name heuristic
6,89,429,800440,Hodal (MC),Census 2011 urban-name heuristic
7,90,430,63905,Bankner (CT),Census 2011 urban-name heuristic
7,90,430,63906,Bhor Garh (CT),Census 2011 urban-name heuristic
7,90,430,63907,Tikri Khurd (CT),Census 2011 urban-name heuristic
7,90,430,63908,Bakhtawar Pur (CT),Census 2011 urban-name heuristic
7,90,430,63909,Bankauli (CT),Census 2011 urban-name heuristic
7,90,430,63910,Ali Pur (CT),Census 2011 urban-name heuristic
7,90,430,63911,Mukhmel Pur (CT),Census 2011 urban-name heuristic
7,90,430,63912,Ibrahim Pur (CT),Census 2011 urban-name heuristic
7,90,430,63913,Qadi Pur (CT),Census 2011 urban-name heuristic
7,90,430,63914,Libas Pur (CT),Census 2011 urban-name heuristic
7,90,430,63915,Siras Pur (CT),Census 2011 urban-name heuristic
7,90,430,63916,Khera Kalan (CT),Census 2011 urban-name heuristic
7,90,430,63917,Sahibabad Daulat Pur (CT),Census 2011 urban-name heuristic
7,90,430,63918,Pehlad Pur Bangar (CT),Census 2011 urban-name heuristic
7,90,430,63919,Khera Khurd (CT),Census 2011 urban-name heuristic
7,90,430,63920,Barwala (CT),Census 2011 urban-name heuristic
7,90,430,63921,Pooth Khurd (CT),Census 2011 urban-name heuristic
7,90,430,63922,Bawana (CT),Census 2011 urban-name heuristic
7,90,430,63923,Darya Pur Kalan (CT),Census 2011 urban-name heuristic
7,90,431,63936,Qutab Garh (CT),Census 2011 urban-name heuristic
7,90,431,63937,Lad Pur (CT),Census 2011 urban-name heuristic
7,90,431,63938,Kanjhawala (CT),Census 2011 urban-name heuristic
7,90,431,63939,Gheora (CT),Census 2011 urban-name heuristic
7,90,431,63940,Rani Khera (CT),Census 2011 urban-name heuristic
7,90,431,63941,Mubarak Pur Dabas (CT),Census 2011 urban-name heuristic
7,90,431,63942,Kirari Suleman Nagar (CT),Census 2011 urban-name heuristic
7,90,431,63943,Nithari (CT),Census 2011 urban-name heuristic
7,90,431,63944,Mohammad Pur Majri (CT),Census 2011 urban-name heuristic
7,90,431,63945,Karala (CT),Census 2011 urban-name heuristic
7,90,431,63946,Begum Pur (CT),Census 2011 urban-name heuristic
7,90,431,63947,Pooth Kalan (CT),Census 2011 urban-name heuristic
7,90,431,63948,Sultan Pur Majra (CT),Census 2011 urban-name heuristic
7,90,432,63950,Bhalswa Jahangir Pur (CT),Census 2011 urban-name heuristic
7,91,433,63955,Mukand Pur (CT),Census 2011 urban-name heuristic
7,91,433,63956,Kamal Pur Majra Burari (CT),Census 2011 urban-name heuristic
7,91,433,63957,Burari  (CT),Census 2011 urban-name heuristic
7,91,433,63958,Jharoda Majra Burari  (CT),Census 2011 urban-name heuristic
7,92,436,63968,Sadat Pur Gujran (CT),Census 2011 urban-name heuristic
7,92,436,63969,Baqiabad (CT),Census 2011 urban-name heuristic
7,92,436,63970,Karawal Nagar (CT),Census 2011 urban-name heuristic
7,92,436,63971,Dayal Pur (CT),Census 2011 urban-name heuristic
7,92,436,63972,Jiwan Pur alias Johri Pur (CT),Census 2011 urban-name heuristic
7,92,436,63973,Mustafabad (CT),Census 2011 urban-name heuristic
7,92,436,63974,Khan Pur Dhani (CT),Census 2011 urban-name heuristic
7,92,436,63975,Tukhmir Pur (CT),Census 2011 urban-name heuristic
7,92,436,63976,Khajoori Khas (CT),Census 2011 urban-name heuristic
7,92,436,63977,Mir Pur Turk (CT),Census 2011 urban-name heuristic
7,92,436,63978,Ziauddin Pur (CT),Census 2011 urban-name heuristic
7,92,436,63979,Gokal Pur (CT),Census 2011 urban-name heuristic
7,92,437,63980,Babar Pur (CT),Census 2011 urban-name heuristic
7,92,437,63981,Jaffrabad (CT),Census 2011 urban-name heuristic
7,92,438,63982,Mandoli (CT),Census 2011 urban-name heuristic
7,93,439,63983,Shakar Pur Baramad (CT),Census 2011 urban-name heuristic
7,93,441,63985,Gharonda Neemka Bangar alias Patpar Ganj (CT),Census 2011 urban-name heuristic
7,93,441,63986,Gharoli (CT),Census 2011 urban-name heuristic
7,93,441,63987,Kondli (CT),Census 2011 urban-name heuristic
7,93,441,63988,Dallo Pura (CT),Census 2011 urban-name heuristic
7,93,441,63989,Chilla Saroda Bangar (CT),Census 2011 urban-name heuristic
7,93,441,63990,Chilla Saroda Khadar (CT),Census 2011 urban-name heuristic
7,96,448,63991,Hastsal (CT),Census 2011 urban-name heuristic
7,96,448,63992,Raja Pur Khurd (CT),Census 2011 urban-name heuristic
7,96,450,63995,Bapraula (CT),Census 2011 urban-name heuristic
7,96,450,63996,Tilang Pur Kotla (CT),Census 2011 urban-name heuristic
7,96,450,63997,Shafi Pur Ranhola (CT),Census 2011 urban-name heuristic
7,96,450,63998,Nilothi (CT),Census 2011 urban-name heuristic
7,96,450,63999,Nangloi Jat (CT),Census 2011 urban-name heuristic
7,96,450,64000,Quammruddin Nagar (CT),Census 2011 urban-name heuristic
7,96,450,64001,Mundka (CT),Census 2011 urban-name heuristic
7,96,450,64002,Bakkar Wala (CT),Census 2011 urban-name heuristic
7,96,450,64003,Tikri Kalan (CT),Census 2011 urban-name heuristic
7,97,0,800443,Delhi Cantonment (CB),Census 2011 urban-name heuristic
7,97,451,64045,Jharoda Kalan (CT),Census 2011 urban-name heuristic
7,97,451,64046,Kair (CT),Census 2011 urban-name heuristic
7,97,451,64047,Jaffar Pur Kalan (CT),Census 2011 urban-name heuristic
7,97,451,64048,Ujwa (CT),Census 2011 urban-name heuristic
7,97,451,64049,Mitraon (CT),Census 2011 urban-name heuristic
7,97,451,64050,Khera (CT),Census 2011 urban-name heuristic
7,97,451,64051,Dindar Pur (CT),Census 2011 urban-name heuristic
7,97,451,64052,Roshan Pura alias Dichaon Khurd (CT),Census 2011 urban-name heuristic
7,97,451,64053,Nangli Sakrawati (CT),Census 2011 urban-name heuristic
7,97,451,64054,Chhawala (CT),Census 2011 urban-name heuristic
7,97,452,64055,Moradabad Pahari (CT),Census 2011 urban-name heuristic
7,97,452,800443,Delhi Cantonment (CB) (Part),Census 2011 urban-name heuristic
7,97,453,64056,Kusum Pur (CT),Census 2011 urban-name heuristic
7,97,453,64057,Malik Pur Kohi alias Rang Puri (CT),Census 2011 urban-name heuristic
7,97,453,64058,Sambhalka (CT),Census 2011 urban-name heuristic
7,97,453,64059,Kapas Hera (CT),Census 2011 urban-name heuristic
7,97,453,64060,Rajokri (CT),Census 2011 urban-name heuristic
7,97,453,64061,Ghitorni (CT),Census 2011 urban-name heuristic
7,97,453,800443,Delhi Cantonment (CB) (Part),Census 2011 urban-name heuristic
7,98,454,64065,Aya Nagar (CT),Census 2011 urban-name heuristic
7,98,454,64066,Jona Pur (CT),Census 2011 urban-name heuristic
7,98,454,64067,Fateh Pur Beri (CT),Census 2011 urban-name heuristic
7,98,454,64068,Dera Mandi (CT),Census 2011 urban-name heuristic
7,98,454,64069,Bhati (CT),Census 2011 urban-name heuristic
7,98,454,64070,Asola (CT),Census 2011 urban-name heuristic
7,98,454,64071,Chandan Hola (CT),Census 2011 urban-name heuristic
7,98,454,64072,Sultan Pur (CT),Census 2011 urban-name heuristic
7,98,454,64073,Chattar Pur (CT),Census 2011 urban-name heuristic
7,98,454,64074,Maidan Garhi (CT),Census 2011 urban-name heuristic
7,98,454,64075,Raj Pur Khurd (CT),Census 2011 urban-name heuristic
7,98,454,64076,Deoli (CT),Census 2011 urban-name heuristic
7,98,454,64077,Neb Sarai (CT),Census 2011 urban-name heuristic
7,98,454,64078,Saidul Azaib (CT),Census 2011 urban-name heuristic
7,98,454,64079,Tigri (CT),Census 2011 urban-name heuristic
7,98,455,64080,Saidabad (CT),Census 2011 urban-name heuristic
7,98,456,64081,Kotla Mahigiran (CT),Census 2011 urban-name heuristic
7,98,456,64082,Pul Pehlad (CT),Census 2011 urban-name heuristic
7,98,456,64083,Taj Pul (CT),Census 2011 urban-name heuristic
7,98,456,64084,Mithe Pur (CT),Census 2011 urban-name heuristic
7,98,456,64085,Molar Band (CT),Census 2011 urban-name heuristic
7,98,456,64086,Aali (CT),Census 2011 urban-name heuristic
7,98,456,64087,Jait Pur (CT),Census 2011 urban-name heuristic
8,99,457,800444,Kesrisinghpur (M),Census 2011 urban-name heuristic
8,99,457,800445,Karanpur (M),Census 2011 urban-name heuristic
8,99,458,64480,2 e (OG) (Part),Census 2011 urban-name heuristic
8,99,458,64481,6 e (OG) (Part),Census 2011 urban-name heuristic
8,99,458,64511,7 e (OG) (Part),Census 2011 urban-name heuristic
8,99,458,64512,5 e (OG) (Part),Census 2011 urban-name heuristic
8,99,458,64513,2 ML (OG) (Part),Census 2011 urban-name heuristic
8,99,458,64639,3 e Village (CT),Census 2011 urban-name heuristic
8,99,458,800446,Ganganagar (M Cl + OG),Census 2011 urban-name heuristic
8,99,458,800446,Ganganagar (M Cl),Census 2011 urban-name heuristic
8,99,459,64852,8 LLG (LALGARH) (CT),Census 2011 urban-name heuristic
8,99,459,800447,Sadulshahar (M),Census 2011 urban-name heuristic
8,99,460,800448,Gajsinghpur (M),Census 2011 urban-name heuristic
8,99,460,800449,Padampur (M),Census 2011 urban-name heuristic
8,99,461,800450,Raisinghnagar (M),Census 2011 urban-name heuristic
8,99,462,800451,Anupgarh (M),Census 2011 urban-name heuristic
8,99,463,66362,3 STR (CT),Census 2011 urban-name heuristic
8,99,463,66363,24 AS-C (CT),Census 2011 urban-name heuristic
8,99,463,66364,8 PSD-B (CT),Census 2011 urban-name heuristic
8,99,464,66641,1 GB-A (CT),Census 2011 urban-name heuristic
8,99,464,800452,Vijainagar (M),Census 2011 urban-name heuristic
8,99,465,800453,Suratgarh (M),Census 2011 urban-name heuristic
8,100,466,800454,Sangaria (M),Census 2011 urban-name heuristic
8,100,468,800455,Hanumangarh (M Cl),Census 2011 urban-name heuristic
8,100,469,800456,Pilibanga (M),Census 2011 urban-name heuristic
8,100,470,800457,Rawatsar (M),Census 2011 urban-name heuristic
8,100,471,800458,Nohar (M),Census 2011 urban-name heuristic
8,100,472,800459,Bhadra (M),Census 2011 urban-name heuristic
8,101,473,800460,Bikaner (M Corp.),Census 2011 urban-name heuristic
8,101,473,800461,Deshnoke (M),Census 2011 urban-name heuristic
8,101,476,69573,Kolayat (CT),Census 2011 urban-name heuristic
8,101,477,800462,Nokha (M),Census 2011 urban-name heuristic
8,101,478,69776,Beriyawali (CT),Census 2011 urban-name heuristic
8,101,480,800463,Dungargarh (M),Census 2011 urban-name heuristic
8,102,481,800464,Taranagar (M),Census 2011 urban-name heuristic
8,102,482,800465,Rajgarh (M),Census 2011 urban-name heuristic
8,102,483,800466,Sardarshahar (M),Census 2011 urban-name heuristic
8,102,484,70519,Gajsar (OG) (Part),Census 2011 urban-name heuristic
8,102,484,70547,Ramsara (OG) (Part),Census 2011 urban-name heuristic
8,102,484,800467,Ratannagar (M),Census 2011 urban-name heuristic
8,102,484,800468,Churu (M Cl + OG),Census 2011 urban-name heuristic
8,102,484,800468,Churu (M Cl),Census 2011 urban-name heuristic
8,102,485,800469,Ratangarh (M),Census 2011 urban-name heuristic
8,102,485,800470,Rajaldesar (M),Census 2011 urban-name heuristic
8,102,486,800471,Bidasar (M),Census 2011 urban-name heuristic
8,102,486,800472,Chhapar (M),Census 2011 urban-name heuristic
8,102,486,800473,Sujangarh (M),Census 2011 urban-name heuristic
8,103,487,71111,Malsisar (CT),Census 2011 urban-name heuristic
8,103,487,71112,Nooan (CT),Census 2011 urban-name heuristic
8,103,487,71113,Islampur (CT),Census 2011 urban-name heuristic
8,103,487,800474,Bissau (M),Census 2011 urban-name heuristic
8,103,487,800475,Mandawa (M),Census 2011 urban-name heuristic
8,103,487,800476,Jhunjhunun (M Cl),Census 2011 urban-name heuristic
8,103,487,800477,Baggar (M),Census 2011 urban-name heuristic
8,103,488,800478,Pilani (M),Census 2011 urban-name heuristic
8,103,488,800479,Vidyavihar (M),Census 2011 urban-name heuristic
8,103,488,800480,Surajgarh (M),Census 2011 urban-name heuristic
8,103,488,800481,Chirawa (M),Census 2011 urban-name heuristic
8,103,489,71463,Singhana (CT),Census 2011 urban-name heuristic
8,103,490,71567,Gothra (CT),Census 2011 urban-name heuristic
8,103,490,71568,Babai (CT),Census 2011 urban-name heuristic
8,103,490,800482,Khetri (M),Census 2011 urban-name heuristic
8,103,491,800483,Mukandgarh (M),Census 2011 urban-name heuristic
8,103,491,800484,Nawalgarh (M),Census 2011 urban-name heuristic
8,103,492,800485,Udaipurwati (M),Census 2011 urban-name heuristic
8,104,493,71949,Neemrana (CT),Census 2011 urban-name heuristic
8,104,493,71950,Shahjahanpur (CT),Census 2011 urban-name heuristic
8,104,493,800486,Behror (M),Census 2011 urban-name heuristic
8,104,496,72405,Tapookra (CT),Census 2011 urban-name heuristic
8,104,496,800487,Bhiwadi (M),Census 2011 urban-name heuristic
8,104,496,800488,Tijara (M),Census 2011 urban-name heuristic
8,104,497,72517,Kishangarh (CT),Census 2011 urban-name heuristic
8,104,497,800489,Khairthal (M),Census 2011 urban-name heuristic
8,104,498,72695,Ramgarh (CT),Census 2011 urban-name heuristic
8,104,499,72893,Bhoogar (CT),Census 2011 urban-name heuristic
8,104,499,72894,Diwakari (CT),Census 2011 urban-name heuristic
8,104,499,72895,Desoola (CT),Census 2011 urban-name heuristic
8,104,499,72896,Belaka (OG),Census 2011 urban-name heuristic
8,104,499,72897,Mannaka (OG),Census 2011 urban-name heuristic
8,104,499,800490,Alwar (M Cl + OG),Census 2011 urban-name heuristic
8,104,499,800490,Alwar (M Cl),Census 2011 urban-name heuristic
8,104,502,800491,Rajgarh (M),Census 2011 urban-name heuristic
8,104,503,73683,Govindgarh (CT),Census 2011 urban-name heuristic
8,104,504,800492,Kherli (M),Census 2011 urban-name heuristic
8,105,506,800493,Kaman (M),Census 2011 urban-name heuristic
8,105,507,800494,Nagar (M),Census 2011 urban-name heuristic
8,105,508,800495,Deeg (M),Census 2011 urban-name heuristic
8,105,509,800496,Nadbai (M),Census 2011 urban-name heuristic
8,105,510,800497,Kumher (M),Census 2011 urban-name heuristic
8,105,511,74722,Jagheena Rural (OG) (Part),Census 2011 urban-name heuristic
8,105,511,74723,Bhawanpura (OG) (Part),Census 2011 urban-name heuristic
8,105,511,74779,Jatoli Ghana (Rural) (OG) (Part),Census 2011 urban-name heuristic
8,105,511,800498,Bharatpur (M Cl + OG),Census 2011 urban-name heuristic
8,105,511,800498,Bharatpur (M Cl),Census 2011 urban-name heuristic
8,105,512,800499,Bhusawar (M),Census 2011 urban-name heuristic
8,105,512,800500,Weir (M),Census 2011 urban-name heuristic
8,105,513,75197,Bayana ( Rural ) (CT),Census 2011 urban-name heuristic
8,105,513,800501,Bayana (M),Census 2011 urban-name heuristic
8,106,515,75562,Sarmathura (CT),Census 2011 urban-name heuristic
8,106,516,800502,Bari (M),Census 2011 urban-name heuristic
8,106,518,76067,Tagawali (OG),Census 2011 urban-name heuristic
8,106,518,76068,Purani Chhawni (OG),Census 2011 urban-name heuristic
8,106,518,800503,Dhaulpur (M),Census 2011 urban-name heuristic
8,106,519,800504,Rajakhera (M),Census 2011 urban-name heuristic
8,107,520,800505,Todabhim (M),Census 2011 urban-name heuristic
8,107,522,800506,Hindaun (M),Census 2011 urban-name heuristic
8,107,523,800507,Karauli (M),Census 2011 urban-name heuristic
8,107,525,77072,Sapotra (CT),Census 2011 urban-name heuristic
8,108,526,77198,Mahu Kalan (CT),Census 2011 urban-name heuristic
8,108,526,800508,Gangapur City (M),Census 2011 urban-name heuristic
8,108,529,77533,Kasba Bonli (CT),Census 2011 urban-name heuristic
8,108,531,800509,Sawai Madhopur (M),Census 2011 urban-name heuristic
8,109,533,800510,Bandikui (M),Census 2011 urban-name heuristic
8,109,534,78281,Mandawar (CT),Census 2011 urban-name heuristic
8,109,534,78282,Mahwa (CT),Census 2011 urban-name heuristic
8,109,536,800511,Dausa (M),Census 2011 urban-name heuristic
8,109,537,800512,Lalsot (M),Census 2011 urban-name heuristic
8,110,0,800522,Jaipur (M Corp.),Census 2011 urban-name heuristic
8,110,538,800513,Kotputli (M),Census 2011 urban-name heuristic
8,110,539,800514,Viratnagar (M),Census 2011 urban-name heuristic
8,110,540,79345,Manoharpur (CT),Census 2011 urban-name heuristic
8,110,540,800515,Shahpura (M),Census 2011 urban-name heuristic
8,110,541,79460,Govindgarh (CT),Census 2011 urban-name heuristic
8,110,541,800516,Chomu (M),Census 2011 urban-name heuristic
8,110,542,79634,Dayal Nagar (OG) (Part),Census 2011 urban-name heuristic
8,110,542,79635,Shyam Nagar (OG) (Part),Census 2011 urban-name heuristic
8,110,542,800517,Kishangarh Renwal (M),Census 2011 urban-name heuristic
8,110,542,800518,Sambhar (M),Census 2011 urban-name heuristic
8,110,542,800519,Phulera (M),Census 2011 urban-name heuristic
8,110,542,800520,Jobner (M),Census 2011 urban-name heuristic
8,110,545,800521,Bagru (M),Census 2011 urban-name heuristic
8,110,545,800522,Jaipur (M Corp.) (Part),Census 2011 urban-name heuristic
8,110,546,80247,Bagrana (CT),Census 2011 urban-name heuristic
8,110,546,800522,Jaipur (M Corp.) (Part),Census 2011 urban-name heuristic
8,110,547,80443,Akedadoongar (CT),Census 2011 urban-name heuristic
8,110,547,800522,Jaipur (M Corp.) (Part),Census 2011 urban-name heuristic
8,110,548,80685,Jamwa Ramgarh (CT),Census 2011 urban-name heuristic
8,110,549,80898,Kanota (CT),Census 2011 urban-name heuristic
8,110,549,80899,Bassi (CT),Census 2011 urban-name heuristic
8,110,549,80900,Baskhoh (CT),Census 2011 urban-name heuristic
8,110,550,800523,Chaksu (M),Census 2011 urban-name heuristic
8,111,551,800524,Ramgarh (M),Census 2011 urban-name heuristic
8,111,551,800525,Fatehpur (M),Census 2011 urban-name heuristic
8,111,552,800526,Lachhmangarh (M),Census 2011 urban-name heuristic
8,111,553,81559,Radakrishanpura Rural (OG) (Part),Census 2011 urban-name heuristic
8,111,553,81566,Chandrapura Rural (OG) (Part),Census 2011 urban-name heuristic
8,111,553,81686,Samrathpura (Rural) (OG),Census 2011 urban-name heuristic
8,111,553,81687,Shivsinghpura (OG),Census 2011 urban-name heuristic
8,111,553,800527,Sikar (M Cl + OG),Census 2011 urban-name heuristic
8,111,553,800527,Sikar (M Cl),Census 2011 urban-name heuristic
8,111,554,81930,Danta (CT),Census 2011 urban-name heuristic
8,111,554,81931,Ramgarh (CT),Census 2011 urban-name heuristic
8,111,554,81932,Bay (CT),Census 2011 urban-name heuristic
8,111,554,800528,Losal (M),Census 2011 urban-name heuristic
8,111,555,81951,Dayra (OG) (Part),Census 2011 urban-name heuristic
8,111,555,81960,Khandela (Rural) (OG) (Part),Census 2011 urban-name heuristic
8,111,555,81961,Mehro Ki Dhani (OG) (Part),Census 2011 urban-name heuristic
8,111,555,82168,Kanwat (CT),Census 2011 urban-name heuristic
8,111,555,82169,Ajeetgarh (CT),Census 2011 urban-name heuristic
8,111,555,800529,Khandela (M),Census 2011 urban-name heuristic
8,111,555,800530,Sri Madhopur (M),Census 2011 urban-name heuristic
8,111,555,800531,Reengus (M),Census 2011 urban-name heuristic
8,111,556,82362,Guhala (CT),Census 2011 urban-name heuristic
8,111,556,800532,Neem-Ka-Thana (M),Census 2011 urban-name heuristic
8,112,557,800533,Ladnu (M),Census 2011 urban-name heuristic
8,112,558,82463,Didwana (Rural) (OG) (Part),Census 2011 urban-name heuristic
8,112,558,800534,Didwana (M),Census 2011 urban-name heuristic
8,112,560,82900,Tausar (OG) (Part),Census 2011 urban-name heuristic
8,112,560,82987,Basni Belima (CT),Census 2011 urban-name heuristic
8,112,560,82988,Chenar Village (CT),Census 2011 urban-name heuristic
8,112,560,82989,Manasar Village (OG),Census 2011 urban-name heuristic
8,112,560,800535,Nagaur (M),Census 2011 urban-name heuristic
8,112,560,800536,Mundwa (M),Census 2011 urban-name heuristic
8,112,560,800537,Kuchera (M),Census 2011 urban-name heuristic
8,112,562,83283,Gothan (CT),Census 2011 urban-name heuristic
8,112,562,83284,Merta Road (CT),Census 2011 urban-name heuristic
8,112,562,800538,Merta City (M),Census 2011 urban-name heuristic
8,112,563,83490,Jhagarwas (CT),Census 2011 urban-name heuristic
8,112,563,83491,Goredi Chancha (CT),Census 2011 urban-name heuristic
8,112,564,83497,Dirdhani (OG) (Part),Census 2011 urban-name heuristic
8,112,564,800539,Parbatsar (M),Census 2011 urban-name heuristic
8,112,565,83743,Borawar (CT),Census 2011 urban-name heuristic
8,112,565,83744,Makrana Village (CT),Census 2011 urban-name heuristic
8,112,565,800540,Makrana (M),Census 2011 urban-name heuristic
8,112,566,800541,Kuchaman City (M),Census 2011 urban-name heuristic
8,112,566,800542,Nawa (M),Census 2011 urban-name heuristic
8,113,567,84201,Phalodi (Rural) (OG) (Part),Census 2011 urban-name heuristic
8,113,567,800543,Phalodi (M),Census 2011 urban-name heuristic
8,113,570,84931,Mandor Ind.Area (OG) (Part),Census 2011 urban-name heuristic
8,113,570,85020,Nandri (CT),Census 2011 urban-name heuristic
8,113,570,85021,Sangariya (CT),Census 2011 urban-name heuristic
8,113,570,85022,Kuri Bhagtasani (CT),Census 2011 urban-name heuristic
8,113,570,85023,Pal Village (OG),Census 2011 urban-name heuristic
8,113,570,800544,Jodhpur (M Corp. + OG),Census 2011 urban-name heuristic
8,113,570,800544,Jodhpur (M Corp.),Census 2011 urban-name heuristic
8,113,573,800545,Pipar City (M),Census 2011 urban-name heuristic
8,113,573,800546,Bilara (M),Census 2011 urban-name heuristic
8,114,574,800547,Jaisalmer (M),Census 2011 urban-name heuristic
8,114,575,800548,Pokaran (M),Census 2011 urban-name heuristic
8,115,579,800549,Balotra (M),Census 2011 urban-name heuristic
8,115,581,88172,Dhorimanna (CT),Census 2011 urban-name heuristic
8,115,582,88468,Utarlai (CT),Census 2011 urban-name heuristic
8,115,582,800550,Barmer (M),Census 2011 urban-name heuristic
8,116,586,89253,Ahore (CT),Census 2011 urban-name heuristic
8,116,587,800551,Jalor (M),Census 2011 urban-name heuristic
8,116,588,800552,Bhinmal (M),Census 2011 urban-name heuristic
8,116,590,800553,Sanchore (M),Census 2011 urban-name heuristic
8,117,592,89907,Kesarpur (OG) (Part),Census 2011 urban-name heuristic
8,117,592,800554,Sheoganj (M),Census 2011 urban-name heuristic
8,117,593,90024,Goyli (CT),Census 2011 urban-name heuristic
8,117,593,800555,Sirohi (M),Census 2011 urban-name heuristic
8,117,594,90133,Bhavri (CT),Census 2011 urban-name heuristic
8,117,594,800556,Pindwara (M),Census 2011 urban-name heuristic
8,117,595,90219,Santpur (Rural) (CT),Census 2011 urban-name heuristic
8,117,595,90220,Dananav (OG),Census 2011 urban-name heuristic
8,117,595,800557,Mount Abu (M),Census 2011 urban-name heuristic
8,117,595,800558,Abu Road (M),Census 2011 urban-name heuristic
8,117,596,90348,Reodar (CT),Census 2011 urban-name heuristic
8,118,597,800559,Jaitaran (M),Census 2011 urban-name heuristic
8,118,599,90726,Sojat Road (CT),Census 2011 urban-name heuristic
8,118,599,800560,Sojat (M),Census 2011 urban-name heuristic
8,118,601,800561,Pali (M Cl),Census 2011 urban-name heuristic
8,118,602,91065,Marwar Junction (CT),Census 2011 urban-name heuristic
8,118,603,800562,Rani (M),Census 2011 urban-name heuristic
8,118,603,800563,Sadri (M),Census 2011 urban-name heuristic
8,118,604,800564,Takhatgarh (M),Census 2011 urban-name heuristic
8,118,604,800565,Sumerpur (M),Census 2011 urban-name heuristic
8,118,605,800566,Falna (M),Census 2011 urban-name heuristic
8,118,605,800567,Bali (M),Census 2011 urban-name heuristic
8,119,606,800568,Kishangarh (M Cl),Census 2011 urban-name heuristic
8,119,607,91641,Boraj-Kazipura (CT),Census 2011 urban-name heuristic
8,119,607,91642,Badlya (CT),Census 2011 urban-name heuristic
8,119,607,800569,Pushkar (M),Census 2011 urban-name heuristic
8,119,607,800570,Ajmer (M Corp.),Census 2011 urban-name heuristic
8,119,609,91757,Govindpura (OG) (Part),Census 2011 urban-name heuristic
8,119,609,91758,Ganeshpura (OG) (Part),Census 2011 urban-name heuristic
8,119,609,645588,Nayanagar (OG),Census 2011 urban-name heuristic
8,119,609,800571,Beawar (M Cl + OG),Census 2011 urban-name heuristic
8,119,609,800571,Beawar (M Cl),Census 2011 urban-name heuristic
8,119,610,92091,Baral (CT),Census 2011 urban-name heuristic
8,119,610,800572,Vijainagar (M),Census 2011 urban-name heuristic
8,119,611,800573,Nasirabad (CB),Census 2011 urban-name heuristic
8,119,613,800574,Sarwar (M),Census 2011 urban-name heuristic
8,119,614,800575,Kekri (M),Census 2011 urban-name heuristic
8,120,615,92624,Malpura (Rural) (OG) (Part),Census 2011 urban-name heuristic
8,120,615,92655,Brijlalnagar (OG),Census 2011 urban-name heuristic
8,120,615,800576,Malpura (M),Census 2011 urban-name heuristic
8,120,617,92991,Banasthali (CT),Census 2011 urban-name heuristic
8,120,617,800577,Niwai (M),Census 2011 urban-name heuristic
8,120,618,800578,Tonk (M Cl),Census 2011 urban-name heuristic
8,120,619,800579,Todaraisingh (M),Census 2011 urban-name heuristic
8,120,620,800580,Deoli (M),Census 2011 urban-name heuristic
8,120,621,93680,Aligarh (CT),Census 2011 urban-name heuristic
8,120,621,800581,Uniara (M),Census 2011 urban-name heuristic
8,121,623,800582,Nainwa (M),Census 2011 urban-name heuristic
8,121,624,94175,Sumerganj Mandi (CT),Census 2011 urban-name heuristic
8,121,624,800583,Indragarh (M),Census 2011 urban-name heuristic
8,121,624,800584,Lakheri (M),Census 2011 urban-name heuristic
8,121,625,800585,Keshoraipatan (M),Census 2011 urban-name heuristic
8,121,625,800586,Kaprain (M),Census 2011 urban-name heuristic
8,121,626,93865,Dalelpura (OG),Census 2011 urban-name heuristic
8,121,626,94556,Talera (CT),Census 2011 urban-name heuristic
8,121,626,94557,Budhpura (CT),Census 2011 urban-name heuristic
8,121,626,800587,Bundi (M),Census 2011 urban-name heuristic
8,122,627,800588,Asind (M),Census 2011 urban-name heuristic
8,122,628,800589,Gulabpura (M),Census 2011 urban-name heuristic
8,122,629,800590,Shahpura (M),Census 2011 urban-name heuristic
8,122,633,800591,Gangapur (M),Census 2011 urban-name heuristic
8,122,634,95665,Hameer Garh (CT),Census 2011 urban-name heuristic
8,122,634,800592,Bhilwara (M Cl),Census 2011 urban-name heuristic
8,122,636,800593,Jahazpur (M),Census 2011 urban-name heuristic
8,122,637,800594,Mandalgarh (M),Census 2011 urban-name heuristic
8,122,638,96393,Beejoliya Kalan (CT),Census 2011 urban-name heuristic
8,123,639,96535,Bhim (CT),Census 2011 urban-name heuristic
8,123,640,800595,Deogarh (M),Census 2011 urban-name heuristic
8,123,641,96823,Sardargarh (CT),Census 2011 urban-name heuristic
8,123,641,800596,Amet (M),Census 2011 urban-name heuristic
8,123,643,97133,Kelwa (CT),Census 2011 urban-name heuristic
8,123,643,97134,Emri (CT),Census 2011 urban-name heuristic
8,123,643,800597,Rajsamand (M),Census 2011 urban-name heuristic
8,123,645,97448,Delwara (CT),Census 2011 urban-name heuristic
8,123,645,800598,Nathdwara (M),Census 2011 urban-name heuristic
8,124,646,800599,Dungarpur (M),Census 2011 urban-name heuristic
8,124,648,98173,Galiakot (CT),Census 2011 urban-name heuristic
8,124,648,800600,Sagwara (M),Census 2011 urban-name heuristic
8,124,649,98426,Seemalwara (CT),Census 2011 urban-name heuristic
8,125,651,98874,Garhi (CT),Census 2011 urban-name heuristic
8,125,651,98875,Partapur (CT),Census 2011 urban-name heuristic
8,125,652,98994,Bhawanpura & Thikariya (OG) (Part),Census 2011 urban-name heuristic
8,125,652,800601,Banswara (M),Census 2011 urban-name heuristic
8,125,654,800602,Kushalgarh (M),Census 2011 urban-name heuristic
8,126,657,800603,Begun (M),Census 2011 urban-name heuristic
8,126,658,800604,Rawatbhata (M),Census 2011 urban-name heuristic
8,126,659,100868,Sawa (CT),Census 2011 urban-name heuristic
8,126,659,800605,Chittaurgarh (M),Census 2011 urban-name heuristic
8,126,660,800606,Kapasan (M),Census 2011 urban-name heuristic
8,126,663,800607,Nimbahera (M),Census 2011 urban-name heuristic
8,126,664,800608,Bari Sadri (M),Census 2011 urban-name heuristic
8,127,667,800609,Kota (M Corp.),Census 2011 urban-name heuristic
8,127,667,800610,Kaithoon (M),Census 2011 urban-name heuristic
8,127,668,102329,Chechat (CT),Census 2011 urban-name heuristic
8,127,668,102330,Modak (CT),Census 2011 urban-name heuristic
8,127,668,102331,Khairabad (CT),Census 2011 urban-name heuristic
8,127,668,102332,Udpura (CT),Census 2011 urban-name heuristic
8,127,668,102333,Satalkheri (CT),Census 2011 urban-name heuristic
8,127,668,102334,Suket (CT),Census 2011 urban-name heuristic
8,127,668,102335,Kumbhkot (CT),Census 2011 urban-name heuristic
8,127,668,800611,Ramganj Mandi (M),Census 2011 urban-name heuristic
8,127,669,800612,Sangod (M),Census 2011 urban-name heuristic
8,128,670,800613,Mangrol (M),Census 2011 urban-name heuristic
8,128,671,800614,Antah (M),Census 2011 urban-name heuristic
8,128,672,800615,Baran (M),Census 2011 urban-name heuristic
8,128,673,102950,Kherliganj (CT),Census 2011 urban-name heuristic
8,128,673,102951,Atru (CT),Census 2011 urban-name heuristic
8,128,673,102952,Kawai (CT),Census 2011 urban-name heuristic
8,128,676,800616,Chhabra (M),Census 2011 urban-name heuristic
8,128,677,103778,Chhipabarod (CT),Census 2011 urban-name heuristic
8,129,678,103985,Khanpur (CT),Census 2011 urban-name heuristic
8,129,679,104376,Bakani (CT),Census 2011 urban-name heuristic
8,129,679,800617,Jhalawar (M),Census 2011 urban-name heuristic
8,129,679,800618,Jhalrapatan (M),Census 2011 urban-name heuristic
8,129,680,800619,Aklera (M),Census 2011 urban-name heuristic
8,129,681,104837,Manoharthana (CT),Census 2011 urban-name heuristic
8,129,682,800620,Bhawani Mandi (M),Census 2011 urban-name heuristic
8,129,683,800621,Pirawa (M),Census 2011 urban-name heuristic
8,129,684,105388,Kolvi @ Mandi Rajendrapur (CT),Census 2011 urban-name heuristic
8,130,685,105568,Mavli (CT),Census 2011 urban-name heuristic
8,130,685,800622,Fatehnagar (M),Census 2011 urban-name heuristic
8,130,686,105801,Gogunda (CT),Census 2011 urban-name heuristic
8,130,689,106672,Bedla (CT),Census 2011 urban-name heuristic
8,130,689,106673,Bargaon (Rural) (CT),Census 2011 urban-name heuristic
8,130,689,106674,Bhuwana (CT),Census 2011 urban-name heuristic
8,130,689,106675,Bichhri (CT),Census 2011 urban-name heuristic
8,130,689,800623,Udaipur (M Cl),Census 2011 urban-name heuristic
8,130,690,800624,Bhinder (M),Census 2011 urban-name heuristic
8,130,690,800625,Kanor (M),Census 2011 urban-name heuristic
8,130,692,800626,Salumbar (M),Census 2011 urban-name heuristic
8,130,693,107554,Bhalariya (CT),Census 2011 urban-name heuristic
8,130,693,107555,Newa Talai (CT),Census 2011 urban-name heuristic
8,130,693,107556,Chawand (CT),Census 2011 urban-name heuristic
8,130,693,107557,Semari (CT),Census 2011 urban-name heuristic
8,130,694,107683,Rishabhdeo (CT),Census 2011 urban-name heuristic
8,130,695,107879,Kherwara Chhaoni (CT),Census 2011 urban-name heuristic
8,131,696,108047,Dhariawad (CT),Census 2011 urban-name heuristic
8,131,698,800627,Chhoti Sadri (M),Census 2011 urban-name heuristic
8,131,699,800628,Pratapgarh (M),Census 2011 urban-name heuristic
9,132,701,109208,Chhutmalpur (CT),Census 2011 urban-name heuristic
9,132,701,800629,Behat (NP),Census 2011 urban-name heuristic
9,132,702,109634,Gagalhedi Must. (CT),Census 2011 urban-name heuristic
9,132,702,109635,Malhipur (CT),Census 2011 urban-name heuristic
9,132,702,109636,Kailashpur (CT),Census 2011 urban-name heuristic
9,132,702,800630,Saharanpur (M Corp.),Census 2011 urban-name heuristic
9,132,703,800631,Chilkana Sultanpur (NP),Census 2011 urban-name heuristic
9,132,703,800632,Sarsawa (NPP),Census 2011 urban-name heuristic
9,132,703,800633,Nakur (NPP),Census 2011 urban-name heuristic
9,132,703,800634,Ambehta (NP),Census 2011 urban-name heuristic
9,132,703,800635,Gangoh (NPP),Census 2011 urban-name heuristic
9,132,703,800636,Titron (NP),Census 2011 urban-name heuristic
9,132,704,110273,Ramdaspur Urf Nagal (CT),Census 2011 urban-name heuristic
9,132,704,800637,Deoband (NPP),Census 2011 urban-name heuristic
9,132,705,800638,Nanauta (NP),Census 2011 urban-name heuristic
9,132,705,800639,Rampur Maniharan (NP),Census 2011 urban-name heuristic
9,133,706,800640,Un (NP),Census 2011 urban-name heuristic
9,133,706,800641,Jhinjhana (NP),Census 2011 urban-name heuristic
9,133,706,800642,Kairana (NPP),Census 2011 urban-name heuristic
9,133,706,800643,Kandhla (NPP),Census 2011 urban-name heuristic
9,133,707,800644,Ailam (NP),Census 2011 urban-name heuristic
9,133,707,800645,Shamli (NPP),Census 2011 urban-name heuristic
9,133,707,800646,Banat (NP),Census 2011 urban-name heuristic
9,133,707,800647,Garhi Pukhta (NP),Census 2011 urban-name heuristic
9,133,707,800648,Thana Bhawan (NP),Census 2011 urban-name heuristic
9,133,707,800649,Jalalabad (NP),Census 2011 urban-name heuristic
9,133,708,111037,Sarwat (CT),Census 2011 urban-name heuristic
9,133,708,111038,Shahbudinpur (CT),Census 2011 urban-name heuristic
9,133,708,111039,Almaspur (CT),Census 2011 urban-name heuristic
9,133,708,111040,Kukra (CT),Census 2011 urban-name heuristic
9,133,708,111041,Lakhnauti (OG),Census 2011 urban-name heuristic
9,133,708,111042,Sethpura (OG),Census 2011 urban-name heuristic
9,133,708,800650,Purquazi (NP + OG),Census 2011 urban-name heuristic
9,133,708,800650,Purquazi (NP),Census 2011 urban-name heuristic
9,133,708,800651,Charthawal (NP),Census 2011 urban-name heuristic
9,133,708,800652,Muzaffarnagar (NPP),Census 2011 urban-name heuristic
9,133,709,111162,Safipur Patti (OG),Census 2011 urban-name heuristic
9,133,709,800653,Sisauli (NP),Census 2011 urban-name heuristic
9,133,709,800654,Budhana (NP + OG),Census 2011 urban-name heuristic
9,133,709,800654,Budhana (NP),Census 2011 urban-name heuristic
9,133,709,800655,Shahpur (NP),Census 2011 urban-name heuristic
9,133,710,111300,Khanupur (CT),Census 2011 urban-name heuristic
9,133,710,111301,Shekhpura (CT),Census 2011 urban-name heuristic
9,133,710,111302,Khatauli Rural (CT),Census 2011 urban-name heuristic
9,133,710,800656,Khatauli (NPP),Census 2011 urban-name heuristic
9,133,711,800657,Jansath (NP),Census 2011 urban-name heuristic
9,133,711,800658,Bhokarhedi (NP),Census 2011 urban-name heuristic
9,133,711,800659,Miranpur (NP),Census 2011 urban-name heuristic
9,134,712,111863,Canal Colony (OG) (Part),Census 2011 urban-name heuristic
9,134,712,112010,Tatarpur Lallu (CT),Census 2011 urban-name heuristic
9,134,712,112011,Ambedkar Nagar (OG),Census 2011 urban-name heuristic
9,134,712,800660,Sahanpur (NP),Census 2011 urban-name heuristic
9,134,712,800661,Najibabad (NPP),Census 2011 urban-name heuristic
9,134,712,800662,Jalalabad (NP),Census 2011 urban-name heuristic
9,134,712,800663,Kiratpur (NPP + OG),Census 2011 urban-name heuristic
9,134,712,800663,Kiratpur (NPP),Census 2011 urban-name heuristic
9,134,713,112563,Rashidpur Garhi (CT),Census 2011 urban-name heuristic
9,134,713,112564,Mukrampur Khema (CT),Census 2011 urban-name heuristic
9,134,713,800664,Mandawar (NP),Census 2011 urban-name heuristic
9,134,713,800665,Bijnor (NPP),Census 2011 urban-name heuristic
9,134,713,800666,Jhalu (NP),Census 2011 urban-name heuristic
9,134,713,800667,Haldaur (NPP),Census 2011 urban-name heuristic
9,134,714,113101,Kotwali (CT),Census 2011 urban-name heuristic
9,134,714,800668,Nagina (NPP),Census 2011 urban-name heuristic
9,134,714,800669,Warhapur (NP),Census 2011 urban-name heuristic
9,134,715,113991,Sadruddin Nagar (CT),Census 2011 urban-name heuristic
9,134,715,113992,Dhampur Husainpur (CT),Census 2011 urban-name heuristic
9,134,715,113993,Alhaipur (CT),Census 2011 urban-name heuristic
9,134,715,113994,"Usmannagar,Bijli Colony and Nai Abadi (OG)",Census 2011 urban-name heuristic
9,134,715,800670,Afzalgarh (NPP),Census 2011 urban-name heuristic
9,134,715,800671,Sherkot (NPP),Census 2011 urban-name heuristic
9,134,715,800672,Dhampur (NPP),Census 2011 urban-name heuristic
9,134,715,800673,Nehtaur (NPP),Census 2011 urban-name heuristic
9,134,715,800674,Seohara (NPP + OG),Census 2011 urban-name heuristic
9,134,715,800674,Seohara (NPP),Census 2011 urban-name heuristic
9,134,715,800675,Sahaspur (NP),Census 2011 urban-name heuristic
9,134,716,114483,Basta (CT),Census 2011 urban-name heuristic
9,134,716,800676,Noorpur (NPP),Census 2011 urban-name heuristic
9,134,716,800677,Chandpur (NPP),Census 2011 urban-name heuristic
9,135,717,800678,Thakurdwara (NPP),Census 2011 urban-name heuristic
9,135,718,114993,Gadhi (CT),Census 2011 urban-name heuristic
9,135,718,800679,Kanth (NP),Census 2011 urban-name heuristic
9,135,718,800680,Umri Kalan (NP),Census 2011 urban-name heuristic
9,135,719,115310,Got (CT),Census 2011 urban-name heuristic
9,135,719,115311,Barwara Mazra (CT),Census 2011 urban-name heuristic
9,135,719,115312,Pakbara (CT),Census 2011 urban-name heuristic
9,135,719,800681,Bhojpur Dharampur (NP),Census 2011 urban-name heuristic
9,135,719,800682,Moradabad (M Corp.),Census 2011 urban-name heuristic
9,135,720,115652,Rustamnagar Sahaspur (CT),Census 2011 urban-name heuristic
9,135,720,800683,Kundarki (NP),Census 2011 urban-name heuristic
9,135,720,800684,Bilari (NPP),Census 2011 urban-name heuristic
9,135,721,800685,Sirsi (NP),Census 2011 urban-name heuristic
9,135,721,800686,Sambhal (NPP),Census 2011 urban-name heuristic
9,135,722,800687,Bahjoi (NPP),Census 2011 urban-name heuristic
9,135,722,800688,Narauli (NP),Census 2011 urban-name heuristic
9,135,722,800689,Chandausi (NPP),Census 2011 urban-name heuristic
9,136,723,800690,Maswasi (NP),Census 2011 urban-name heuristic
9,136,723,800691,Suar (NPP),Census 2011 urban-name heuristic
9,136,724,800692,Tanda (NPP),Census 2011 urban-name heuristic
9,136,725,800693,Bilaspur (NPP),Census 2011 urban-name heuristic
9,136,725,800694,Kemri (NP),Census 2011 urban-name heuristic
9,136,726,117035,Saijni Nankar (CT),Census 2011 urban-name heuristic
9,136,726,117036,Ajitpur (CT),Census 2011 urban-name heuristic
9,136,726,800695,Rampur (NPP),Census 2011 urban-name heuristic
9,136,727,800696,Shahabad (NP),Census 2011 urban-name heuristic
9,136,728,800697,Milak (NPP),Census 2011 urban-name heuristic
9,137,729,800698,Dhanaura (NPP),Census 2011 urban-name heuristic
9,137,729,800699,Bachhraon (NPP),Census 2011 urban-name heuristic
9,137,729,800700,Gajraula (NP),Census 2011 urban-name heuristic
9,137,730,118195,Beelna (CT),Census 2011 urban-name heuristic
9,137,730,800701,Naugawan Sadat (NP),Census 2011 urban-name heuristic
9,137,730,800702,Amroha (NPP),Census 2011 urban-name heuristic
9,137,730,800703,Joya (NP),Census 2011 urban-name heuristic
9,137,731,800704,Hasanpur (NPP),Census 2011 urban-name heuristic
9,137,731,800705,Ujhari (NP),Census 2011 urban-name heuristic
9,138,732,800706,Karnawal (NP),Census 2011 urban-name heuristic
9,138,732,800707,Sardhana (NPP),Census 2011 urban-name heuristic
9,138,732,800708,Daurala (NP),Census 2011 urban-name heuristic
9,138,732,800709,Lawar (NP),Census 2011 urban-name heuristic
9,138,733,800710,Phalauda (NP),Census 2011 urban-name heuristic
9,138,733,800711,Bahsuma (NP),Census 2011 urban-name heuristic
9,138,733,800712,Hastinapur (NP),Census 2011 urban-name heuristic
9,138,733,800713,Mawana (NPP),Census 2011 urban-name heuristic
9,138,733,800714,Parikshitgarh (NP),Census 2011 urban-name heuristic
9,138,733,800715,Kithaur (NP),Census 2011 urban-name heuristic
9,138,734,119234,Sindhawali (CT),Census 2011 urban-name heuristic
9,138,734,119235,Amehra Adipur (CT),Census 2011 urban-name heuristic
9,138,734,119236,Aminagar Urf Bhurbaral (CT),Census 2011 urban-name heuristic
9,138,734,119237,Mohiuddinpur (CT),Census 2011 urban-name heuristic
9,138,734,800716,Meerut (M Corp.),Census 2011 urban-name heuristic
9,138,734,800717,Meerut (CB),Census 2011 urban-name heuristic
9,138,734,800718,Sewalkhas (NP),Census 2011 urban-name heuristic
9,138,734,800719,Kharkhoda (NP),Census 2011 urban-name heuristic
9,139,735,800720,Chhaprauli (NP),Census 2011 urban-name heuristic
9,139,735,800721,Tikri (NP),Census 2011 urban-name heuristic
9,139,735,800722,Doghat (NP),Census 2011 urban-name heuristic
9,139,735,800723,Baraut (NPP),Census 2011 urban-name heuristic
9,139,736,800724,Baghpat (NPP),Census 2011 urban-name heuristic
9,139,736,800725,Agarwal Mandi (Tatiri) (NP),Census 2011 urban-name heuristic
9,139,736,800726,Aminagar Sarai (NP),Census 2011 urban-name heuristic
9,139,737,800727,Khekada (NP),Census 2011 urban-name heuristic
9,140,738,119671,Abupur (CT),Census 2011 urban-name heuristic
9,140,738,119672,Basantpur Saitli (CT),Census 2011 urban-name heuristic
9,140,738,119673,Muradgram Pur Pursi (CT),Census 2011 urban-name heuristic
9,140,738,119674,Sikri Kalan (CT),Census 2011 urban-name heuristic
9,140,738,119675,Rori (CT),Census 2011 urban-name heuristic
9,140,738,119676,Aurangabad Gadana (CT),Census 2011 urban-name heuristic
9,140,738,119677,Bisokhar (CT),Census 2011 urban-name heuristic
9,140,738,119678,Begumabad Budhana (CT),Census 2011 urban-name heuristic
9,140,738,119679,Ordnance Factory Muradnagar (CT),Census 2011 urban-name heuristic
9,140,738,800728,Patala (NP),Census 2011 urban-name heuristic
9,140,738,800729,Niwari (NP),Census 2011 urban-name heuristic
9,140,738,800730,Modinagar (NPP),Census 2011 urban-name heuristic
9,140,738,800731,Faridnagar (NP),Census 2011 urban-name heuristic
9,140,738,800732,Muradnagar (NPP),Census 2011 urban-name heuristic
9,140,739,119758,Pavi Sadakpur (CT),Census 2011 urban-name heuristic
9,140,739,119759,Haqiqatpur Urf Khudawas (CT),Census 2011 urban-name heuristic
9,140,739,119760,Banthla (CT),Census 2011 urban-name heuristic
9,140,739,119761,Khora (CT),Census 2011 urban-name heuristic
9,140,739,800733,Loni (NPP),Census 2011 urban-name heuristic
9,140,739,800734,Ghaziabad (M Corp.),Census 2011 urban-name heuristic
9,140,739,800735,Dasna (NP),Census 2011 urban-name heuristic
9,140,740,800736,Pilkhuwa (NPP),Census 2011 urban-name heuristic
9,140,740,800737,Hapur (NPP),Census 2011 urban-name heuristic
9,140,740,800738,Babugarh (NP),Census 2011 urban-name heuristic
9,140,741,120113,Buxer (CT),Census 2011 urban-name heuristic
9,140,741,800739,Garhmukhteshwar (NPP),Census 2011 urban-name heuristic
9,141,742,120224,Chipyana Buzurg (CT),Census 2011 urban-name heuristic
9,141,742,120225,Chhapraula (CT),Census 2011 urban-name heuristic
9,141,742,120226,Patadi (CT),Census 2011 urban-name heuristic
9,141,742,120227,Noida (CT),Census 2011 urban-name heuristic
9,141,742,120228,Salarpur Khadar (CT),Census 2011 urban-name heuristic
9,141,742,800740,Dadri (NPP),Census 2011 urban-name heuristic
9,141,743,120347,Greater Noida (CT),Census 2011 urban-name heuristic
9,141,743,120348,Kherli Hafizpur (CT),Census 2011 urban-name heuristic
9,141,743,800741,Bilaspur (NP),Census 2011 urban-name heuristic
9,141,743,800742,Dankaur (NP),Census 2011 urban-name heuristic
9,141,744,800743,Rabupura (NP),Census 2011 urban-name heuristic
9,141,744,800744,Jahangirpur (NP),Census 2011 urban-name heuristic
9,141,744,800745,Jewar (NP),Census 2011 urban-name heuristic
9,142,745,800746,Sikandrabad (NPP),Census 2011 urban-name heuristic
9,142,745,800747,Kakod (NP),Census 2011 urban-name heuristic
9,142,746,120827,Bahalimpura (CT),Census 2011 urban-name heuristic
9,142,746,120828,Hiarpur (OG),Census 2011 urban-name heuristic
9,142,746,120829,Tanda (OG),Census 2011 urban-name heuristic
9,142,746,120830,Mau Khera (OG),Census 2011 urban-name heuristic
9,142,746,120831,Chandpur (OG),Census 2011 urban-name heuristic
9,142,746,120832,Mohankuti (OG),Census 2011 urban-name heuristic
9,142,746,120833,Bhaipura (OG),Census 2011 urban-name heuristic
9,142,746,800748,Aurangabad (NP),Census 2011 urban-name heuristic
9,142,746,800749,Bulandshahr (NPP + OG),Census 2011 urban-name heuristic
9,142,746,800749,Bulandshahr (NPP),Census 2011 urban-name heuristic
9,142,746,800750,Gulaothi (NPP),Census 2011 urban-name heuristic
9,142,747,800751,Bhawan Bahadur Nagar (NP),Census 2011 urban-name heuristic
9,142,747,800752,Siana (NPP),Census 2011 urban-name heuristic
9,142,747,800753,Bugrasi (NP),Census 2011 urban-name heuristic
9,142,747,800754,Khanpur (NP),Census 2011 urban-name heuristic
9,142,748,800755,Anupshahr (NPP),Census 2011 urban-name heuristic
9,142,748,800756,Jahangirabad (NPP),Census 2011 urban-name heuristic
9,142,749,800757,Dibai (NPP),Census 2011 urban-name heuristic
9,142,749,800758,Naraura (NP),Census 2011 urban-name heuristic
9,142,750,800759,Shikarpur (NPP),Census 2011 urban-name heuristic
9,142,750,800760,Pahasu (NP),Census 2011 urban-name heuristic
9,142,750,800761,Chhatari (NP),Census 2011 urban-name heuristic
9,142,751,121690,Hasangarh (CT),Census 2011 urban-name heuristic
9,142,751,121691,Khurja Rural (CT),Census 2011 urban-name heuristic
9,142,751,121692,Maina Maujpur (CT),Census 2011 urban-name heuristic
9,142,751,121693,Murari Nagar (OG),Census 2011 urban-name heuristic
9,142,751,800762,Khurja (NPP + OG),Census 2011 urban-name heuristic
9,142,751,800762,Khurja (NPP),Census 2011 urban-name heuristic
9,143,752,800763,Jatari (NP),Census 2011 urban-name heuristic
9,143,752,800764,Khair (NPP),Census 2011 urban-name heuristic
9,143,753,122031,Gabhana (CT),Census 2011 urban-name heuristic
9,143,754,122337,Gangiri (CT),Census 2011 urban-name heuristic
9,143,754,800765,Atrauli (NPP),Census 2011 urban-name heuristic
9,143,754,800766,Chharra Rafatpur (NP),Census 2011 urban-name heuristic
9,143,755,122709,Qasimpur Power House Colony (CT),Census 2011 urban-name heuristic
9,143,755,122710,Sarsaul (CT),Census 2011 urban-name heuristic
9,143,755,122711,Ashrafpur Jalal (CT),Census 2011 urban-name heuristic
9,143,755,122712,Deosaini (CT),Census 2011 urban-name heuristic
9,143,755,122713,Kwarasi (CT),Census 2011 urban-name heuristic
9,143,755,122714,Rampur (CT),Census 2011 urban-name heuristic
9,143,755,122715,Manjoor Garhi (CT),Census 2011 urban-name heuristic
9,143,755,122716,Ramgarh Panjoopur (CT),Census 2011 urban-name heuristic
9,143,755,122717,Dhaurra Mafi (CT),Census 2011 urban-name heuristic
9,143,755,122718,Dhanipur (CT),Census 2011 urban-name heuristic
9,143,755,800767,Harduaganj (NP),Census 2011 urban-name heuristic
9,143,755,800768,Aligarh (M Corp.),Census 2011 urban-name heuristic
9,143,755,800769,Jalali (NP),Census 2011 urban-name heuristic
9,143,755,800770,Kauriaganj (NP),Census 2011 urban-name heuristic
9,143,755,800771,Pilkhana (NP),Census 2011 urban-name heuristic
9,143,755,800772,Vijaigarh (NP),Census 2011 urban-name heuristic
9,143,756,800773,Iglas (NP),Census 2011 urban-name heuristic
9,143,756,800774,Beswan (NP),Census 2011 urban-name heuristic
9,144,757,800775,Sasni (NP),Census 2011 urban-name heuristic
9,144,758,800776,Sikandrarao (NPP),Census 2011 urban-name heuristic
9,144,758,800777,Purdilnagar (NP),Census 2011 urban-name heuristic
9,144,758,800778,Hasayan (NP),Census 2011 urban-name heuristic
9,144,759,123440,Devinagar (CT),Census 2011 urban-name heuristic
9,144,759,123441,Hathras Dehat (CT),Census 2011 urban-name heuristic
9,144,759,123442,Garhi Tamana (CT),Census 2011 urban-name heuristic
9,144,759,123443,"Indira Nagar, Anand Vihar, Vinod Vihar, Tahsil Compound, Adhikari Niwas (OG)",Census 2011 urban-name heuristic
9,144,759,800779,Mendu (NP),Census 2011 urban-name heuristic
9,144,759,800780,Hathras (NPP + OG),Census 2011 urban-name heuristic
9,144,759,800780,Hathras (NPP),Census 2011 urban-name heuristic
9,144,759,800781,Mursan (NP),Census 2011 urban-name heuristic
9,144,760,800782,Sadabad (NP),Census 2011 urban-name heuristic
9,144,760,800783,Sahpau (NP),Census 2011 urban-name heuristic
9,145,761,123783,Parsadi Ka Nagla (OG),Census 2011 urban-name heuristic
9,145,761,123784,Barhana (OG),Census 2011 urban-name heuristic
9,145,761,800784,Kosi Kalan (NPP + OG),Census 2011 urban-name heuristic
9,145,761,800784,Kosi Kalan (NPP),Census 2011 urban-name heuristic
9,145,761,800785,Nandgaon (NP),Census 2011 urban-name heuristic
9,145,761,800786,Barsana (NP),Census 2011 urban-name heuristic
9,145,761,800787,Chhata (NP),Census 2011 urban-name heuristic
9,145,761,800788,Chaumuhan (NP),Census 2011 urban-name heuristic
9,145,762,800789,Bajna (NP),Census 2011 urban-name heuristic
9,145,763,124214,Isapur Banger (CT),Census 2011 urban-name heuristic
9,145,763,800790,Raya (NP),Census 2011 urban-name heuristic
9,145,763,800791,Gokul (NP),Census 2011 urban-name heuristic
9,145,763,800792,Mahaban (NP),Census 2011 urban-name heuristic
9,145,763,800793,Baldeo (NP),Census 2011 urban-name heuristic
9,145,764,124455,Rajpur Bangar (CT),Census 2011 urban-name heuristic
9,145,764,124456,Bakalpur Mathura (CT),Census 2011 urban-name heuristic
9,145,764,124457,Pali Khera (CT),Census 2011 urban-name heuristic
9,145,764,124458,Birjapur (CT),Census 2011 urban-name heuristic
9,145,764,124459,Ranchi Bangar (CT),Census 2011 urban-name heuristic
9,145,764,124460,Aurangabad Bangar (CT),Census 2011 urban-name heuristic
9,145,764,124461,Bad (CT),Census 2011 urban-name heuristic
9,145,764,800794,Farah (NP),Census 2011 urban-name heuristic
9,145,764,800795,Vrindavan (NPP),Census 2011 urban-name heuristic
9,145,764,800796,Radhakund (NP),Census 2011 urban-name heuristic
9,145,764,800797,Govardhan (NP),Census 2011 urban-name heuristic
9,145,764,800798,Saunkh (NP),Census 2011 urban-name heuristic
9,145,764,800799,Mathura (NPP),Census 2011 urban-name heuristic
9,145,764,800800,Mathura (CB),Census 2011 urban-name heuristic
9,146,765,124572,Khandauli (CT),Census 2011 urban-name heuristic
9,146,765,800801,Etmadpur (NPP),Census 2011 urban-name heuristic
9,146,766,124689,Artauni (CT),Census 2011 urban-name heuristic
9,146,766,124690,Dehtora (CT),Census 2011 urban-name heuristic
9,146,766,124691,Patholi (CT),Census 2011 urban-name heuristic
9,146,766,124692,Kalwari (CT),Census 2011 urban-name heuristic
9,146,766,124693,Deoretha (CT),Census 2011 urban-name heuristic
9,146,766,124694,Rohta (CT),Census 2011 urban-name heuristic
9,146,766,124695,Kaulakha (CT),Census 2011 urban-name heuristic
9,146,766,124696,Nainana-Brahman (CT),Census 2011 urban-name heuristic
9,146,766,124697,Azizpur (CT),Census 2011 urban-name heuristic
9,146,766,124698,Dhanauli (CT),Census 2011 urban-name heuristic
9,146,766,124699,Nainana Jat (CT),Census 2011 urban-name heuristic
9,146,766,800802,Dayalbagh (NP),Census 2011 urban-name heuristic
9,146,766,800803,Swamibagh (NP),Census 2011 urban-name heuristic
9,146,766,800804,Agra (M Corp.),Census 2011 urban-name heuristic
9,146,766,800805,Agra (CB),Census 2011 urban-name heuristic
9,146,767,124869,Runkata (CT),Census 2011 urban-name heuristic
9,146,767,800806,Achhnera (NPP),Census 2011 urban-name heuristic
9,146,767,800807,Kiraoali (NP),Census 2011 urban-name heuristic
9,146,767,800808,Fatehpur Sikri (NPP),Census 2011 urban-name heuristic
9,146,768,800809,Jagner (NP),Census 2011 urban-name heuristic
9,146,768,800810,Kheragarh (NP),Census 2011 urban-name heuristic
9,146,769,800811,Shamsabad (NPP),Census 2011 urban-name heuristic
9,146,769,800812,Fatehabad (NP),Census 2011 urban-name heuristic
9,146,770,800813,Pinahat (NP),Census 2011 urban-name heuristic
9,146,770,800814,Bah (NPP),Census 2011 urban-name heuristic
9,147,771,125502,Tundla Railway Colony (CT),Census 2011 urban-name heuristic
9,147,771,125503,Tundla Kham (CT),Census 2011 urban-name heuristic
9,147,771,800815,Tundla (NPP),Census 2011 urban-name heuristic
9,147,772,800816,Firozabad (NPP),Census 2011 urban-name heuristic
9,147,773,800817,Fariha (NP),Census 2011 urban-name heuristic
9,147,773,800818,Jasrana (NP),Census 2011 urban-name heuristic
9,147,774,126213,Makhanpur (CT),Census 2011 urban-name heuristic
9,147,774,126214,"Etawah-Karhal Road, Southara Kunjpura Road, Pengu Araon Road. Adhayapak Nagar, Agra Road, Khemganj and Sarai Mohanganj (OG)",Census 2011 urban-name heuristic
9,147,774,800819,Shikohabad (NPP),Census 2011 urban-name heuristic
9,147,774,800820,Sirsaganj (NPP + OG),Census 2011 urban-name heuristic
9,147,774,800820,Sirsaganj (NPP),Census 2011 urban-name heuristic
9,148,775,126469,Nagla Rate and Ram Lila Maidan (OG),Census 2011 urban-name heuristic
9,148,775,126470,Railway Colony and Power House Colony (OG),Census 2011 urban-name heuristic
9,148,775,800821,Kuraoali (NP),Census 2011 urban-name heuristic
9,148,775,800822,Jyoti Khuriya (NP),Census 2011 urban-name heuristic
9,148,775,800823,Ghiraur (NP),Census 2011 urban-name heuristic
9,148,775,800824,Mainpuri (NPP + OG),Census 2011 urban-name heuristic
9,148,775,800824,Mainpuri (NPP),Census 2011 urban-name heuristic
9,148,776,800825,Karhal (NP),Census 2011 urban-name heuristic
9,148,777,800826,Bhogaon (NP),Census 2011 urban-name heuristic
9,148,777,800827,Bewar (NP),Census 2011 urban-name heuristic
9,148,777,800828,Kusmara (NP),Census 2011 urban-name heuristic
9,148,777,800829,Kishni (NP),Census 2011 urban-name heuristic
9,149,778,800830,Gawan (NP),Census 2011 urban-name heuristic
9,149,778,800831,Babrala (NP),Census 2011 urban-name heuristic
9,149,778,800832,Gunnaur (NP),Census 2011 urban-name heuristic
9,149,779,800833,Islamnagar (NP),Census 2011 urban-name heuristic
9,149,779,800834,Faizganj (NP),Census 2011 urban-name heuristic
9,149,779,800835,Mundiya (NP),Census 2011 urban-name heuristic
9,149,779,800836,Bisauli (NPP),Census 2011 urban-name heuristic
9,149,779,800837,Saidpur (NP),Census 2011 urban-name heuristic
9,149,779,800838,Wazirganj (NP),Census 2011 urban-name heuristic
9,149,780,800839,Rudayan (NP),Census 2011 urban-name heuristic
9,149,780,800840,Bilsi (NPP),Census 2011 urban-name heuristic
9,149,781,800841,Sahaswan (NPP),Census 2011 urban-name heuristic
9,149,782,800842,Kachhla (NP),Census 2011 urban-name heuristic
9,149,782,800843,Ujhani (NPP),Census 2011 urban-name heuristic
9,149,782,800844,Budaun (NPP),Census 2011 urban-name heuristic
9,149,782,800845,Kunwargaon (NP),Census 2011 urban-name heuristic
9,149,782,800846,Gulariya (NP),Census 2011 urban-name heuristic
9,149,782,800847,Sakhanu (NP),Census 2011 urban-name heuristic
9,149,783,800848,Kakrala (NPP),Census 2011 urban-name heuristic
9,149,783,800849,Allapur (NP),Census 2011 urban-name heuristic
9,149,783,800850,Dataganj (NP),Census 2011 urban-name heuristic
9,149,783,800851,Usawan (NP),Census 2011 urban-name heuristic
9,149,783,800852,Usehat (NP),Census 2011 urban-name heuristic
9,150,784,800853,Baheri (NPP),Census 2011 urban-name heuristic
9,150,784,800854,Faridpur (NP),Census 2011 urban-name heuristic
9,150,784,800855,Richha (NP),Census 2011 urban-name heuristic
9,150,784,800856,Deoranian (NP),Census 2011 urban-name heuristic
9,150,784,800857,Shergarh (NP),Census 2011 urban-name heuristic
9,150,785,800858,Shishgarh (NP),Census 2011 urban-name heuristic
9,150,785,800859,Mirganj (NP),Census 2011 urban-name heuristic
9,150,785,800860,Fatehganj Pashchimi (NP),Census 2011 urban-name heuristic
9,150,785,800861,Shahi (NP),Census 2011 urban-name heuristic
9,150,786,130130,Iffco Census Village (CT),Census 2011 urban-name heuristic
9,150,786,800862,Bisharatganj (NP),Census 2011 urban-name heuristic
9,150,786,800863,Aonla (NPP),Census 2011 urban-name heuristic
9,150,786,800864,Sirauli (NP),Census 2011 urban-name heuristic
9,150,787,130470,Kareli (CT),Census 2011 urban-name heuristic
9,150,787,130471,Kandharpur (CT),Census 2011 urban-name heuristic
9,150,787,130472,Saidpur Khajuria (CT),Census 2011 urban-name heuristic
9,150,787,130473,Mohenpur (CT),Census 2011 urban-name heuristic
9,150,787,130474,Padarathpur (CT),Census 2011 urban-name heuristic
9,150,787,130475,Parsona (CT),Census 2011 urban-name heuristic
9,150,787,130476,Pipalsana Chaudhari (CT),Census 2011 urban-name heuristic
9,150,787,130477,Kakgaina (CT),Census 2011 urban-name heuristic
9,150,787,130478,Northern Railway Colony (OG),Census 2011 urban-name heuristic
9,150,787,800865,Dhaura Tanda (NP),Census 2011 urban-name heuristic
9,150,787,800866,Bareilly (M Corp. + OG),Census 2011 urban-name heuristic
9,150,787,800866,Bareilly (M Corp.),Census 2011 urban-name heuristic
9,150,787,800867,Bareilly (CB),Census 2011 urban-name heuristic
9,150,787,800868,Thiriya Nizamat Khan (NP),Census 2011 urban-name heuristic
9,150,787,800869,Rithora (NP),Census 2011 urban-name heuristic
9,150,788,130808,Hafiz Ganj (CT),Census 2011 urban-name heuristic
9,150,788,800870,Sainthal (NP),Census 2011 urban-name heuristic
9,150,788,800871,Nawabganj (NPP),Census 2011 urban-name heuristic
9,150,789,800872,Fatehganj Purvi (NP),Census 2011 urban-name heuristic
9,150,789,800873,Faridpur (NPP),Census 2011 urban-name heuristic
9,151,790,131660,Pakriya Naugwan Mustqil (CT),Census 2011 urban-name heuristic
9,151,790,131661,Barha (CT),Census 2011 urban-name heuristic
9,151,790,800874,Gulariya Bhindara (NP),Census 2011 urban-name heuristic
9,151,790,800875,Nyoria Husainpur (NP),Census 2011 urban-name heuristic
9,151,790,800876,Jahanabad (NP),Census 2011 urban-name heuristic
9,151,790,800877,Pilibhit (NPP),Census 2011 urban-name heuristic
9,151,791,800878,Barkhera (NP),Census 2011 urban-name heuristic
9,151,791,800879,Bisalpur (NPP),Census 2011 urban-name heuristic
9,151,791,800880,Bilsanda (NP),Census 2011 urban-name heuristic
9,151,792,800881,Kalinagar (NP),Census 2011 urban-name heuristic
9,151,792,800882,Puranpur (NPP),Census 2011 urban-name heuristic
9,152,793,800883,Khutar (NP),Census 2011 urban-name heuristic
9,152,793,800884,Powayan (NP),Census 2011 urban-name heuristic
9,152,794,800885,Khudaganj (NP),Census 2011 urban-name heuristic
9,152,794,800886,Katra (NP),Census 2011 urban-name heuristic
9,152,794,800887,Tilhar (NPP),Census 2011 urban-name heuristic
9,152,795,800888,Railway Settlement Roza (NP),Census 2011 urban-name heuristic
9,152,795,800889,Shahjahanpur (NPP),Census 2011 urban-name heuristic
9,152,795,800890,Shahjahanpur (CB),Census 2011 urban-name heuristic
9,152,795,800891,Kanth (NP),Census 2011 urban-name heuristic
9,152,796,800892,Jalalabad (NPP),Census 2011 urban-name heuristic
9,152,796,800893,Allahganj (NP),Census 2011 urban-name heuristic
9,153,797,135074,Suthana Barsola (CT),Census 2011 urban-name heuristic
9,153,797,800894,Singahi Bhiraura (NP),Census 2011 urban-name heuristic
9,153,798,800895,Paliya Kalan (NPP),Census 2011 urban-name heuristic
9,153,799,135522,Lalhapur (CT),Census 2011 urban-name heuristic
9,153,799,800896,Mailani (NP),Census 2011 urban-name heuristic
9,153,799,800897,Gola Gokaran Nath (NPP),Census 2011 urban-name heuristic
9,153,800,136058,Maigal Ganj (CT),Census 2011 urban-name heuristic
9,153,800,800898,Mohammadi (NPP),Census 2011 urban-name heuristic
9,153,800,800899,Barwar (NP),Census 2011 urban-name heuristic
9,153,801,136543,Saidhari (CT),Census 2011 urban-name heuristic
9,153,801,800900,Lakhimpur (NPP),Census 2011 urban-name heuristic
9,153,801,800901,Kheri (NP),Census 2011 urban-name heuristic
9,153,801,800902,Oel Dhakwa (NP),Census 2011 urban-name heuristic
9,153,802,800903,Dhaurehra (NP),Census 2011 urban-name heuristic
9,154,803,800904,Maholi (NP),Census 2011 urban-name heuristic
9,154,803,800905,Misrikh-cum-Neemsar (NPP),Census 2011 urban-name heuristic
9,154,804,137766,Naiparapur (CT),Census 2011 urban-name heuristic
9,154,804,800906,Khairabad (NPP),Census 2011 urban-name heuristic
9,154,804,800907,Sitapur (NPP),Census 2011 urban-name heuristic
9,154,804,800908,Hargaon (NP),Census 2011 urban-name heuristic
9,154,805,800909,Laharpur (NPP),Census 2011 urban-name heuristic
9,154,805,800910,Tambaur-cum-Ahamdabad (NP),Census 2011 urban-name heuristic
9,154,806,800911,Biswan (NPP),Census 2011 urban-name heuristic
9,154,807,800912,Mahmudabad (NPP),Census 2011 urban-name heuristic
9,154,807,800913,Paintepur (NP),Census 2011 urban-name heuristic
9,154,808,800914,Sidhauli (NP),Census 2011 urban-name heuristic
9,155,809,800915,Shahabad (NPP),Census 2011 urban-name heuristic
9,155,809,800916,Pihani (NPP),Census 2011 urban-name heuristic
9,155,810,800917,Pali (NP),Census 2011 urban-name heuristic
9,155,811,140401,Koria (OG),Census 2011 urban-name heuristic
9,155,811,140402,Anag Behta (OG),Census 2011 urban-name heuristic
9,155,811,140403,Maholiashivpaar (OG),Census 2011 urban-name heuristic
9,155,811,140404,Ghirmaholia (OG),Census 2011 urban-name heuristic
9,155,811,140405,Nagheta Pura (OG),Census 2011 urban-name heuristic
9,155,811,140406,Behta Chandpura (OG),Census 2011 urban-name heuristic
9,155,811,140407,Nanak Ganj (OG),Census 2011 urban-name heuristic
9,155,811,140408,Ramnagar (OG),Census 2011 urban-name heuristic
9,155,811,140409,Hardoi Dehat (OG),Census 2011 urban-name heuristic
9,155,811,800918,Gopamau (NP),Census 2011 urban-name heuristic
9,155,811,800919,Hardoi (NPP + OG),Census 2011 urban-name heuristic
9,155,811,800919,Hardoi (NPP),Census 2011 urban-name heuristic
9,155,812,800920,Sandi (NPP),Census 2011 urban-name heuristic
9,155,812,800921,Bilgram (NPP),Census 2011 urban-name heuristic
9,155,812,800922,Madhoganj (NP),Census 2011 urban-name heuristic
9,155,812,800923,Mallawan (NPP),Census 2011 urban-name heuristic
9,155,812,800924,Kursath (NP),Census 2011 urban-name heuristic
9,155,813,800925,Kachhauna Patseni (NP),Census 2011 urban-name heuristic
9,155,813,800926,Beniganj (NP),Census 2011 urban-name heuristic
9,155,813,800927,Sandila (NPP),Census 2011 urban-name heuristic
9,156,814,800928,Ganj Muradabad (NP),Census 2011 urban-name heuristic
9,156,814,800929,Bangarmau (NPP),Census 2011 urban-name heuristic
9,156,814,800930,Fatehpur Chaurasi (NP),Census 2011 urban-name heuristic
9,156,814,800931,Ugu (NP),Census 2011 urban-name heuristic
9,156,814,800932,Safipur (NP),Census 2011 urban-name heuristic
9,156,814,800933,Kursath (NP),Census 2011 urban-name heuristic
9,156,815,800934,Auras (NP),Census 2011 urban-name heuristic
9,156,815,800935,Hyderabad (NP),Census 2011 urban-name heuristic
9,156,815,800936,Rasulabad (NP),Census 2011 urban-name heuristic
9,156,815,800937,Mohan (NP),Census 2011 urban-name heuristic
9,156,815,800938,Nyotini (NP),Census 2011 urban-name heuristic
9,156,815,800939,Nawabganj (NP),Census 2011 urban-name heuristic
9,156,816,142394,Achalganj (CT),Census 2011 urban-name heuristic
9,156,816,142395,Katri Piper Khera (CT),Census 2011 urban-name heuristic
9,156,816,142396,Majhara Pipar Ahatmali (CT),Census 2011 urban-name heuristic
9,156,816,800940,Unnao (NPP),Census 2011 urban-name heuristic
9,156,816,800941,Gangaghat (NPP),Census 2011 urban-name heuristic
9,156,817,800942,Purwa (NP),Census 2011 urban-name heuristic
9,156,817,800943,Maurawan (NP),Census 2011 urban-name heuristic
9,156,818,800944,Bighapur (NP),Census 2011 urban-name heuristic
9,156,818,800945,Bhagwant Nagar (NP),Census 2011 urban-name heuristic
9,157,819,800946,Malihabad (NP),Census 2011 urban-name heuristic
9,157,820,800947,Mahona (NP),Census 2011 urban-name heuristic
9,157,820,800948,Itaunja (NP),Census 2011 urban-name heuristic
9,157,820,800949,Bakshi Ka Talab (NP),Census 2011 urban-name heuristic
9,157,821,143558,Kalli Pashchim (CT),Census 2011 urban-name heuristic
9,157,821,143559,Sarsawan (CT),Census 2011 urban-name heuristic
9,157,821,800950,Kakori (NP),Census 2011 urban-name heuristic
9,157,821,800951,Lucknow (M Corp.),Census 2011 urban-name heuristic
9,157,821,800952,Lucknow (CB),Census 2011 urban-name heuristic
9,157,822,800953,Gosainganj (NP),Census 2011 urban-name heuristic
9,157,822,800954,Amethi (NP),Census 2011 urban-name heuristic
9,157,822,800955,Nagram (NP),Census 2011 urban-name heuristic
9,158,823,800956,Bachhrawan (NP),Census 2011 urban-name heuristic
9,158,823,800957,Maharajganj (NP),Census 2011 urban-name heuristic
9,158,824,800958,Jais (NPP),Census 2011 urban-name heuristic
9,158,825,800959,Rae Bareli (NPP),Census 2011 urban-name heuristic
9,158,826,800960,Lalganj (NP),Census 2011 urban-name heuristic
9,158,827,800961,Dalmau (NP),Census 2011 urban-name heuristic
9,158,828,800962,Unchahar (NP),Census 2011 urban-name heuristic
9,158,829,800963,Parsadepur (NP),Census 2011 urban-name heuristic
9,158,829,800964,Salon (NP),Census 2011 urban-name heuristic
9,159,830,800965,Kampil (NP),Census 2011 urban-name heuristic
9,159,830,800966,Kaimganj (NPP),Census 2011 urban-name heuristic
9,159,830,800967,Shamsabad (NP),Census 2011 urban-name heuristic
9,159,832,146567,Baroun (CT),Census 2011 urban-name heuristic
9,159,832,146568,Amethi Jadid (CT),Census 2011 urban-name heuristic
9,159,832,800968,Farrukhabad-cum-Fatehgarh (NPP),Census 2011 urban-name heuristic
9,159,832,800969,Fatehgarh (CB),Census 2011 urban-name heuristic
9,159,832,800970,Mohammadabad (NP),Census 2011 urban-name heuristic
9,159,832,800971,Kamalganj (NP),Census 2011 urban-name heuristic
9,160,833,800972,Samdhan (NP),Census 2011 urban-name heuristic
9,160,833,800973,Gursahaiganj (NPP),Census 2011 urban-name heuristic
9,160,833,800974,Sikanderpur (NP),Census 2011 urban-name heuristic
9,160,833,800975,Chhibramau (NPP),Census 2011 urban-name heuristic
9,160,833,800976,Saurikh (NP),Census 2011 urban-name heuristic
9,160,833,800977,Talgram (NP),Census 2011 urban-name heuristic
9,160,834,800978,Kannauj (NPP),Census 2011 urban-name heuristic
9,160,835,800979,Tirwaganj (NP),Census 2011 urban-name heuristic
9,161,836,800980,Jaswantnagar (NPP),Census 2011 urban-name heuristic
9,161,838,800981,Etawah (NPP),Census 2011 urban-name heuristic
9,161,838,800982,Ekdil (NP),Census 2011 urban-name heuristic
9,161,839,800983,Bharthana (NPP),Census 2011 urban-name heuristic
9,161,839,800984,Bakewar (NP),Census 2011 urban-name heuristic
9,161,839,800985,Lakhna (NP),Census 2011 urban-name heuristic
9,162,841,800986,Bidhuna (NP),Census 2011 urban-name heuristic
9,162,841,800987,Achhalda (NP),Census 2011 urban-name heuristic
9,162,842,148852,Jamuhan (CT),Census 2011 urban-name heuristic
9,162,842,148853,Kasba Khanpur (CT),Census 2011 urban-name heuristic
9,162,842,800988,Babarpur Ajitmal (NP),Census 2011 urban-name heuristic
9,162,842,800989,Atasu (NP),Census 2011 urban-name heuristic
9,162,842,800990,Phaphund (NP),Census 2011 urban-name heuristic
9,162,842,800991,Dibiyapur (NP),Census 2011 urban-name heuristic
9,162,842,800992,Auraiya (NPP),Census 2011 urban-name heuristic
9,163,843,800993,Rasulabad (NP),Census 2011 urban-name heuristic
9,163,844,800994,Jhinjhak (NP),Census 2011 urban-name heuristic
9,163,844,800995,Derapur (NP),Census 2011 urban-name heuristic
9,163,845,149454,Raniyan (CT),Census 2011 urban-name heuristic
9,163,845,800996,Shivli (NP),Census 2011 urban-name heuristic
9,163,845,800997,Rura (NP),Census 2011 urban-name heuristic
9,163,845,800998,Akbarpur (NP),Census 2011 urban-name heuristic
9,163,846,149673,Ahrauli Shekh (CT),Census 2011 urban-name heuristic
9,163,846,149674,Gausganj (CT),Census 2011 urban-name heuristic
9,163,846,800999,Amraudha (NP),Census 2011 urban-name heuristic
9,163,846,801000,Pukhrayan (NPP),Census 2011 urban-name heuristic
9,163,847,801001,Sikandra (NP),Census 2011 urban-name heuristic
9,164,848,150291,Choubepur Kalan (CT),Census 2011 urban-name heuristic
9,164,848,801002,Bilhaur (NPP),Census 2011 urban-name heuristic
9,164,848,801003,Shivrajpur (NP),Census 2011 urban-name heuristic
9,164,849,150571,Chakeri (CT),Census 2011 urban-name heuristic
9,164,849,150572,Northern Railway Colony (CT),Census 2011 urban-name heuristic
9,164,849,150573,Armapur Estate (CT),Census 2011 urban-name heuristic
9,164,849,150574,Rawatpur Station Yard (OG),Census 2011 urban-name heuristic
9,164,849,150575,Central Railway Colony (OG),Census 2011 urban-name heuristic
9,164,849,801004,Bithoor (NP),Census 2011 urban-name heuristic
9,164,849,801005,Kanpur (M Corp. + OG),Census 2011 urban-name heuristic
9,164,849,801005,Kanpur (M Corp.),Census 2011 urban-name heuristic
9,164,849,801006,Kanpur (CB),Census 2011 urban-name heuristic
9,164,850,801007,Ghatampur (NPP),Census 2011 urban-name heuristic
9,165,851,801008,Rampura (NP),Census 2011 urban-name heuristic
9,165,851,801009,Umri (NP),Census 2011 urban-name heuristic
9,165,851,801010,Madhogarh (NP),Census 2011 urban-name heuristic
9,165,852,801011,Jalaun (NPP),Census 2011 urban-name heuristic
9,165,853,801012,Kalpi (NPP),Census 2011 urban-name heuristic
9,165,853,801013,Kadaura (NP),Census 2011 urban-name heuristic
9,165,854,151768,Chauraci (OG),Census 2011 urban-name heuristic
9,165,854,151769,Iklaspura (OG),Census 2011 urban-name heuristic
9,165,854,151770,Mauja Orai (OG),Census 2011 urban-name heuristic
9,165,854,151771,Kuthonda (OG),Census 2011 urban-name heuristic
9,165,854,801014,Orai (NPP + OG),Census 2011 urban-name heuristic
9,165,854,801014,Orai (NPP),Census 2011 urban-name heuristic
9,165,854,801015,Kotra (NP),Census 2011 urban-name heuristic
9,165,855,801016,Konch (NPP),Census 2011 urban-name heuristic
9,165,855,801017,Nadigaon (NP),Census 2011 urban-name heuristic
9,166,856,801018,Samthar (NPP),Census 2011 urban-name heuristic
9,166,856,801019,Moth (NP),Census 2011 urban-name heuristic
9,166,856,801020,Chirgaon (NPP),Census 2011 urban-name heuristic
9,166,857,801021,Erich (NP),Census 2011 urban-name heuristic
9,166,857,801022,Gursarai (NPP),Census 2011 urban-name heuristic
9,166,857,801023,Garautha (NP),Census 2011 urban-name heuristic
9,166,858,801024,Tondi Fatehpur (NP),Census 2011 urban-name heuristic
9,166,859,152726,Deori Singhpura (CT),Census 2011 urban-name heuristic
9,166,859,152727,Mau Dehat (OG),Census 2011 urban-name heuristic
9,166,859,152728,Dhimloni (OG),Census 2011 urban-name heuristic
9,166,859,801025,Mauranipur (NPP + OG),Census 2011 urban-name heuristic
9,166,859,801025,Mauranipur (NPP),Census 2011 urban-name heuristic
9,166,859,801026,Ranipur (NP),Census 2011 urban-name heuristic
9,166,859,801027,Kathera (NP),Census 2011 urban-name heuristic
9,166,860,152869,Parichha (CT),Census 2011 urban-name heuristic
9,166,860,152870,Khailar (CT),Census 2011 urban-name heuristic
9,166,860,801028,Barua Sagar (NPP),Census 2011 urban-name heuristic
9,166,860,801029,Baragaon (NP),Census 2011 urban-name heuristic
9,166,860,801030,Jhansi (M Corp.),Census 2011 urban-name heuristic
9,166,860,801031,Jhansi (CB),Census 2011 urban-name heuristic
9,166,860,801033,Babina (CB),Census 2011 urban-name heuristic
9,167,861,153038,Banguwan Kalan (CT),Census 2011 urban-name heuristic
9,167,861,801034,Talbehat (NP),Census 2011 urban-name heuristic
9,167,862,801035,Lalitpur (NPP),Census 2011 urban-name heuristic
9,167,862,801036,Pali (NP),Census 2011 urban-name heuristic
9,167,863,153624,Mahroni Rural (CT),Census 2011 urban-name heuristic
9,167,863,801037,Mahroni (NP),Census 2011 urban-name heuristic
9,168,864,153818,"Basant Nagar, Uncha Dehat, Gurginj Dehat& Dhar (OG)",Census 2011 urban-name heuristic
9,168,864,801038,Kurara (NP),Census 2011 urban-name heuristic
9,168,864,801039,Hamirpur (NPP),Census 2011 urban-name heuristic
9,168,864,801040,Sumerpur (NP + OG),Census 2011 urban-name heuristic
9,168,864,801040,Sumerpur (NP),Census 2011 urban-name heuristic
9,168,865,801042,Rath (NPP),Census 2011 urban-name heuristic
9,168,866,801041,Gohand (NP),Census 2011 urban-name heuristic
9,168,866,801043,Sarila (NP),Census 2011 urban-name heuristic
9,168,867,801044,Maudaha (NPP),Census 2011 urban-name heuristic
9,169,868,801045,Kul Pahar (NP),Census 2011 urban-name heuristic
9,169,869,801046,Kharela (NP),Census 2011 urban-name heuristic
9,169,869,801047,Charkhari (NPP),Census 2011 urban-name heuristic
9,169,870,801048,Mahoba (NPP),Census 2011 urban-name heuristic
9,169,870,801049,Kabrai (NP),Census 2011 urban-name heuristic
9,170,871,801050,Mataundh (NP),Census 2011 urban-name heuristic
9,170,871,801051,Banda (NPP + OG),Census 2011 urban-name heuristic
9,170,871,801051,Banda (NPP),Census 2011 urban-name heuristic
9,170,871,801052,Tindwari (NP),Census 2011 urban-name heuristic
9,170,872,801053,Baberu (NP),Census 2011 urban-name heuristic
9,170,873,801054,Oran (NP),Census 2011 urban-name heuristic
9,170,873,801055,Bisanda Buzurg (NP),Census 2011 urban-name heuristic
9,170,873,801056,Atarra (NPP),Census 2011 urban-name heuristic
9,170,874,801057,Naraini (NP),Census 2011 urban-name heuristic
9,171,875,155910,Karwi Mafi (CT),Census 2011 urban-name heuristic
9,171,875,801058,Manikpur Sarhat (NP),Census 2011 urban-name heuristic
9,171,875,801059,Chitrakoot Dham (Karwi) (NPP),Census 2011 urban-name heuristic
9,171,876,801060,Rajapur (NP),Census 2011 urban-name heuristic
9,172,877,801061,Kora Jahanabad (NP),Census 2011 urban-name heuristic
9,172,877,801062,Bindki (NPP),Census 2011 urban-name heuristic
9,172,878,801063,Bahuwa (NP),Census 2011 urban-name heuristic
9,172,878,801064,Fatehpur (NPP),Census 2011 urban-name heuristic
9,172,879,801065,Khaga (NP),Census 2011 urban-name heuristic
9,172,879,801066,Kishunpur (NP),Census 2011 urban-name heuristic
9,172,879,801067,Hathgram (NP),Census 2011 urban-name heuristic
9,173,881,801068,Manikpur (NP),Census 2011 urban-name heuristic
9,173,881,801069,Kunda (NP),Census 2011 urban-name heuristic
9,173,882,158999,Dahilamau (CT),Census 2011 urban-name heuristic
9,173,882,159000,Karanpur (CT),Census 2011 urban-name heuristic
9,173,882,801070,Antu (NP),Census 2011 urban-name heuristic
9,173,882,801071,Bela Pratapgarh (NPP),Census 2011 urban-name heuristic
9,173,882,801072,Pratapgarh City (NP),Census 2011 urban-name heuristic
9,173,882,801073,Katra Medniganj (NP),Census 2011 urban-name heuristic
9,173,883,801074,Patti (NP),Census 2011 urban-name heuristic
9,174,885,801075,Ajhuwa (NP),Census 2011 urban-name heuristic
9,174,885,801076,Sirathu (NP),Census 2011 urban-name heuristic
9,174,886,801077,Manjhanpur (NP),Census 2011 urban-name heuristic
9,174,886,801078,Karari (NP),Census 2011 urban-name heuristic
9,174,887,160728,Kasiya (CT),Census 2011 urban-name heuristic
9,174,887,160729,Mahmudpur Taluka Madpur Sult (CT),Census 2011 urban-name heuristic
9,174,887,801079,Bharwari (NP),Census 2011 urban-name heuristic
9,174,887,801080,Chail (NP),Census 2011 urban-name heuristic
9,174,887,801081,Sarai Aquil (NP),Census 2011 urban-name heuristic
9,175,888,161173,Soraon (CT),Census 2011 urban-name heuristic
9,175,888,801082,Mau Aima (NP),Census 2011 urban-name heuristic
9,175,888,801083,Lal Gopalganj Nindaura (NP),Census 2011 urban-name heuristic
9,175,889,161734,Sarai Abdulmalik (CT),Census 2011 urban-name heuristic
9,175,889,161735,Sarai Lahur Urf Lahurpur (CT),Census 2011 urban-name heuristic
9,175,889,161736,Jhusi Kohna (CT),Census 2011 urban-name heuristic
9,175,889,801084,Jhusi (NP),Census 2011 urban-name heuristic
9,175,889,801085,Phulpur (NP),Census 2011 urban-name heuristic
9,175,890,161836,Bihka Urf Pura Mufti (CT),Census 2011 urban-name heuristic
9,175,890,161837,Shaha Urf Pipalgaon (CT),Census 2011 urban-name heuristic
9,175,890,161838,Subedarganj Railway Colony (OG),Census 2011 urban-name heuristic
9,175,890,161839,Triveni Nagar (N.E.C.S.W.) (OG),Census 2011 urban-name heuristic
9,175,890,161840,T.S.L.Factory (OG),Census 2011 urban-name heuristic
9,175,890,161841,Mukta Vihar (OG),Census 2011 urban-name heuristic
9,175,890,161842,Bharat Pump and Compressor. Factory (OG),Census 2011 urban-name heuristic
9,175,890,161843,A.D.A. Colony (OG),Census 2011 urban-name heuristic
9,175,890,161844,Doorbani nagar (OG),Census 2011 urban-name heuristic
9,175,890,161845,ITI Factory and Res. Colony (OG),Census 2011 urban-name heuristic
9,175,890,161846,Shiv Nagar (OG),Census 2011 urban-name heuristic
9,175,890,161847,Gurunanak Nagar (OG),Census 2011 urban-name heuristic
9,175,890,161848,"Gandhi Nagar, Manas Nagar, Industrial Labour Colony (OG)",Census 2011 urban-name heuristic
9,175,890,161849,Gangotri Nagar (OG),Census 2011 urban-name heuristic
9,175,890,161850,Mahewa West (OG),Census 2011 urban-name heuristic
9,175,890,161851,Begum Bazar (OG),Census 2011 urban-name heuristic
9,175,890,161852,Bhagal Purwa (OG),Census 2011 urban-name heuristic
9,175,890,161853,Kodra (OG),Census 2011 urban-name heuristic
9,175,890,161854,"IOC Colony, Deoghat, ADA Colony and Jhalwagaon (OG)",Census 2011 urban-name heuristic
9,175,890,801086,Allahabad (M Corp. + OG),Census 2011 urban-name heuristic
9,175,890,801086,Allahabad (M Corp.),Census 2011 urban-name heuristic
9,175,890,801087,Allahabad (CB),Census 2011 urban-name heuristic
9,175,891,162178,Jasra (CT),Census 2011 urban-name heuristic
9,175,891,162179,Nivi (CT),Census 2011 urban-name heuristic
9,175,891,801088,Shankargarh (NP),Census 2011 urban-name heuristic
9,175,892,162513,Mahewa Patti Pashchim Uparhar (CT),Census 2011 urban-name heuristic
9,175,892,162514,Arail Uparhar (CT),Census 2011 urban-name heuristic
9,175,892,162515,Chak Babura Alimabad (CT),Census 2011 urban-name heuristic
9,175,892,162516,Pura Pandey (CT),Census 2011 urban-name heuristic
9,175,892,162517,Baswar (CT),Census 2011 urban-name heuristic
9,175,892,162518,Chak Imam Ali (CT),Census 2011 urban-name heuristic
9,175,893,801089,Handia (NP),Census 2011 urban-name heuristic
9,175,894,801090,Sirsa (NP),Census 2011 urban-name heuristic
9,175,894,801091,Bharatganj (NP),Census 2011 urban-name heuristic
9,175,895,801092,Koraon (NP),Census 2011 urban-name heuristic
9,176,896,801093,Fatehpur (NP),Census 2011 urban-name heuristic
9,176,897,801094,Ramnagar (NP),Census 2011 urban-name heuristic
9,176,898,164843,Dhakauli (CT),Census 2011 urban-name heuristic
9,176,898,164844,Obaree (CT),Census 2011 urban-name heuristic
9,176,898,164845,Barel (CT),Census 2011 urban-name heuristic
9,176,898,164846,Military Area (OG),Census 2011 urban-name heuristic
9,176,898,801095,Dewa (NP),Census 2011 urban-name heuristic
9,176,898,801096,Nawabganj (NPP + OG),Census 2011 urban-name heuristic
9,176,898,801096,Nawabganj (NPP),Census 2011 urban-name heuristic
9,176,898,801097,Banki (NP),Census 2011 urban-name heuristic
9,176,898,801098,Satrikh (NP),Census 2011 urban-name heuristic
9,176,898,801099,Zaidpur (NP),Census 2011 urban-name heuristic
9,176,899,801100,Tikait Nagar (NP),Census 2011 urban-name heuristic
9,176,900,801101,Dariyabad (NP),Census 2011 urban-name heuristic
9,176,901,801102,Siddhaur (NP),Census 2011 urban-name heuristic
9,176,901,801103,Haidergarh (NP),Census 2011 urban-name heuristic
9,176,901,801104,Subeha (NP),Census 2011 urban-name heuristic
9,177,902,801105,Rudauli (NPP),Census 2011 urban-name heuristic
9,177,904,801106,Bhadarsa (NP),Census 2011 urban-name heuristic
9,177,905,166581,Gaddoo Pur (CT),Census 2011 urban-name heuristic
9,177,905,166582,Khojn Pur (CT),Census 2011 urban-name heuristic
9,177,905,166583,Pahar Ganj (CT),Census 2011 urban-name heuristic
9,177,905,801107,Faizabad (CB),Census 2011 urban-name heuristic
9,177,905,801108,Faizabad (NPP),Census 2011 urban-name heuristic
9,177,905,801109,Ayodhya (NPP),Census 2011 urban-name heuristic
9,177,905,801110,Gosainganj (NP),Census 2011 urban-name heuristic
9,177,906,801111,Bikapur (NP),Census 2011 urban-name heuristic
9,178,907,167328,Bhulepur (CT),Census 2011 urban-name heuristic
9,178,907,801112,Iltifatganj Bazar (NP),Census 2011 urban-name heuristic
9,178,907,801113,Tanda (NPP),Census 2011 urban-name heuristic
9,178,907,801114,Ashrafpur Kichhauchha (NP),Census 2011 urban-name heuristic
9,178,909,168112,Jalalpur Dehat (CT),Census 2011 urban-name heuristic
9,178,909,801115,Jalalpur (NPP),Census 2011 urban-name heuristic
9,178,910,801116,Akbarpur (NPP),Census 2011 urban-name heuristic
9,179,912,169021,Kathaura (CT),Census 2011 urban-name heuristic
9,179,912,169022,Palpur (CT),Census 2011 urban-name heuristic
9,179,912,169023,Nihal Garh Chak Jangla (CT),Census 2011 urban-name heuristic
9,179,912,801117,Musafirkhana (NP),Census 2011 urban-name heuristic
9,179,914,169575,Korwa (CT),Census 2011 urban-name heuristic
9,179,914,801118,Amethi (NP),Census 2011 urban-name heuristic
9,179,915,170003,Kasba Sultanpur (CT),Census 2011 urban-name heuristic
9,179,915,801119,Sultanpur (NPP),Census 2011 urban-name heuristic
9,179,917,801120,Koeripur (NP),Census 2011 urban-name heuristic
9,179,918,801121,Dostpur (NP),Census 2011 urban-name heuristic
9,179,918,801122,Kadipur (NP),Census 2011 urban-name heuristic
9,180,919,171633,Kewalpur (CT),Census 2011 urban-name heuristic
9,180,919,801123,Nanpara (NPP),Census 2011 urban-name heuristic
9,180,921,801124,Risiya Bazar (NP),Census 2011 urban-name heuristic
9,180,921,801125,Bahraich (NPP),Census 2011 urban-name heuristic
9,180,922,801126,Jarwal (NP),Census 2011 urban-name heuristic
9,181,923,801127,Bhinga (NP),Census 2011 urban-name heuristic
9,181,924,801128,Ikauna (NP),Census 2011 urban-name heuristic
9,182,925,173406,Bishunipur (CT),Census 2011 urban-name heuristic
9,182,925,173407,Dhusah (OG),Census 2011 urban-name heuristic
9,182,925,173408,Vishunapur (OG),Census 2011 urban-name heuristic
9,182,925,173409,Mahadeve Mishr (OG),Census 2011 urban-name heuristic
9,182,925,801129,Balrampur (NPP + OG),Census 2011 urban-name heuristic
9,182,925,801129,Balrampur (NPP),Census 2011 urban-name heuristic
9,182,926,173796,Ganwaria Tulsipur (Dehat) (CT),Census 2011 urban-name heuristic
9,182,926,801130,Tulsipur (NP),Census 2011 urban-name heuristic
9,182,926,801131,Pachperwa (NP),Census 2011 urban-name heuristic
9,182,927,801132,Utraula (NPP),Census 2011 urban-name heuristic
9,183,928,174749,Janki Nagar (CT),Census 2011 urban-name heuristic
9,183,928,174750,Gird Gonda (CT),Census 2011 urban-name heuristic
9,183,928,174751,Pure Tiwari (CT),Census 2011 urban-name heuristic
9,183,928,801133,Khargupur (NP),Census 2011 urban-name heuristic
9,183,928,801134,Gonda (NPP),Census 2011 urban-name heuristic
9,183,929,801135,Katra (NP),Census 2011 urban-name heuristic
9,183,929,801136,Colonelganj (NPP),Census 2011 urban-name heuristic
9,183,930,801137,Nawabganj (NPP),Census 2011 urban-name heuristic
9,183,931,175980,"Indian Tehephone Industry, Mankapur (Special Gram) (CT)",Census 2011 urban-name heuristic
9,183,931,801138,Mankapur (NP),Census 2011 urban-name heuristic
9,184,932,801139,Barhani Bazar (NP),Census 2011 urban-name heuristic
9,184,932,801140,Shohratgarh (NP),Census 2011 urban-name heuristic
9,184,933,801141,Siddharthnagar (NPP),Census 2011 urban-name heuristic
9,184,933,801142,Uska Bazar (NP),Census 2011 urban-name heuristic
9,184,934,801143,Bansi (NPP),Census 2011 urban-name heuristic
9,184,935,178061,Itwa (CT),Census 2011 urban-name heuristic
9,184,936,178487,Hallaur (CT),Census 2011 urban-name heuristic
9,184,936,801144,Domariyaganj (NP),Census 2011 urban-name heuristic
9,185,938,801145,Harraiya (NP),Census 2011 urban-name heuristic
9,185,938,801146,Bhabnan Bazar (NP),Census 2011 urban-name heuristic
9,185,939,801147,Basti (NPP),Census 2011 urban-name heuristic
9,186,941,801148,Mehdawal (NP),Census 2011 urban-name heuristic
9,186,942,182983,Bagh Nagar Urf Bakhira (CT),Census 2011 urban-name heuristic
9,186,942,182984,Ledwa Mahua (CT),Census 2011 urban-name heuristic
9,186,942,801149,Khalilabad (NPP),Census 2011 urban-name heuristic
9,186,942,801150,Maghar (NP),Census 2011 urban-name heuristic
9,186,943,801151,Hariharpur (NP),Census 2011 urban-name heuristic
9,187,944,183830,Jugauli (CT),Census 2011 urban-name heuristic
9,187,944,801152,Nautanwa (NPP),Census 2011 urban-name heuristic
9,187,945,801153,Nichlaul (NP),Census 2011 urban-name heuristic
9,187,945,801154,Siswa Bazar (NP),Census 2011 urban-name heuristic
9,187,946,801155,Anandnagar (NP),Census 2011 urban-name heuristic
9,187,947,801156,Ghughuli (NP),Census 2011 urban-name heuristic
9,187,947,801157,Maharajganj (NPP),Census 2011 urban-name heuristic
9,188,948,801158,Pipiganj (NP),Census 2011 urban-name heuristic
9,188,949,185391,Piprayli Bujurg (CT),Census 2011 urban-name heuristic
9,188,949,801159,Sahjanwan (NP),Census 2011 urban-name heuristic
9,188,950,185901,Harsewakpur No.2 (CT),Census 2011 urban-name heuristic
9,188,950,185902,Jangl Hakeem No 2 (CT),Census 2011 urban-name heuristic
9,188,950,185903,Bargo (CT),Census 2011 urban-name heuristic
9,188,950,185904,Lahsari (CT),Census 2011 urban-name heuristic
9,188,950,185905,Air Force Area (CT),Census 2011 urban-name heuristic
9,188,950,801160,Gorakhpur (M Corp.),Census 2011 urban-name heuristic
9,188,950,801161,Pipraich (NP),Census 2011 urban-name heuristic
9,188,951,801162,Mundera Bazar (NP),Census 2011 urban-name heuristic
9,188,952,801163,Bansgaon (NP),Census 2011 urban-name heuristic
9,188,954,801164,Gola Bazar (NP),Census 2011 urban-name heuristic
9,188,954,801165,Barhalganj (NP),Census 2011 urban-name heuristic
9,189,955,801166,Khadda (NP),Census 2011 urban-name heuristic
9,189,955,801167,Padrauna (NPP),Census 2011 urban-name heuristic
9,189,956,801168,Ramkola (NP),Census 2011 urban-name heuristic
9,189,956,801169,Kaptanganj (NP),Census 2011 urban-name heuristic
9,189,956,801170,Hata (NP),Census 2011 urban-name heuristic
9,189,957,189407,Fazi Nagar (CT),Census 2011 urban-name heuristic
9,189,957,801171,Kushinagar (NP),Census 2011 urban-name heuristic
9,189,958,801172,Sewarhi (NP),Census 2011 urban-name heuristic
9,190,959,801173,Gauri Bazar (NP),Census 2011 urban-name heuristic
9,190,959,801174,Rampur Karkhana (NP),Census 2011 urban-name heuristic
9,190,959,801175,Deoria (NPP),Census 2011 urban-name heuristic
9,190,960,801176,Rudrapur (NP),Census 2011 urban-name heuristic
9,190,961,801177,Gaura Barhaj (NPP),Census 2011 urban-name heuristic
9,190,962,801178,Bhatni Bazar (NP),Census 2011 urban-name heuristic
9,190,962,801179,Majhauliraj (NP),Census 2011 urban-name heuristic
9,190,962,801180,Salempur (NP),Census 2011 urban-name heuristic
9,190,962,801181,Lar (NP),Census 2011 urban-name heuristic
9,190,963,801182,Bhatpar Rani (NP),Census 2011 urban-name heuristic
9,191,964,801183,Atrauliya (NP),Census 2011 urban-name heuristic
9,191,965,801184,Mahrajganj (NP),Census 2011 urban-name heuristic
9,191,965,801185,Bilariaganj (NP),Census 2011 urban-name heuristic
9,191,965,801186,Jiyanpur (NP),Census 2011 urban-name heuristic
9,191,965,801187,Azmatgarh (NP),Census 2011 urban-name heuristic
9,191,966,194082,Palhni (CT),Census 2011 urban-name heuristic
9,191,966,194083,Chak Sikari (CT),Census 2011 urban-name heuristic
9,191,966,194084,Satiyava (CT),Census 2011 urban-name heuristic
9,191,966,194085,Barahatir Jagdishpur (CT),Census 2011 urban-name heuristic
9,191,966,194086,Ibrahimpur (CT),Census 2011 urban-name heuristic
9,191,966,194087,Amilo (CT),Census 2011 urban-name heuristic
9,191,966,194088,Hafizpur (CT),Census 2011 urban-name heuristic
9,191,966,801188,Mubarakpur (NPP),Census 2011 urban-name heuristic
9,191,966,801189,Azamgarh (NPP),Census 2011 urban-name heuristic
9,191,967,801190,Nizamabad (NP),Census 2011 urban-name heuristic
9,191,967,801191,Sarai Mir (NP),Census 2011 urban-name heuristic
9,191,968,195176,Mahul Khas Or Mahul (CT),Census 2011 urban-name heuristic
9,191,968,801192,Phulpur (NP),Census 2011 urban-name heuristic
9,191,969,801193,Katghar Lalganj (NP),Census 2011 urban-name heuristic
9,191,970,801194,Mehnagar (NP),Census 2011 urban-name heuristic
9,192,971,801195,Dohrighat (NP),Census 2011 urban-name heuristic
9,192,971,801196,Amila (NP),Census 2011 urban-name heuristic
9,192,971,801197,Ghosi (NP),Census 2011 urban-name heuristic
9,192,972,196761,Chakmano Urf Dargah (CT),Census 2011 urban-name heuristic
9,192,973,197188,Para (CT),Census 2011 urban-name heuristic
9,192,973,197189,Ratanpura (CT),Census 2011 urban-name heuristic
9,192,973,197190,Kurthi Jafarpur (CT),Census 2011 urban-name heuristic
9,192,973,801198,Kopaganj (NP),Census 2011 urban-name heuristic
9,192,973,801199,Adari (NP),Census 2011 urban-name heuristic
9,192,973,801200,Maunath Bhanjan (NPP),Census 2011 urban-name heuristic
9,192,974,197677,Walidpur (CT),Census 2011 urban-name heuristic
9,192,974,197678,Atrari (CT),Census 2011 urban-name heuristic
9,192,974,197679,Khairabad (CT),Census 2011 urban-name heuristic
9,192,974,801201,Muhammadabad (NP),Census 2011 urban-name heuristic
9,193,975,801202,Belthara Road (NP),Census 2011 urban-name heuristic
9,193,976,801203,Sikanderpur (NP),Census 2011 urban-name heuristic
9,193,977,801204,Rasra (NPP),Census 2011 urban-name heuristic
9,193,978,199391,Middha (CT),Census 2011 urban-name heuristic
9,193,978,199392,Premchak Urf Baheri (CT),Census 2011 urban-name heuristic
9,193,978,801205,Chitbara Gaon (NP),Census 2011 urban-name heuristic
9,193,978,801206,Ballia (NPP),Census 2011 urban-name heuristic
9,193,979,801207,Maniyar (NP),Census 2011 urban-name heuristic
9,193,979,801208,Bansdih (NP),Census 2011 urban-name heuristic
9,193,979,801209,Sahatwar (NP),Census 2011 urban-name heuristic
9,193,979,801210,Reoti (NP),Census 2011 urban-name heuristic
9,194,981,801211,Shahganj (NPP),Census 2011 urban-name heuristic
9,194,981,801212,Khetasarai (NP),Census 2011 urban-name heuristic
9,194,983,801213,Mogra Badshahpur (NPP),Census 2011 urban-name heuristic
9,194,983,801214,Machhlishahr (NP),Census 2011 urban-name heuristic
9,194,984,202318,Gaura (CT),Census 2011 urban-name heuristic
9,194,984,202319,Banjarepur (CT),Census 2011 urban-name heuristic
9,194,984,202320,Sadatmasaura (CT),Census 2011 urban-name heuristic
9,194,984,801215,Jaunpur (NPP),Census 2011 urban-name heuristic
9,194,984,801216,Jafarabad (NP),Census 2011 urban-name heuristic
9,194,985,203003,Dhanauha (CT),Census 2011 urban-name heuristic
9,194,985,801217,Mariahu (NP),Census 2011 urban-name heuristic
9,194,986,203428,Mahimapur (CT),Census 2011 urban-name heuristic
9,194,986,801218,Kerakat (NP),Census 2011 urban-name heuristic
9,195,987,801219,Sadat (NP),Census 2011 urban-name heuristic
9,195,988,801220,Saidpur (NP),Census 2011 urban-name heuristic
9,195,989,205276,Mishrolia Madhopur (OG),Census 2011 urban-name heuristic
9,195,989,205277,Razdepur (OG),Census 2011 urban-name heuristic
9,195,989,205278,Kapoorpur (OG),Census 2011 urban-name heuristic
9,195,989,801221,Jangipur (NP),Census 2011 urban-name heuristic
9,195,989,801222,Ghazipur (NPP + OG),Census 2011 urban-name heuristic
9,195,989,801222,Ghazipur (NPP),Census 2011 urban-name heuristic
9,195,990,801223,Bahadurganj (NP),Census 2011 urban-name heuristic
9,195,990,801224,Mohammadabad (NPP),Census 2011 urban-name heuristic
9,195,991,801225,Dildarnagar Fatehpur Bazar (NP),Census 2011 urban-name heuristic
9,195,991,801226,Zamania (NPP),Census 2011 urban-name heuristic
9,196,992,207292,Sakaldiha (CT),Census 2011 urban-name heuristic
9,196,993,207806,Bahadurpur (CT),Census 2011 urban-name heuristic
9,196,993,207807,Madiya (CT),Census 2011 urban-name heuristic
9,196,993,207808,Chaurhat (CT),Census 2011 urban-name heuristic
9,196,993,207809,Satpokhari (CT),Census 2011 urban-name heuristic
9,196,993,207810,Dulhipur (CT),Census 2011 urban-name heuristic
9,196,993,801227,Mughalsarai (NPP),Census 2011 urban-name heuristic
9,196,993,801229,Chandauli (NP),Census 2011 urban-name heuristic
9,196,993,801230,Saiyad Raza (NP),Census 2011 urban-name heuristic
9,196,994,801231,Chakia (NP),Census 2011 urban-name heuristic
9,197,995,208865,Baragaon (CT),Census 2011 urban-name heuristic
9,197,996,209729,Benipur (CT),Census 2011 urban-name heuristic
9,197,996,209730,Kallipur (CT),Census 2011 urban-name heuristic
9,197,996,209731,Dindaspur (CT),Census 2011 urban-name heuristic
9,197,996,209732,Parmanandpur (CT),Census 2011 urban-name heuristic
9,197,996,209733,Birbhanpur (CT),Census 2011 urban-name heuristic
9,197,996,209734,Kachnar (CT),Census 2011 urban-name heuristic
9,197,996,209735,Chhitauni (CT),Census 2011 urban-name heuristic
9,197,996,209736,Chandpur (CT),Census 2011 urban-name heuristic
9,197,996,209737,Maheshpur (CT),Census 2011 urban-name heuristic
9,197,996,209738,Kakarmatta (CT),Census 2011 urban-name heuristic
9,197,996,209739,Kesaripur (CT),Census 2011 urban-name heuristic
9,197,996,209740,Harpalpur (CT),Census 2011 urban-name heuristic
9,197,996,209741,Amara Khaira Chak (CT),Census 2011 urban-name heuristic
9,197,996,209742,Jalal Patti (CT),Census 2011 urban-name heuristic
9,197,996,209743,Susuwahi (CT),Census 2011 urban-name heuristic
9,197,996,209744,Sir Gobardhan (CT),Census 2011 urban-name heuristic
9,197,996,209745,Chhitpur (CT),Census 2011 urban-name heuristic
9,197,996,209746,Bhagawanpur (CT),Census 2011 urban-name heuristic
9,197,996,209747,Umarha (CT),Census 2011 urban-name heuristic
9,197,996,209748,Lerhupur (CT),Census 2011 urban-name heuristic
9,197,996,209749,Asapur (CT),Census 2011 urban-name heuristic
9,197,996,209750,Salarpur (CT),Census 2011 urban-name heuristic
9,197,996,209751,Gaura Kala (CT),Census 2011 urban-name heuristic
9,197,996,209752,Kotwa (CT),Census 2011 urban-name heuristic
9,197,996,209753,Sarai Mohana (CT),Census 2011 urban-name heuristic
9,197,996,209754,Suzabad (CT),Census 2011 urban-name heuristic
9,197,996,209755,Kotwa (CT),Census 2011 urban-name heuristic
9,197,996,209756,Lohta (CT),Census 2011 urban-name heuristic
9,197,996,209757,Phulwaria (CT),Census 2011 urban-name heuristic
9,197,996,209758,Shivdaspur (CT),Census 2011 urban-name heuristic
9,197,996,209759,Kandwa (CT),Census 2011 urban-name heuristic
9,197,996,209760,Lahartara  (CT),Census 2011 urban-name heuristic
9,197,996,209761,Maruadih  (CT),Census 2011 urban-name heuristic
9,197,996,801232,Gangapur (NP),Census 2011 urban-name heuristic
9,197,996,801233,Varanasi (CB),Census 2011 urban-name heuristic
9,197,996,801235,Varanasi (M Corp.),Census 2011 urban-name heuristic
9,197,996,801236,Ramnagar (NPP),Census 2011 urban-name heuristic
9,198,997,210167,Hariyawan (CT),Census 2011 urban-name heuristic
9,198,997,801237,Suriyawan (NP),Census 2011 urban-name heuristic
9,198,997,801238,Nai Bazar (NP),Census 2011 urban-name heuristic
9,198,997,801239,Bhadohi (NPP),Census 2011 urban-name heuristic
9,198,998,210622,Jakhaon (CT),Census 2011 urban-name heuristic
9,198,998,210623,Lachhiman Patti (CT),Census 2011 urban-name heuristic
9,198,998,801240,Gyanpur (NP),Census 2011 urban-name heuristic
9,198,998,801241,Gopiganj (NPP),Census 2011 urban-name heuristic
9,198,999,210982,Gird Baragaon (CT),Census 2011 urban-name heuristic
9,198,999,801242,Khamaria (NP),Census 2011 urban-name heuristic
9,198,999,801243,Ghosia Bazar (NP),Census 2011 urban-name heuristic
9,199,1000,211672,Anurudhpur Purab Patti (CT),Census 2011 urban-name heuristic
9,199,1000,211673,Tilthi (CT),Census 2011 urban-name heuristic
9,199,1000,211674,Kataka (CT),Census 2011 urban-name heuristic
9,199,1000,211675,Pipara Dand (CT),Census 2011 urban-name heuristic
9,199,1000,211676,Bharuhana (CT),Census 2011 urban-name heuristic
9,199,1000,801244,Mirzapur-cum-Vindhyachal (NPP),Census 2011 urban-name heuristic
9,199,1000,801245,Kachhwa (NP),Census 2011 urban-name heuristic
9,199,1003,212949,Garauri (CT),Census 2011 urban-name heuristic
9,199,1003,801246,Chunar (NPP),Census 2011 urban-name heuristic
9,199,1003,801247,Ahraura (NPP),Census 2011 urban-name heuristic
9,200,1004,801248,Ghorawal (NP),Census 2011 urban-name heuristic
9,200,1005,214088,Villimar Kundi (CT),Census 2011 urban-name heuristic
9,200,1005,801249,Sonbhadra (NPP),Census 2011 urban-name heuristic
9,200,1005,801250,Churk Ghurma (NP),Census 2011 urban-name heuristic
9,200,1005,801251,Chopan (NP),Census 2011 urban-name heuristic
9,200,1005,801252,Obra (NP),Census 2011 urban-name heuristic
9,200,1006,214380,Kakari (CT),Census 2011 urban-name heuristic
9,200,1006,214381,Parasi (CT),Census 2011 urban-name heuristic
9,200,1006,214382,Anpara (CT),Census 2011 urban-name heuristic
9,200,1006,214383,Jamshila (CT),Census 2011 urban-name heuristic
9,200,1006,214384,Khariya (CT),Census 2011 urban-name heuristic
9,200,1006,214385,Kota (CT),Census 2011 urban-name heuristic
9,200,1006,214386,Bijpur (CT),Census 2011 urban-name heuristic
9,200,1006,214387,Murdhawa (OG),Census 2011 urban-name heuristic
9,200,1006,214388,Jokahi (OG),Census 2011 urban-name heuristic
9,200,1006,214389,Khadpathar (OG),Census 2011 urban-name heuristic
9,200,1006,801253,Dudhi (NP),Census 2011 urban-name heuristic
9,200,1006,801254,Renukoot (NP + OG),Census 2011 urban-name heuristic
9,200,1006,801254,Renukoot (NP),Census 2011 urban-name heuristic
9,200,1006,801257,Pipri (NP),Census 2011 urban-name heuristic
9,201,1007,801258,Raja Ka Rampur (NP),Census 2011 urban-name heuristic
9,201,1007,801259,Aliganj (NPP),Census 2011 urban-name heuristic
9,201,1007,801260,Jaithara (NP),Census 2011 urban-name heuristic
9,201,1008,215120,Bhagipur (CT),Census 2011 urban-name heuristic
9,201,1008,801261,Sakit (NP),Census 2011 urban-name heuristic
9,201,1008,801262,Etah (NPP),Census 2011 urban-name heuristic
9,201,1008,801263,Marehra (NPP),Census 2011 urban-name heuristic
9,201,1008,801264,Nidhauli Kalan (NP),Census 2011 urban-name heuristic
9,201,1009,801265,Jalesar (NPP),Census 2011 urban-name heuristic
9,201,1009,801266,Awagarh (NP),Census 2011 urban-name heuristic
9,202,1010,801267,Soron (NPP),Census 2011 urban-name heuristic
9,202,1010,801268,Bilram (NP),Census 2011 urban-name heuristic
9,202,1010,801269,Kasganj (NPP),Census 2011 urban-name heuristic
9,202,1011,801270,Sahawar (NP),Census 2011 urban-name heuristic
9,202,1011,801271,Amanpur (NP),Census 2011 urban-name heuristic
9,202,1012,215988,Sujavalpur (CT),Census 2011 urban-name heuristic
9,202,1012,801272,Mohanpur (NP),Census 2011 urban-name heuristic
9,202,1012,801273,Ganj Dundawara (NPP),Census 2011 urban-name heuristic
9,202,1012,801274,Patiyali (NP),Census 2011 urban-name heuristic
9,202,1012,801275,Sidhpura (NP),Census 2011 urban-name heuristic
9,202,1012,801276,Bhargain (NP),Census 2011 urban-name heuristic
10,203,1014,801277,Ramnagar (NP),Census 2011 urban-name heuristic
10,203,1025,801280,Chanpatia (NP),Census 2011 urban-name heuristic
10,203,1028,217372,Tola Mansaraut (CT),Census 2011 urban-name heuristic
10,203,1028,217373,Kargahia Purab (CT),Census 2011 urban-name heuristic
10,203,1029,217429,Hat Saraiya (CT),Census 2011 urban-name heuristic
10,204,1034,801283,Sugauli (NP),Census 2011 urban-name heuristic
10,204,1039,801284,Dhaka (NP),Census 2011 urban-name heuristic
10,204,1045,801286,Areraj (NP),Census 2011 urban-name heuristic
10,204,1047,801287,Kesaria (NP),Census 2011 urban-name heuristic
10,204,1051,801288,Chakia (NP),Census 2011 urban-name heuristic
10,204,1052,801289,Pakri Dayal (NP),Census 2011 urban-name heuristic
10,204,1055,801290,Madhuban (NP),Census 2011 urban-name heuristic
10,204,1057,801291,Mehsi (NP),Census 2011 urban-name heuristic
10,205,1060,801292,Sheohar (NP),Census 2011 urban-name heuristic
10,206,1063,801293,Bairgania (NP),Census 2011 urban-name heuristic
10,206,1072,801294,Belsand (NP),Census 2011 urban-name heuristic
10,206,1074,219625,Mohanpur (CT),Census 2011 urban-name heuristic
10,206,1074,219626,Rajopatti urf Kota Bazar (CT),Census 2011 urban-name heuristic
10,206,1074,219627,Talkhapur Dumra (CT),Census 2011 urban-name heuristic
10,206,1074,801296,Dumra (NP),Census 2011 urban-name heuristic
10,206,1077,801297,Janakpur Road (NP),Census 2011 urban-name heuristic
10,207,1083,801298,Jainagar (NP),Census 2011 urban-name heuristic
10,207,1093,220486,Madhubani (CT),Census 2011 urban-name heuristic
10,207,1095,220625,Satghara (CT),Census 2011 urban-name heuristic
10,207,1097,801300,Jhanjharpur (NP),Census 2011 urban-name heuristic
10,207,1098,801301,Ghoghardiha (NP),Census 2011 urban-name heuristic
10,208,1101,801302,Nirmali (NP),Census 2011 urban-name heuristic
10,208,1102,801303,Birpur (NP),Census 2011 urban-name heuristic
10,209,1113,801305,Jogabani (NP),Census 2011 urban-name heuristic
10,210,1123,801308,Thakurganj (NP),Census 2011 urban-name heuristic
10,210,1125,801309,Bahadurganj (NP),Census 2011 urban-name heuristic
10,211,1128,801311,Banmankhi Bazar (NP),Census 2011 urban-name heuristic
10,211,1134,801312,Purnia (M Corp.),Census 2011 urban-name heuristic
10,211,1135,801313,Kasba (NP),Census 2011 urban-name heuristic
10,212,1147,225104,Raghunathpur (CT),Census 2011 urban-name heuristic
10,212,1151,225501,Katihar Rly. Colony  (OG) ( Part ),Census 2011 urban-name heuristic
10,212,1151,801314,Katihar (M Corp. + OG),Census 2011 urban-name heuristic
10,212,1151,801314,Katihar (M Corp.),Census 2011 urban-name heuristic
10,212,1156,801315,Manihari (NP),Census 2011 urban-name heuristic
10,213,1159,225836,Singhesar Asthan (CT),Census 2011 urban-name heuristic
10,213,1164,801317,Murliganj (NP),Census 2011 urban-name heuristic
10,215,1184,227112,Padri (CT),Census 2011 urban-name heuristic
10,215,1184,801319,Darbhanga (M Corp.),Census 2011 urban-name heuristic
10,215,1189,227464,Bahadurpur (CT),Census 2011 urban-name heuristic
10,216,1199,801321,Sahebganj (NP),Census 2011 urban-name heuristic
10,216,1200,801322,Motipur (NP),Census 2011 urban-name heuristic
10,216,1204,228693,Damodarpur (CT),Census 2011 urban-name heuristic
10,216,1204,801323,Kanti (NP),Census 2011 urban-name heuristic
10,216,1212,229455,Dumari urf Damodarpur Shahjahan (CT),Census 2011 urban-name heuristic
10,216,1212,229456,Majhauli Khetal (CT),Census 2011 urban-name heuristic
10,216,1212,229457,Yehiapur (CT),Census 2011 urban-name heuristic
10,216,1212,229458,Shekhpura (CT),Census 2011 urban-name heuristic
10,216,1212,801324,Muzaffarpur (M Corp.),Census 2011 urban-name heuristic
10,217,1215,801325,Kataiya (NP),Census 2011 urban-name heuristic
10,217,1221,230711,Hathua (CT),Census 2011 urban-name heuristic
10,217,1222,801326,Mirganj (NP),Census 2011 urban-name heuristic
10,217,1226,801328,Barauli (NP),Census 2011 urban-name heuristic
10,218,1236,801330,Maharajganj (NP),Census 2011 urban-name heuristic
10,218,1240,801331,Mairwa (NP),Census 2011 urban-name heuristic
10,219,1257,801332,Revelganj (NP),Census 2011 urban-name heuristic
10,219,1258,233708,Sanrha (CT),Census 2011 urban-name heuristic
10,219,1260,801334,Marhaura (NP),Census 2011 urban-name heuristic
10,219,1266,801335,Dighwara (NP),Census 2011 urban-name heuristic
10,219,1267,801336,Sonepur (NP),Census 2011 urban-name heuristic
10,220,1270,801337,Lalganj (NP),Census 2011 urban-name heuristic
10,220,1283,801339,Mahnar Bazar (NP),Census 2011 urban-name heuristic
10,221,1284,236297,Bhagirathpur (CT),Census 2011 urban-name heuristic
10,221,1285,236373,Mathurapur (CT),Census 2011 urban-name heuristic
10,221,1288,236603,Dharampur (CT),Census 2011 urban-name heuristic
10,221,1288,236604,Bhuindhara (CT),Census 2011 urban-name heuristic
10,221,1288,236605,Samastipur Rly. Colony  (OG),Census 2011 urban-name heuristic
10,221,1297,801341,Dalsinghsarai (NP),Census 2011 urban-name heuristic
10,221,1300,801342,Rosera (NP),Census 2011 urban-name heuristic
10,222,1309,237758,Mansur Chak (CT),Census 2011 urban-name heuristic
10,222,1311,801344,Teghra (NP),Census 2011 urban-name heuristic
10,222,1312,238047,Malhipur (CT),Census 2011 urban-name heuristic
10,222,1312,238048,Nurpur (CT),Census 2011 urban-name heuristic
10,222,1314,238158,Laruara (CT),Census 2011 urban-name heuristic
10,222,1314,801346,Begusarai (M Corp.),Census 2011 urban-name heuristic
10,222,1316,801347,Bakhri (NP),Census 2011 urban-name heuristic
10,222,1319,801348,Balia (NP),Census 2011 urban-name heuristic
10,223,1327,801350,Gogri Jamalpur (NP),Census 2011 urban-name heuristic
10,224,1332,801351,Naugachhia (NP),Census 2011 urban-name heuristic
10,224,1336,239325,Colgong (CT),Census 2011 urban-name heuristic
10,224,1336,801352,Colgong (NP),Census 2011 urban-name heuristic
10,224,1338,239423,Sabour (CT),Census 2011 urban-name heuristic
10,224,1339,239576,Nurpur (CT),Census 2011 urban-name heuristic
10,224,1343,240182,Habibpur (CT),Census 2011 urban-name heuristic
10,224,1343,240183,Puraini (CT),Census 2011 urban-name heuristic
10,224,1343,240184,Shahjangi (CT),Census 2011 urban-name heuristic
10,224,1343,801354,Bhagalpur (M Corp.),Census 2011 urban-name heuristic
10,225,1346,801355,Amarpur (NP),Census 2011 urban-name heuristic
10,225,1350,801356,Banka (NP),Census 2011 urban-name heuristic
10,226,1356,801357,Munger (M Corp.),Census 2011 urban-name heuristic
10,226,1357,242654,Paria (CT),Census 2011 urban-name heuristic
10,226,1360,801359,Kharagpur (NP),Census 2011 urban-name heuristic
10,226,1361,243123,Asarganj (CT),Census 2011 urban-name heuristic
10,226,1362,243202,Gazipur (CT),Census 2011 urban-name heuristic
10,226,1362,243203,Tarapur (CT),Census 2011 urban-name heuristic
10,227,1365,801360,Barahiya (NP),Census 2011 urban-name heuristic
10,228,1372,801362,Barbigha (NP),Census 2011 urban-name heuristic
10,229,1386,801364,Biharsharif (M Corp.),Census 2011 urban-name heuristic
10,229,1391,244896,Ekangar Sarai (CT),Census 2011 urban-name heuristic
10,229,1392,801366,Islampur (NP),Census 2011 urban-name heuristic
10,229,1394,801367,Rajgir (NP),Census 2011 urban-name heuristic
10,229,1395,801368,Silao (NP),Census 2011 urban-name heuristic
10,230,1398,801369,Maner (NP),Census 2011 urban-name heuristic
10,230,1399,245263,Saidpura (CT),Census 2011 urban-name heuristic
10,230,1399,801371,Dinapur Cantonment (CB),Census 2011 urban-name heuristic
10,230,1400,245296,Pataliputra Housing Colony (CT),Census 2011 urban-name heuristic
10,230,1400,645589,Badalpura  (OG) (Part),Census 2011 urban-name heuristic
10,230,1400,801373,Patna (M Corp. + OG),Census 2011 urban-name heuristic
10,230,1400,801373,Patna (M Corp.),Census 2011 urban-name heuristic
10,230,1402,245396,Nohsa (CT),Census 2011 urban-name heuristic
10,230,1402,245397,Kurthaur (CT),Census 2011 urban-name heuristic
10,230,1403,245486,Pareo (CT),Census 2011 urban-name heuristic
10,230,1403,801375,Bihta (NP),Census 2011 urban-name heuristic
10,230,1404,801376,Naubatpur (NP),Census 2011 urban-name heuristic
10,230,1405,801377,Bikram (NP),Census 2011 urban-name heuristic
10,230,1407,245825,Janpur (CT),Census 2011 urban-name heuristic
10,230,1411,801379,Fatwah (NP),Census 2011 urban-name heuristic
10,230,1413,801380,Khusrupur (NP),Census 2011 urban-name heuristic
10,230,1414,801381,Bakhtiarpur (NP),Census 2011 urban-name heuristic
10,230,1420,246571,Dariapur (CT),Census 2011 urban-name heuristic
10,231,1421,801384,Shahpur (NP),Census 2011 urban-name heuristic
10,231,1422,801385,Arrah (M Corp.),Census 2011 urban-name heuristic
10,231,1424,801386,Koilwar (NP),Census 2011 urban-name heuristic
10,231,1427,801387,Behea (NP),Census 2011 urban-name heuristic
10,231,1428,801388,Jagdishpur (NP),Census 2011 urban-name heuristic
10,231,1429,801389,Piro (NP),Census 2011 urban-name heuristic
10,232,1441,248330,Sarimpur (CT),Census 2011 urban-name heuristic
10,233,1446,249048,Ramgarh (CT),Census 2011 urban-name heuristic
10,233,1449,249508,Anwari (CT),Census 2011 urban-name heuristic
10,234,1459,801393,Koath (NP),Census 2011 urban-name heuristic
10,234,1461,801394,Bikramganj (NP),Census 2011 urban-name heuristic
10,234,1463,801395,Nasriganj (NP),Census 2011 urban-name heuristic
10,234,1466,801396,Nokha (NP),Census 2011 urban-name heuristic
10,234,1468,252038,Bhardua (CT),Census 2011 urban-name heuristic
10,234,1468,252039,Chanari (CT),Census 2011 urban-name heuristic
10,234,1474,252657,Saraiya (CT),Census 2011 urban-name heuristic
10,234,1475,252695,Telkap (CT),Census 2011 urban-name heuristic
10,235,1476,801399,Daudnagar (NP),Census 2011 urban-name heuristic
10,235,1477,252831,Hanspura (CT),Census 2011 urban-name heuristic
10,235,1479,801400,Rafiganj (NP),Census 2011 urban-name heuristic
10,235,1480,253375,Obra (CT),Census 2011 urban-name heuristic
10,235,1483,801402,Nabinagar (NP),Census 2011 urban-name heuristic
10,236,1488,801403,Tikari (NP),Census 2011 urban-name heuristic
10,236,1495,255396,Paharpur (CT),Census 2011 urban-name heuristic
10,236,1495,255397,Kaler  (OG),Census 2011 urban-name heuristic
10,236,1495,801404,Gaya (M Corp. + OG),Census 2011 urban-name heuristic
10,236,1495,801404,Gaya (M Corp.),Census 2011 urban-name heuristic
10,236,1497,255563,Bara (CT),Census 2011 urban-name heuristic
10,236,1503,801405,Sherghati (NP),Census 2011 urban-name heuristic
10,236,1505,801406,Bodh Gaya (NP),Census 2011 urban-name heuristic
10,237,1512,257561,Bhadauni (CT),Census 2011 urban-name heuristic
10,237,1513,801408,Warisaliganj (NP),Census 2011 urban-name heuristic
10,237,1520,801409,Hisua (NP),Census 2011 urban-name heuristic
10,237,1524,801410,Rajauli (NP),Census 2011 urban-name heuristic
10,238,1530,259057,Tola Chain (CT),Census 2011 urban-name heuristic
10,238,1530,259058,Tola Baliadih (CT),Census 2011 urban-name heuristic
10,238,1530,801412,Jhajha (NP),Census 2011 urban-name heuristic
10,238,1533,259424,Tola Pairamatihana (CT),Census 2011 urban-name heuristic
10,239,1540,801414,Makhdumpur (NP),Census 2011 urban-name heuristic
11,241,1548,801416,Mangan (NP),Census 2011 urban-name heuristic
11,242,1549,801417,Gyalshing (NP),Census 2011 urban-name heuristic
11,243,1551,801419,Namchi (M Cl),Census 2011 urban-name heuristic
11,243,1551,801420,Jorethang (NP),Census 2011 urban-name heuristic
11,244,1553,801421,Gangtok (M Corp.),Census 2011 urban-name heuristic
11,244,1553,801422,Singtam (NP),Census 2011 urban-name heuristic
11,244,1553,801423,Rangpo (NP),Census 2011 urban-name heuristic
11,244,1555,261376,Rhenak (CT),Census 2011 urban-name heuristic
12,246,1572,261802,Rupa (CT),Census 2011 urban-name heuristic
13,261,1744,801450,Naginimora (TC),Census 2011 urban-name heuristic
13,261,1748,801451,Mon (TC),Census 2011 urban-name heuristic
13,262,1760,267135,Tsudikong (13th Mile Tuli Paper Mill ) (CT),Census 2011 urban-name heuristic
13,262,1760,801452,Tuli (TC),Census 2011 urban-name heuristic
13,262,1761,801453,Changtongya (TC),Census 2011 urban-name heuristic
13,262,1766,801454,Mokokchung (MC),Census 2011 urban-name heuristic
13,263,1772,801455,Zunheboto (TC),Census 2011 urban-name heuristic
13,263,1777,267382,Satakha Hq. (CT),Census 2011 urban-name heuristic
13,264,1789,801456,Wokha (TC),Census 2011 urban-name heuristic
13,265,1796,267667,Kuda  (CT),Census 2011 urban-name heuristic
13,265,1796,267668,Rangapahar (CT),Census 2011 urban-name heuristic
13,265,1796,801457,Dimapur (MC),Census 2011 urban-name heuristic
13,265,1797,267722,Puranabazar 'A' (CT),Census 2011 urban-name heuristic
13,265,1797,267723,Diphupar 'A' (CT),Census 2011 urban-name heuristic
13,265,1797,801458,Chumukedima (TC),Census 2011 urban-name heuristic
13,265,1799,801459,Medziphema (TC),Census 2011 urban-name heuristic
13,266,1801,801460,Phek (TC),Census 2011 urban-name heuristic
13,266,1809,801461,Pfutsero (TC),Census 2011 urban-name heuristic
13,267,1817,801462,Tuensang (TC),Census 2011 urban-name heuristic
13,268,1833,801463,Longleng (TC),Census 2011 urban-name heuristic
13,269,1837,801464,Kiphire (TC),Census 2011 urban-name heuristic
13,270,1843,801465,Tseminyu (TC),Census 2011 urban-name heuristic
13,270,1849,268273,Kohima Village (CT),Census 2011 urban-name heuristic
13,270,1849,801466,Kohima (MC),Census 2011 urban-name heuristic
13,271,1852,801467,Jalukie (TC),Census 2011 urban-name heuristic
13,271,1857,801468,Peren (TC),Census 2011 urban-name heuristic
14,0,0,801469,Nambol (MCI),Census 2011 urban-name heuristic
14,0,0,801476,Lilong (Thoubal) (NP),Census 2011 urban-name heuristic
14,0,0,801487,Imphal (MCI + OG),Census 2011 urban-name heuristic
14,0,0,801488,Samurou (NP),Census 2011 urban-name heuristic
14,272,1861,268681,Kangpokpi (CT),Census 2011 urban-name heuristic
14,273,1866,269207,Tamenglong (CT),Census 2011 urban-name heuristic
14,274,1871,269800,Zenhang Lamka (CT),Census 2011 urban-name heuristic
14,274,1871,269801,Rengkai (CT),Census 2011 urban-name heuristic
14,274,1871,269802,Hill Town (CT),Census 2011 urban-name heuristic
14,274,1872,269807,Vokbual (M),Census 2011 urban-name heuristic
14,275,1873,801469,Nambol (MCI) (Major part),Census 2011 urban-name heuristic
14,275,1873,801470,Oinam (NP),Census 2011 urban-name heuristic
14,275,1874,801471,Bishnupur (MCI),Census 2011 urban-name heuristic
14,275,1874,801472,Ningthoukhong (NP),Census 2011 urban-name heuristic
14,275,1875,801473,Moirang (MCI),Census 2011 urban-name heuristic
14,275,1875,801474,Kwakta (NP),Census 2011 urban-name heuristic
14,275,1875,801475,Kumbi (NP),Census 2011 urban-name heuristic
14,276,1876,801476,Lilong (Thoubal) (NP) (Major part),Census 2011 urban-name heuristic
14,276,1876,801488,Samurou (NP) (Minor part),Census 2011 urban-name heuristic
14,276,1877,801477,Heirok (NP),Census 2011 urban-name heuristic
14,276,1877,801478,Wangjing (NP),Census 2011 urban-name heuristic
14,276,1877,801479,Thoubal (MCI),Census 2011 urban-name heuristic
14,276,1877,801480,Sikhong Sekmai (NP),Census 2011 urban-name heuristic
14,276,1877,801481,Yairipok (NP),Census 2011 urban-name heuristic
14,276,1878,801482,Sugnu (NP),Census 2011 urban-name heuristic
14,276,1878,801483,Kakching Khunou (NP),Census 2011 urban-name heuristic
14,276,1878,801484,Kakching (M Cl),Census 2011 urban-name heuristic
14,277,1879,801485,Lamsang (NP),Census 2011 urban-name heuristic
14,277,1879,801486,Sekmai Bazar (NP),Census 2011 urban-name heuristic
14,277,1880,270116,Lamjaotongba (CT),Census 2011 urban-name heuristic
14,277,1880,270117,Langjing (CT),Census 2011 urban-name heuristic
14,277,1880,801469,Nambol (MCI) (Minor part),Census 2011 urban-name heuristic
14,277,1881,269934,Bijoy Govinda  (OG),Census 2011 urban-name heuristic
14,277,1881,269935,Oinam Thingel (OG),Census 2011 urban-name heuristic
14,277,1881,270122,Naoriya Pakhanglakpa (CT),Census 2011 urban-name heuristic
14,277,1881,270123,Sagolband (Part) (CT),Census 2011 urban-name heuristic
14,277,1881,270124,Takyel Mapal (CT),Census 2011 urban-name heuristic
14,277,1881,801487,Imphal (MCI + OG) (Major part),Census 2011 urban-name heuristic
14,277,1881,801487,Imphal (MCI) (Major part),Census 2011 urban-name heuristic
14,277,1882,269936,Langthabal Kunja (OG),Census 2011 urban-name heuristic
14,277,1882,269937,Naorem Leikai (OG),Census 2011 urban-name heuristic
14,277,1882,270152,Langthabal Mantrikhong (OG) (Part),Census 2011 urban-name heuristic
14,277,1882,801489,Mayang Imphal (NP),Census 2011 urban-name heuristic
14,277,1882,801490,Thongkhong Laxmi Bazar (NP),Census 2011 urban-name heuristic
14,277,1882,801491,Wangoi (NP),Census 2011 urban-name heuristic
14,277,1882,801492,Lilong (Imphal West) (NP + OG),Census 2011 urban-name heuristic
14,277,1882,801492,Lilong (Imphal West) (NP),Census 2011 urban-name heuristic
14,278,1883,801493,Jiribam (M Cl),Census 2011 urban-name heuristic
14,278,1884,801494,Lamlai (NP),Census 2011 urban-name heuristic
14,278,1885,270312,Porompat (CT),Census 2011 urban-name heuristic
14,278,1885,270313,Torban (Kshetri Leikai) (CT),Census 2011 urban-name heuristic
14,278,1885,270314,Khongman (CT),Census 2011 urban-name heuristic
14,278,1885,270315,Luwangsangbam (CT),Census 2011 urban-name heuristic
14,278,1885,270316,Heingang (CT),Census 2011 urban-name heuristic
14,278,1885,270317,Lairikyengbam Leikai (CT),Census 2011 urban-name heuristic
14,278,1885,270318,Laipham Siphai (CT),Census 2011 urban-name heuristic
14,278,1885,270319,Khurai Sajor Leikai (CT),Census 2011 urban-name heuristic
14,278,1885,270320,Chingangbam Leikai (CT),Census 2011 urban-name heuristic
14,278,1885,270321,Kshetrigao (CT),Census 2011 urban-name heuristic
14,278,1885,270322,Thongju (CT),Census 2011 urban-name heuristic
14,278,1885,270323,Kiyamgei (CT),Census 2011 urban-name heuristic
14,278,1885,270324,Porompat Plan Area  (OG),Census 2011 urban-name heuristic
14,278,1885,270325,Kongkham Leikai  (OG),Census 2011 urban-name heuristic
14,278,1885,801487,Imphal (MCI + OG) ( Minor part),Census 2011 urban-name heuristic
14,278,1885,801487,Imphal (MCI) ( Minor part),Census 2011 urban-name heuristic
14,278,1886,801476,Lilong (Thoubal) (NP) ( Minor part),Census 2011 urban-name heuristic
14,278,1886,801495,Andro (NP),Census 2011 urban-name heuristic
14,279,1888,270457,Ukhrul (CT),Census 2011 urban-name heuristic
16,289,1922,271863,Taranagar (CT),Census 2011 urban-name heuristic
16,289,1922,271864,Narsingarh (CT),Census 2011 urban-name heuristic
16,289,1922,271865,Singarbil (CT),Census 2011 urban-name heuristic
16,289,1922,271866,Gandhigram (CT),Census 2011 urban-name heuristic
16,289,1931,272013,Radhakishorenagar (CT),Census 2011 urban-name heuristic
16,289,1931,272014,Briddhanagar (CT),Census 2011 urban-name heuristic
16,289,1931,272015,Uttar Champamura (CT),Census 2011 urban-name heuristic
16,289,1931,272016,Bankimnagar (CT),Census 2011 urban-name heuristic
16,289,1932,272023,Charipara (CT),Census 2011 urban-name heuristic
16,289,1932,272024,Anandanagar (CT),Census 2011 urban-name heuristic
16,289,1932,272025,Dukli (CT),Census 2011 urban-name heuristic
16,289,1932,272026,Madhupur (CT),Census 2011 urban-name heuristic
16,289,1932,272027,Madhuban (CT),Census 2011 urban-name heuristic
16,289,1934,272081,Gakulnagar (CT),Census 2011 urban-name heuristic
16,289,1936,272126,Chandigarh (CT),Census 2011 urban-name heuristic
16,289,99999,801520,Khowai (NP),Census 2011 urban-name heuristic
16,289,99999,801521,Teliamura (NP),Census 2011 urban-name heuristic
16,289,99999,801522,Ranirbazar (NP),Census 2011 urban-name heuristic
16,289,99999,801523,Agartala (M Cl),Census 2011 urban-name heuristic
16,289,99999,801524,Bishalgarh (NP),Census 2011 urban-name heuristic
16,289,99999,801525,Sonamura (NP),Census 2011 urban-name heuristic
16,290,1941,272233,Dhwajnagar (CT),Census 2011 urban-name heuristic
16,290,1941,272234,Gakulpur (CT),Census 2011 urban-name heuristic
16,290,1941,272235,Fulkumari (Part) (CT),Census 2011 urban-name heuristic
16,290,1941,272236,Matarbari (CT),Census 2011 urban-name heuristic
16,290,1946,272360,Lebachhara (CT),Census 2011 urban-name heuristic
16,290,99999,801526,Udaipur (NP),Census 2011 urban-name heuristic
16,290,99999,801527,Amarpur (NP),Census 2011 urban-name heuristic
16,290,99999,801528,Santir Bazar (NP),Census 2011 urban-name heuristic
16,290,99999,801529,Belonia (NP),Census 2011 urban-name heuristic
16,290,99999,801530,Sabroom (NP),Census 2011 urban-name heuristic
16,291,1949,272465,Kalachhari (CT),Census 2011 urban-name heuristic
16,291,1950,272488,Manu (CT),Census 2011 urban-name heuristic
16,291,99999,801531,Kamalpur (NP),Census 2011 urban-name heuristic
16,291,99999,801532,Ambassa (NP),Census 2011 urban-name heuristic
16,292,1956,272655,Dewanpasa (CT),Census 2011 urban-name heuristic
16,292,1956,272656,Panisagar (CT),Census 2011 urban-name heuristic
16,292,1959,272707,Fatikroy (CT),Census 2011 urban-name heuristic
16,292,1960,272731,Kanchanpur (CT),Census 2011 urban-name heuristic
16,292,99999,801533,Kailasahar (NP),Census 2011 urban-name heuristic
16,292,99999,801534,Dharmanagar (NP),Census 2011 urban-name heuristic
16,292,99999,801535,Kumarghat (NP),Census 2011 urban-name heuristic
17,293,1965,801536,Tura (M),Census 2011 urban-name heuristic
17,296,1980,801540,Nongstoin (TC),Census 2011 urban-name heuristic
17,296,1982,801541,Mairang (TC),Census 2011 urban-name heuristic
17,297,1985,801542,Nongpoh (TC),Census 2011 urban-name heuristic
17,297,1987,278071,Umroi (CT),Census 2011 urban-name heuristic
17,298,1989,278353,Mawlai (CT),Census 2011 urban-name heuristic
17,298,1989,278354,Pynthormukhrah (CT),Census 2011 urban-name heuristic
17,298,1989,278355,Nongmynsong (CT),Census 2011 urban-name heuristic
17,298,1989,278356,Mawpat (CT),Census 2011 urban-name heuristic
17,298,1989,278357,Umpling (CT),Census 2011 urban-name heuristic
17,298,1989,278358,Nongthymmai (CT),Census 2011 urban-name heuristic
17,298,1989,278359,Madanriting (CT),Census 2011 urban-name heuristic
17,298,1989,278360,Nongkseh (CT),Census 2011 urban-name heuristic
17,298,1989,278361,Umlyngka (CT),Census 2011 urban-name heuristic
17,298,1989,278362,Lawsohtun (CT),Census 2011 urban-name heuristic
17,298,1989,801543,Shillong (CB),Census 2011 urban-name heuristic
17,298,1994,278901,Cherrapunjee (CT),Census 2011 urban-name heuristic
17,299,1996,801545,Jowai (M),Census 2011 urban-name heuristic
18,300,2001,279898,Padmabil (CT),Census 2011 urban-name heuristic
18,300,2001,801546,Gossaigaon (TC),Census 2011 urban-name heuristic
18,300,2004,280388,Salakati (CT),Census 2011 urban-name heuristic
18,301,2005,801550,Sapatgram (TC),Census 2011 urban-name heuristic
18,301,2007,280885,Golokganj (CT),Census 2011 urban-name heuristic
18,301,2008,281039,Jhagra Pt.III (CT),Census 2011 urban-name heuristic
18,301,2008,801548,Gauripur (TC),Census 2011 urban-name heuristic
18,301,2009,281338,Anand Nagar (CT),Census 2011 urban-name heuristic
18,301,2009,801551,Bilasipara (TC),Census 2011 urban-name heuristic
18,301,2010,801552,Chapar (TC),Census 2011 urban-name heuristic
18,301,2012,281759,Mankachar (CT),Census 2011 urban-name heuristic
18,302,2013,282027,Nidanpur Pt-II (CT),Census 2011 urban-name heuristic
18,302,2013,801553,Lakhipur (TC),Census 2011 urban-name heuristic
18,302,2014,282248,Gobindapur (CT),Census 2011 urban-name heuristic
18,302,2014,282249,Bhalukdubi (CT),Census 2011 urban-name heuristic
18,302,2015,282403,Kharijapikon (CT),Census 2011 urban-name heuristic
18,302,2015,282404,Salpara Molandubi Pt.-I (CT),Census 2011 urban-name heuristic
18,302,2015,282405,Asudubi (CT),Census 2011 urban-name heuristic
18,302,2016,282470,Damara Patpara (CT),Census 2011 urban-name heuristic
18,302,2016,282471,Thekashu Pt-I (CT),Census 2011 urban-name heuristic
18,302,2016,282472,Thekashu Pt.-II (CT),Census 2011 urban-name heuristic
18,303,2018,282691,Uttar Athiabari (CT),Census 2011 urban-name heuristic
18,303,2018,282692,Khaira Bari (CT),Census 2011 urban-name heuristic
18,303,2018,801556,Sarbhog (TC),Census 2011 urban-name heuristic
18,303,2021,283005,Bohari (CT),Census 2011 urban-name heuristic
18,303,2022,801558,Howli (TC),Census 2011 urban-name heuristic
18,303,2023,801559,Sarthebari (TC),Census 2011 urban-name heuristic
18,303,2024,801560,Pathsala (TC),Census 2011 urban-name heuristic
18,304,2026,283613,Jagiroad (CT),Census 2011 urban-name heuristic
18,304,2026,283614,Tegheria (CT),Census 2011 urban-name heuristic
18,304,2026,283615,Nakhula Grant (CT),Census 2011 urban-name heuristic
18,304,2027,283737,Bhuragaon (Rev.) Town (CT),Census 2011 urban-name heuristic
18,304,2028,283840,Mairabari Town (CT),Census 2011 urban-name heuristic
18,305,2032,284490,Rupahi Town (CT),Census 2011 urban-name heuristic
18,305,2034,801562,Dhing (TC),Census 2011 urban-name heuristic
18,305,2035,284816,Dimaruguri (CT),Census 2011 urban-name heuristic
18,305,2035,284817,Chota Haibor (CT),Census 2011 urban-name heuristic
18,305,2035,284818,Morongial (CT),Census 2011 urban-name heuristic
18,305,2035,284819,Kachalukhowa (OG),Census 2011 urban-name heuristic
18,305,2035,284820,Nartam Gaon (OG),Census 2011 urban-name heuristic
18,305,2036,801564,Raha (TC),Census 2011 urban-name heuristic
18,305,2037,801565,Kampur Town (TC),Census 2011 urban-name heuristic
18,305,2038,285193,Pub - Dhaniram Pather (CT),Census 2011 urban-name heuristic
18,305,2038,285194,Borpukhuri (CT),Census 2011 urban-name heuristic
18,305,2038,285195,Golaghatia Basti (CT),Census 2011 urban-name heuristic
18,305,2039,285309,Jamunamukh (CT),Census 2011 urban-name heuristic
18,305,2039,801567,Doboka (TC),Census 2011 urban-name heuristic
18,305,2040,285495,Lumding Rly. Col. (CT),Census 2011 urban-name heuristic
18,306,0,801574,Gohpur (TC),Census 2011 urban-name heuristic
18,306,2042,801571,Rangapara (TC),Census 2011 urban-name heuristic
18,306,2043,286340,Majgaon (CT),Census 2011 urban-name heuristic
18,306,2043,286341,Gutlong Gaon (CT),Census 2011 urban-name heuristic
18,306,2043,286342,Barika Chuburi (CT),Census 2011 urban-name heuristic
18,306,2043,286343,Bamun Chuburi (OG),Census 2011 urban-name heuristic
18,306,2043,286344,Dekar Gaon (OG),Census 2011 urban-name heuristic
18,306,2043,286345,Parbatia Gaon (OG),Census 2011 urban-name heuristic
18,306,2043,286346,Hazarpar Dekar Gaon (OG),Census 2011 urban-name heuristic
18,306,2043,286347,Deori Gaon (OG),Census 2011 urban-name heuristic
18,306,2045,801573,Biswanath Chariali (TC),Census 2011 urban-name heuristic
18,306,2046,801574,Gohpur (TC) (Part),Census 2011 urban-name heuristic
18,306,2047,801574,Gohpur (TC) (Part),Census 2011 urban-name heuristic
18,307,2048,801575,Narayanpur (TC),Census 2011 urban-name heuristic
18,307,2049,801576,Bihpuria (TC),Census 2011 urban-name heuristic
18,307,2053,801578,Dhakuakhana (TC),Census 2011 urban-name heuristic
18,308,2055,801579,Dhemaji (TC),Census 2011 urban-name heuristic
18,308,2056,801580,Silapathar (TC),Census 2011 urban-name heuristic
18,308,2057,289621,Jonai Bazar (CT),Census 2011 urban-name heuristic
18,308,2057,289622,Lakhi Nepali (CT),Census 2011 urban-name heuristic
18,309,2059,290058,Chapakhowa Town (CT),Census 2011 urban-name heuristic
18,309,2060,290188,Tipuk 102(M) Fs,Census 2011 urban-name heuristic
18,309,2060,801581,Doom Dooma (TC),Census 2011 urban-name heuristic
18,309,2060,801582,Makum (TC),Census 2011 urban-name heuristic
18,309,2061,290740,Forest Vill. Lakhipathar (CT),Census 2011 urban-name heuristic
18,309,2061,290741,Bahbari Gaon (CT),Census 2011 urban-name heuristic
18,309,2061,290742,Kachujan Gaon (CT),Census 2011 urban-name heuristic
18,309,2061,290743,Lahari Kachari Gaon (OG),Census 2011 urban-name heuristic
18,309,2061,290744,Hengaluguri Gaon (OG),Census 2011 urban-name heuristic
18,309,2061,290745,Bajatoli Gaon (OG),Census 2011 urban-name heuristic
18,309,2061,290746,Hijuguri Gaon (OG),Census 2011 urban-name heuristic
18,309,2061,290747,Tinsukia Town 24 No. Sheet (OG),Census 2011 urban-name heuristic
18,309,2062,291062,Digboi Oil Town (CT),Census 2011 urban-name heuristic
18,309,2062,291063,Borgolai Grant No.II (CT),Census 2011 urban-name heuristic
18,309,2062,291064,Lido Town (CT),Census 2011 urban-name heuristic
18,309,2062,291065,Lido Tikok (CT),Census 2011 urban-name heuristic
18,309,2062,801584,Digboi (TC),Census 2011 urban-name heuristic
18,309,2062,801585,Margherita (TC),Census 2011 urban-name heuristic
18,310,2063,291253,Niz- Mankata (CT),Census 2011 urban-name heuristic
18,310,2063,291254,Mahpowalimara Gohain Gaon (OG),Census 2011 urban-name heuristic
18,310,2064,291355,Barbari (Amc Area) (CT),Census 2011 urban-name heuristic
18,310,2064,291356,Tekela Chiring Gaon (OG),Census 2011 urban-name heuristic
18,310,2065,801587,Chabua (TC),Census 2011 urban-name heuristic
18,310,2066,291703,Duliajan Oil Town (CT),Census 2011 urban-name heuristic
18,310,2066,291704,Sarupathar Bengali (CT),Census 2011 urban-name heuristic
18,310,2067,292012,Moran Town (CT),Census 2011 urban-name heuristic
18,310,2069,292421,Namrup (CT),Census 2011 urban-name heuristic
18,310,2069,801588,Naharkatiya (TC),Census 2011 urban-name heuristic
18,311,2073,801592,Simaluguri (TC),Census 2011 urban-name heuristic
18,311,2075,293297,Sepon (CT),Census 2011 urban-name heuristic
18,311,2075,801594,Moranhat (TC),Census 2011 urban-name heuristic
18,312,2077,293676,Naubaisa Goan (CT),Census 2011 urban-name heuristic
18,312,2077,293677,Dhekorgorha (CT),Census 2011 urban-name heuristic
18,312,2077,293678,Charingia Gaon (CT),Census 2011 urban-name heuristic
18,312,2077,293679,Nowsolia Gaon (CT),Census 2011 urban-name heuristic
18,312,2077,293680,Sarbaibandha  (OG),Census 2011 urban-name heuristic
18,312,2077,293681,Chowdang No.1 (OG),Census 2011 urban-name heuristic
18,312,2077,293682,Bohotia Gaon  (OG),Census 2011 urban-name heuristic
18,312,2077,293683,Sonari Gaon  (OG),Census 2011 urban-name heuristic
18,312,2077,293684,Kamalabaria Gaon (OG),Census 2011 urban-name heuristic
18,312,2077,293685,Nakari Bamun Gaon (OG),Census 2011 urban-name heuristic
18,312,2077,293686,Barbheta Chapari (OG),Census 2011 urban-name heuristic
18,312,2078,293752,Kumar Kaibarta Gaon (CT),Census 2011 urban-name heuristic
18,312,2078,293753,Chekonidhara (CT),Census 2011 urban-name heuristic
18,312,2078,293754,Kamalabaria N.C. (CT),Census 2011 urban-name heuristic
18,312,2078,293755,Chengeli Gaon (OG),Census 2011 urban-name heuristic
18,312,2078,293756,Gohain Tekela Gaon (OG),Census 2011 urban-name heuristic
18,312,2078,293757,Duliagaon (OG),Census 2011 urban-name heuristic
18,312,2078,293758,Cinnamara Grant (OG),Census 2011 urban-name heuristic
18,312,2078,293759,Toklai Cha Bagicha (OG),Census 2011 urban-name heuristic
18,312,2079,801596,Teok (TC),Census 2011 urban-name heuristic
18,312,2080,801597,Titabor Town (TC),Census 2011 urban-name heuristic
18,312,2081,801598,Mariani (TC),Census 2011 urban-name heuristic
18,313,2082,294282,Mohmaiki (CT),Census 2011 urban-name heuristic
18,313,2082,294283,Numaligarh Refinery Township (CT),Census 2011 urban-name heuristic
18,313,2082,801599,Bokakhat (TC),Census 2011 urban-name heuristic
18,313,2087,801602,Sarupathar (TC),Census 2011 urban-name heuristic
18,313,2087,801603,Barpathar (TC),Census 2011 urban-name heuristic
18,314,2088,801604,Hamren (TC),Census 2011 urban-name heuristic
18,314,2088,801605,Donkamokam (TC),Census 2011 urban-name heuristic
18,314,2089,296732,Laharijan Natun Bosti (CT),Census 2011 urban-name heuristic
18,314,2089,801606,Diphu (TC),Census 2011 urban-name heuristic
18,314,2089,801607,Bokajan (TC),Census 2011 urban-name heuristic
18,314,2090,801608,Howraghat (TC),Census 2011 urban-name heuristic
18,314,2090,801609,Dokmoka (TC),Census 2011 urban-name heuristic
18,315,2092,801610,Umrangso (TC),Census 2011 urban-name heuristic
18,315,2093,801611,Haflong (TC),Census 2011 urban-name heuristic
18,315,2094,801612,Mahur (TC),Census 2011 urban-name heuristic
18,315,2095,801613,Maibong (TC),Census 2011 urban-name heuristic
18,316,2096,299130,Niz Katigorah Pt III (CT),Census 2011 urban-name heuristic
18,316,2096,299131,Katirail T.E. (CT),Census 2011 urban-name heuristic
18,316,2097,299378,Tupkhana Pt I (CT),Census 2011 urban-name heuristic
18,316,2097,299379,Tarapur Pt VI (CT),Census 2011 urban-name heuristic
18,316,2097,299380,Dudhpatil Pt VI (CT),Census 2011 urban-name heuristic
18,316,2097,299381,Dudhpatil Pt V (CT),Census 2011 urban-name heuristic
18,316,2097,299382,Ambicapur Pt VIII (CT),Census 2011 urban-name heuristic
18,316,2097,299383,Ambicapur Pt VI (CT),Census 2011 urban-name heuristic
18,316,2097,299384,Uttar Krishnapur Pt III (CT),Census 2011 urban-name heuristic
18,316,2097,299385,Irongmara (CT),Census 2011 urban-name heuristic
18,316,2097,299386,Kanakpur Pt. II (CT),Census 2011 urban-name heuristic
18,316,2097,299387,Silchar Pt. X (CT),Census 2011 urban-name heuristic
18,316,2097,299388,Ambikapur Pt. X (CT),Census 2011 urban-name heuristic
18,316,2097,299389,Uttar Krishnapur Pt. I (CT),Census 2011 urban-name heuristic
18,316,2097,299390,Tarapur VII (CT),Census 2011 urban-name heuristic
18,316,2097,299391,Kanakpur I (CT),Census 2011 urban-name heuristic
18,316,2097,299392,Silchar XI (OG),Census 2011 urban-name heuristic
18,316,2097,299393,Tarapur VIII (OG),Census 2011 urban-name heuristic
18,316,2098,299492,Durga Nagar Pt. V (CT),Census 2011 urban-name heuristic
18,317,2101,300147,Batarashi (CT),Census 2011 urban-name heuristic
18,317,2101,300148,Kanisail Pt I (CT),Census 2011 urban-name heuristic
18,317,2102,300230,Badarpur Rly. Town (CT),Census 2011 urban-name heuristic
18,317,2102,300231,Mosli Pt I (CT),Census 2011 urban-name heuristic
18,317,2102,300232,Chapra (CT),Census 2011 urban-name heuristic
18,317,2102,801617,Badarpur (TC),Census 2011 urban-name heuristic
18,318,2106,300978,H.P.C. Township (CT),Census 2011 urban-name heuristic
18,318,2108,801619,Lala (TC),Census 2011 urban-name heuristic
18,319,2110,301325,New Bongaigaon Rly. Col. (CT),Census 2011 urban-name heuristic
18,319,2111,301473,Chalantapara Pt IV (CT),Census 2011 urban-name heuristic
18,319,2112,801621,Abhayapuri (TC),Census 2011 urban-name heuristic
18,319,2114,301806,B.R.P.L. Township (CT),Census 2011 urban-name heuristic
18,320,2004,801622,Basugaon (TC),Census 2011 urban-name heuristic
18,320,2114,302042,Chatibor Gaon (CT),Census 2011 urban-name heuristic
18,320,2115,801623,Bijni (TC),Census 2011 urban-name heuristic
18,321,2116,302426,Udiana (CT),Census 2011 urban-name heuristic
18,321,2119,302704,Sualkuchi (CT),Census 2011 urban-name heuristic
18,321,2119,302705,Bamun Sualkuchi (CT),Census 2011 urban-name heuristic
18,321,2119,302706,Niz-Hajo (CT),Census 2011 urban-name heuristic
18,321,2119,302707,Majarkuri (CT),Census 2011 urban-name heuristic
18,321,2125,303357,Kochpara (CT),Census 2011 urban-name heuristic
18,321,2125,303358,Nahira (CT),Census 2011 urban-name heuristic
18,321,2125,303359,Upar Hali (CT),Census 2011 urban-name heuristic
18,321,2125,303360,Dahali (CT),Census 2011 urban-name heuristic
18,321,2125,303361,Sarpara (CT),Census 2011 urban-name heuristic
18,321,2125,303362,Parlli Part (CT),Census 2011 urban-name heuristic
18,321,2125,303363,Sanpara (CT),Census 2011 urban-name heuristic
18,321,2126,303396,Changsari (CT),Census 2011 urban-name heuristic
18,321,2126,303397,Jalah (CT),Census 2011 urban-name heuristic
18,322,0,801627,Guwahati (M Corp. + OG),Census 2011 urban-name heuristic
18,322,2126,303429,Amin Gaon (CT),Census 2011 urban-name heuristic
18,322,2126,801626,North Guwahati (TC),Census 2011 urban-name heuristic
18,322,2127,303419,Azara (CT),Census 2011 urban-name heuristic
18,322,2127,303420,Garal (CT),Census 2011 urban-name heuristic
18,322,2127,303421,Majir Gaon (CT),Census 2011 urban-name heuristic
18,322,2127,303422,Kahi Kuchi (CT),Census 2011 urban-name heuristic
18,322,2127,303423,Dharapur (CT),Census 2011 urban-name heuristic
18,322,2128,801627,Guwahati (M Corp.) (Part),Census 2011 urban-name heuristic
18,322,2129,303435,Narengi (OG),Census 2011 urban-name heuristic
18,322,2129,801627,Guwahati (M Corp. + OG) (Part),Census 2011 urban-name heuristic
18,322,2130,303578,Digaru Gaon (Digarubar Gaon) (CT),Census 2011 urban-name heuristic
18,322,2130,303579,Barua Bari Gaon (CT),Census 2011 urban-name heuristic
18,322,2130,303580,Sonapur Gaon (CT),Census 2011 urban-name heuristic
18,322,2131,303624,Chandrapur Baghicha (CT),Census 2011 urban-name heuristic
18,323,2132,801628,Tihu (TC),Census 2011 urban-name heuristic
18,323,2133,303707,Rupiabathan (CT),Census 2011 urban-name heuristic
18,323,2133,303708,Belsor (CT),Census 2011 urban-name heuristic
18,323,2133,303709,Kakaya (CT),Census 2011 urban-name heuristic
18,323,2133,303710,Pipalibari (CT),Census 2011 urban-name heuristic
18,323,2133,303711,Bangaon (CT),Census 2011 urban-name heuristic
18,323,2135,303895,Marowa (CT),Census 2011 urban-name heuristic
18,323,2136,303978,Bali Koria (CT),Census 2011 urban-name heuristic
18,323,2136,303979,Digheli (CT),Census 2011 urban-name heuristic
18,323,2136,303980,Niz-Bahjani (CT),Census 2011 urban-name heuristic
18,324,2018,304182,Takhlibilar Pathar (CT),Census 2011 urban-name heuristic
18,324,2141,304411,No.2 Goreswar (CT),Census 2011 urban-name heuristic
18,325,2148,305104,Gerimari Chapori (CT),Census 2011 urban-name heuristic
18,325,2149,801631,Kharupatia (TC),Census 2011 urban-name heuristic
18,326,2150,305512,Kalaigaon Town Part (CT),Census 2011 urban-name heuristic
18,326,2151,801632,Tangla (TC),Census 2011 urban-name heuristic
18,326,2152,801633,Udalguri (TC),Census 2011 urban-name heuristic
19,0,99999,801638,Siliguri (M Corp.),Census 2011 urban-name heuristic
19,327,2154,306188,Badamtam Tea Garden (CT),Census 2011 urban-name heuristic
19,327,2154,306189,Ging Tea Garden (CT),Census 2011 urban-name heuristic
19,327,2154,306190,Chongtong Tea Garden (CT),Census 2011 urban-name heuristic
19,327,2154,306191,Singtam Tea Garden (CT),Census 2011 urban-name heuristic
19,327,2156,306271,Dungra Khasmahal (CT),Census 2011 urban-name heuristic
19,327,2159,306392,Sukhiapokhri (CT),Census 2011 urban-name heuristic
19,327,2159,306393,Sonada Khasmahal (CT),Census 2011 urban-name heuristic
19,327,2159,306394,Rongmook Ceder Tea Garden (CT),Census 2011 urban-name heuristic
19,327,2159,306395,Mangarjung Tea Garden (Nagri) (CT),Census 2011 urban-name heuristic
19,327,2161,306489,Cart Road (CT),Census 2011 urban-name heuristic
19,327,2162,306562,Kalkut (CT),Census 2011 urban-name heuristic
19,327,2162,306563,Tari (CT),Census 2011 urban-name heuristic
19,327,2162,306564,Bairatisal (CT),Census 2011 urban-name heuristic
19,327,2162,306565,Jitu (CT),Census 2011 urban-name heuristic
19,327,2162,306566,Mathapari (CT),Census 2011 urban-name heuristic
19,327,2162,306567,Bara Mohansingh (CT),Census 2011 urban-name heuristic
19,327,2163,306661,Dumriguri (CT),Census 2011 urban-name heuristic
19,327,2163,306662,Uttar Bagdogra (CT),Census 2011 urban-name heuristic
19,327,2163,306663,Geni (CT),Census 2011 urban-name heuristic
19,327,2163,306664,Bhimram (CT),Census 2011 urban-name heuristic
19,327,2163,306665,Lalman (CT),Census 2011 urban-name heuristic
19,327,2163,306666,Dakshin Bagdogra (CT),Census 2011 urban-name heuristic
19,327,2165,306854,Shyamdhan (CT),Census 2011 urban-name heuristic
19,327,2165,306855,Kharibari (CT),Census 2011 urban-name heuristic
19,327,99999,801634,Darjiling (M),Census 2011 urban-name heuristic
19,327,99999,801635,Kalimpong (M),Census 2011 urban-name heuristic
19,327,99999,801637,Kurseong (M),Census 2011 urban-name heuristic
19,327,99999,801638,Siliguri (M Corp.) (Part),Census 2011 urban-name heuristic
19,328,2166,306882,Dabgram (P) (CT),Census 2011 urban-name heuristic
19,328,2166,306883,Binnaguri (CT),Census 2011 urban-name heuristic
19,328,2166,306884,Chakiabhita (CT),Census 2011 urban-name heuristic
19,328,2167,306988,Odlabari (CT),Census 2011 urban-name heuristic
19,328,2167,306989,Dakshin Odlabari (CT),Census 2011 urban-name heuristic
19,328,2167,306990,Lataguri (CT),Census 2011 urban-name heuristic
19,328,2168,307019,Matialihat (CT),Census 2011 urban-name heuristic
19,328,2168,307020,Chalsa Mahabari (CT),Census 2011 urban-name heuristic
19,328,2168,307021,Mangalbari (CT),Census 2011 urban-name heuristic
19,328,2169,307044,Upper Tendu Forest (M),Census 2011 urban-name heuristic
19,328,2170,307104,Sisha-Jumrha (CT),Census 2011 urban-name heuristic
19,328,2170,307105,Uttar Madarihat (CT),Census 2011 urban-name heuristic
19,328,2171,307147,Jaygaon (CT),Census 2011 urban-name heuristic
19,328,2171,307148,Mechiabasti (CT),Census 2011 urban-name heuristic
19,328,2171,307149,Uttar Satali (CT),Census 2011 urban-name heuristic
19,328,2171,307150,Uttar Latabari (CT),Census 2011 urban-name heuristic
19,328,2172,307204,Laskarpara (CT),Census 2011 urban-name heuristic
19,328,2172,307205,Dakhin Rampur (CT),Census 2011 urban-name heuristic
19,328,2172,307206,Uttar Kamakhyaguri (CT),Census 2011 urban-name heuristic
19,328,2173,307254,Paschim Jitpur (CT),Census 2011 urban-name heuristic
19,328,2173,307255,Chechakhata (CT),Census 2011 urban-name heuristic
19,328,2173,307256,Alipurduar Rly.Jnc. (CT),Census 2011 urban-name heuristic
19,328,2173,307257,Bholar Dabri (CT),Census 2011 urban-name heuristic
19,328,2173,307258,Birpara (CT),Census 2011 urban-name heuristic
19,328,2174,307337,Samuktola (CT),Census 2011 urban-name heuristic
19,328,2174,307338,Sobhaganj (CT),Census 2011 urban-name heuristic
19,328,2175,307399,Jagijhora Barabak (CT),Census 2011 urban-name heuristic
19,328,2175,307400,Jateshwar (CT),Census 2011 urban-name heuristic
19,328,2175,307401,Parangarpar (CT),Census 2011 urban-name heuristic
19,328,2175,307402,Falakata (CT),Census 2011 urban-name heuristic
19,328,2176,307505,Banarhat Tea Garden (CT),Census 2011 urban-name heuristic
19,328,2176,307506,Telipara Tea Garden (D) (CT),Census 2011 urban-name heuristic
19,328,2176,307507,Gairkata (CT),Census 2011 urban-name heuristic
19,328,2177,307593,Mainaguri (CT),Census 2011 urban-name heuristic
19,328,2177,307594,Dakshin Khagrabari (CT),Census 2011 urban-name heuristic
19,328,2178,307623,Kharia (P) (CT),Census 2011 urban-name heuristic
19,328,99999,801638,Siliguri (M Corp.) (Part),Census 2011 urban-name heuristic
19,328,99999,801639,Mal (M),Census 2011 urban-name heuristic
19,328,99999,801640,Jalpaiguri (M),Census 2011 urban-name heuristic
19,328,99999,801641,Dhupguri (M),Census 2011 urban-name heuristic
19,328,99999,801642,Alipurduar (M),Census 2011 urban-name heuristic
19,329,2180,307872,Nagar Changrabandha (CT),Census 2011 urban-name heuristic
19,329,2183,308211,Kharimala Khagrabari (CT),Census 2011 urban-name heuristic
19,329,2183,308212,Guriahati (CT),Census 2011 urban-name heuristic
19,329,2183,308213,Dhaliabari (CT),Census 2011 urban-name heuristic
19,329,2184,308325,Baneswar (CT),Census 2011 urban-name heuristic
19,329,2184,308326,Khagrabari (CT),Census 2011 urban-name heuristic
19,329,2184,308327,Baisguri (CT),Census 2011 urban-name heuristic
19,329,2184,308328,Chakchaka (CT),Census 2011 urban-name heuristic
19,329,2184,308329,Takagach (CT),Census 2011 urban-name heuristic
19,329,2185,308402,Kamat Phulbari (P) (CT),Census 2011 urban-name heuristic
19,329,2186,308456,Chhota Laukuthi (CT),Census 2011 urban-name heuristic
19,329,2187,308587,Bhangri Pratham Khanda (CT),Census 2011 urban-name heuristic
19,329,99999,801643,Haldibari (M),Census 2011 urban-name heuristic
19,329,99999,801644,Mekliganj (M),Census 2011 urban-name heuristic
19,329,99999,801645,Mathabhanga (M),Census 2011 urban-name heuristic
19,329,99999,801646,Koch Bihar (M),Census 2011 urban-name heuristic
19,329,99999,801647,Tufanganj (M),Census 2011 urban-name heuristic
19,329,99999,801648,Dinhata (M),Census 2011 urban-name heuristic
19,330,2191,308948,Chopra (CT),Census 2011 urban-name heuristic
19,330,2193,309202,Hanskunda (CT),Census 2011 urban-name heuristic
19,330,2196,309798,Nachhratpur Katabari (CT),Census 2011 urban-name heuristic
19,330,2196,309799,Kasba (CT),Census 2011 urban-name heuristic
19,330,2199,310328,Itahar (CT),Census 2011 urban-name heuristic
19,330,99999,801649,Islampur (M),Census 2011 urban-name heuristic
19,330,99999,801650,Dalkhola (M),Census 2011 urban-name heuristic
19,330,99999,801651,Raiganj (M),Census 2011 urban-name heuristic
19,330,99999,801652,Kaliaganj (M),Census 2011 urban-name heuristic
19,331,2201,310762,Gopalpur (CT),Census 2011 urban-name heuristic
19,331,2204,311370,Par Patiram (CT),Census 2011 urban-name heuristic
19,331,2204,311371,Dakra (P) (CT),Census 2011 urban-name heuristic
19,331,2204,311372,Chak Bhrigu (CT),Census 2011 urban-name heuristic
19,331,2204,311373,Baidyanathpara (OG),Census 2011 urban-name heuristic
19,331,2207,311965,Harirampur (CT),Census 2011 urban-name heuristic
19,331,99999,801653,Gangarampur (M),Census 2011 urban-name heuristic
19,331,99999,801654,Balurghat (M),Census 2011 urban-name heuristic
19,332,2210,312245,Chanchal (CT),Census 2011 urban-name heuristic
19,332,2214,312781,Bandhail (CT),Census 2011 urban-name heuristic
19,332,2214,312782,Rangabhita (CT),Census 2011 urban-name heuristic
19,332,2216,313212,Baksinagar (CT),Census 2011 urban-name heuristic
19,332,2216,313213,Kachu Pukur (CT),Census 2011 urban-name heuristic
19,332,2216,313214,Kendua (CT),Census 2011 urban-name heuristic
19,332,2216,313215,Aiho (CT),Census 2011 urban-name heuristic
19,332,2217,313331,Jhangra (CT),Census 2011 urban-name heuristic
19,332,2217,313332,Chhatianmor (CT),Census 2011 urban-name heuristic
19,332,2217,313333,Sahapur (CT),Census 2011 urban-name heuristic
19,332,2218,313466,Milki (CT),Census 2011 urban-name heuristic
19,332,2218,313467,Sonatala (CT),Census 2011 urban-name heuristic
19,332,2218,313468,Bagbari (CT),Census 2011 urban-name heuristic
19,332,2220,313613,Chhota Suzapur (CT),Census 2011 urban-name heuristic
19,332,2220,313614,Nazirpur (CT),Census 2011 urban-name heuristic
19,332,2220,313615,Bara Suzapur (CT),Census 2011 urban-name heuristic
19,332,2220,313616,Chaspara (CT),Census 2011 urban-name heuristic
19,332,2220,313617,Jalalpur (CT),Census 2011 urban-name heuristic
19,332,2220,313618,Bamangram (CT),Census 2011 urban-name heuristic
19,332,2220,313619,Jadupur (CT),Census 2011 urban-name heuristic
19,332,2220,313620,Silampur (CT),Census 2011 urban-name heuristic
19,332,2220,313621,Baliadanga (CT),Census 2011 urban-name heuristic
19,332,2220,313622,Alipur (CT),Census 2011 urban-name heuristic
19,332,2220,313623,Karari Chandpur (CT),Census 2011 urban-name heuristic
19,332,2221,313689,Birodhi (CT),Census 2011 urban-name heuristic
19,332,2222,313762,Jagannathpur (CT),Census 2011 urban-name heuristic
19,332,2222,313763,Krishnapur (CT),Census 2011 urban-name heuristic
19,332,99999,801655,Old Malda (M),Census 2011 urban-name heuristic
19,332,99999,801656,English Bazar (M),Census 2011 urban-name heuristic
19,333,2223,313830,Farakka Barrage Township (CT),Census 2011 urban-name heuristic
19,333,2223,313831,Srimantapur (P) (CT),Census 2011 urban-name heuristic
19,333,2223,313832,Benia Gram (CT),Census 2011 urban-name heuristic
19,333,2223,313833,Arjunpur (CT),Census 2011 urban-name heuristic
19,333,2223,313834,Sibnagar (CT),Census 2011 urban-name heuristic
19,333,2223,313835,Mamrejpur (CT),Census 2011 urban-name heuristic
19,333,2223,313836,Paranpara (CT),Census 2011 urban-name heuristic
19,333,2223,313837,Mahadeb Nagar (CT),Census 2011 urban-name heuristic
19,333,2224,313871,Anup Nagar (CT),Census 2011 urban-name heuristic
19,333,2224,313872,Jafrabad (CT),Census 2011 urban-name heuristic
19,333,2224,313873,Kankuria (CT),Census 2011 urban-name heuristic
19,333,2224,313874,Uttar Mahammadpur (CT),Census 2011 urban-name heuristic
19,333,2224,313875,Chachanda (CT),Census 2011 urban-name heuristic
19,333,2224,313876,Dhusaripara (CT),Census 2011 urban-name heuristic
19,333,2224,313877,Serpur (CT),Census 2011 urban-name heuristic
19,333,2224,313878,Kohetpur (CT),Census 2011 urban-name heuristic
19,333,2224,313879,Bhasaipaikar (CT),Census 2011 urban-name heuristic
19,333,2224,313880,Jaykrishnapur (CT),Census 2011 urban-name heuristic
19,333,2224,313881,Basudebpur (CT),Census 2011 urban-name heuristic
19,333,2225,313940,Madna (CT),Census 2011 urban-name heuristic
19,333,2225,313941,Ramakantapur (CT),Census 2011 urban-name heuristic
19,333,2225,313942,Nayabahadurpur (CT),Census 2011 urban-name heuristic
19,333,2225,313943,Fatellapur (CT),Census 2011 urban-name heuristic
19,333,2226,313979,Jagtaj (CT),Census 2011 urban-name heuristic
19,333,2226,313980,Debipur (CT),Census 2011 urban-name heuristic
19,333,2226,313981,Aurangabad (CT),Census 2011 urban-name heuristic
19,333,2226,313982,Mahendrapur (CT),Census 2011 urban-name heuristic
19,333,2226,313983,Hafania (CT),Census 2011 urban-name heuristic
19,333,2226,313984,Dafahat(CT),Census 2011 urban-name heuristic
19,333,2226,313985,Paschim Punropara (CT),Census 2011 urban-name heuristic
19,333,2226,313986,Ichhlampur (CT),Census 2011 urban-name heuristic
19,333,2226,313987,Chakmeghoan (CT),Census 2011 urban-name heuristic
19,333,2226,313988,Kakramari (CT),Census 2011 urban-name heuristic
19,333,2226,313989,Khanpur (CT),Census 2011 urban-name heuristic
19,333,2226,313990,Khidirpur (CT),Census 2011 urban-name heuristic
19,333,2226,313991,Bhabki (CT),Census 2011 urban-name heuristic
19,333,2227,314052,Ghorsala (CT),Census 2011 urban-name heuristic
19,333,2227,314053,Srikantabati (CT),Census 2011 urban-name heuristic
19,333,2227,314054,Charka (CT),Census 2011 urban-name heuristic
19,333,2227,314055,Dafarpur (CT),Census 2011 urban-name heuristic
19,333,2227,314056,Ramnagar (CT),Census 2011 urban-name heuristic
19,333,2227,314057,Mirzapur (CT),Census 2011 urban-name heuristic
19,333,2228,314135,Giria (CT),Census 2011 urban-name heuristic
19,333,2228,314136,Mithipur (CT),Census 2011 urban-name heuristic
19,333,2228,314137,Jot Kamal (CT),Census 2011 urban-name heuristic
19,333,2228,314138,Osmanpur (CT),Census 2011 urban-name heuristic
19,333,2228,314139,Sahajadpur (CT),Census 2011 urban-name heuristic
19,333,2228,314140,Khodarampur (CT),Census 2011 urban-name heuristic
19,333,2228,314141,Donalia (CT),Census 2011 urban-name heuristic
19,333,2228,314142,Teghari (CT),Census 2011 urban-name heuristic
19,333,2228,314143,Krishna Sali (CT),Census 2011 urban-name heuristic
19,333,2228,314144,Bara Jumla (CT),Census 2011 urban-name heuristic
19,333,2236,314805,Islampur (CT),Census 2011 urban-name heuristic
19,333,2236,314806,Harharia Chak (CT),Census 2011 urban-name heuristic
19,333,2241,315443,Goaljan (CT),Census 2011 urban-name heuristic
19,333,2241,315444,Kasim Bazar (CT),Census 2011 urban-name heuristic
19,333,2241,315445,Banjetia (CT),Census 2011 urban-name heuristic
19,333,2241,315446,Sibdanga Badarpur (CT),Census 2011 urban-name heuristic
19,333,2241,315447,Gopjan (CT),Census 2011 urban-name heuristic
19,333,2241,315448,Gora Bazar (CT),Census 2011 urban-name heuristic
19,333,2241,315449,Ajodhya Nagar (P) (CT),Census 2011 urban-name heuristic
19,333,2241,315450,Chaltia (CT),Census 2011 urban-name heuristic
19,333,2241,315451,Haridasmati (CT),Census 2011 urban-name heuristic
19,333,2244,315619,Barua (P) (CT),Census 2011 urban-name heuristic
19,333,2246,315742,Salar (CT),Census 2011 urban-name heuristic
19,333,99999,801657,Dhulian (M),Census 2011 urban-name heuristic
19,333,99999,801658,Jangipur (M),Census 2011 urban-name heuristic
19,333,99999,801659,Jiaganj-Azimganj (M),Census 2011 urban-name heuristic
19,333,99999,801660,Murshidabad (M),Census 2011 urban-name heuristic
19,333,99999,801661,Kandi (M),Census 2011 urban-name heuristic
19,333,99999,801662,Berhampore (M),Census 2011 urban-name heuristic
19,333,99999,801663,Beldanga (M),Census 2011 urban-name heuristic
19,334,2249,316075,Barua Gopalpur (CT),Census 2011 urban-name heuristic
19,334,2249,316076,Ambhua (CT),Census 2011 urban-name heuristic
19,334,2249,316077,Murarai (CT),Census 2011 urban-name heuristic
19,334,2250,316149,Kashimnagar (CT),Census 2011 urban-name heuristic
19,334,2254,316504,Bishnupur (CT),Census 2011 urban-name heuristic
19,334,2255,316618,Fatehpur (CT),Census 2011 urban-name heuristic
19,334,2258,317006,Rajnagar (CT),Census 2011 urban-name heuristic
19,334,2259,317119,Karidhya (CT),Census 2011 urban-name heuristic
19,334,2259,317120,Kalipur (CT),Census 2011 urban-name heuristic
19,334,2261,317446,Ahmadpur (CT),Census 2011 urban-name heuristic
19,334,2262,317626,Labhpur (CT),Census 2011 urban-name heuristic
19,334,2263,317647,Nimra (CT),Census 2011 urban-name heuristic
19,334,2263,317763,Parota (CT),Census 2011 urban-name heuristic
19,334,2264,317933,Surul (CT),Census 2011 urban-name heuristic
19,334,2265,318067,Ilambazar (CT),Census 2011 urban-name heuristic
19,334,99999,801664,Nalhati (M),Census 2011 urban-name heuristic
19,334,99999,801665,Rampurhat (M),Census 2011 urban-name heuristic
19,334,99999,801666,Suri (M),Census 2011 urban-name heuristic
19,334,99999,801667,Sainthia (M),Census 2011 urban-name heuristic
19,334,99999,801668,Dubrajpur (M),Census 2011 urban-name heuristic
19,334,99999,801669,Bolpur (M),Census 2011 urban-name heuristic
19,335,2268,318539,Chittaranjan (CT),Census 2011 urban-name heuristic
19,335,2268,318540,Hindusthan Cables Town (CT),Census 2011 urban-name heuristic
19,335,2269,318587,Panuria (CT),Census 2011 urban-name heuristic
19,335,2269,318588,Domohani (CT),Census 2011 urban-name heuristic
19,335,2269,318589,Bhanowara (CT),Census 2011 urban-name heuristic
19,335,2269,318590,Majiara (CT),Census 2011 urban-name heuristic
19,335,2269,318591,Pangachhiya  (CT),Census 2011 urban-name heuristic
19,335,2269,318592,Charanpur (OG),Census 2011 urban-name heuristic
19,335,2270,318636,Kunustara (CT),Census 2011 urban-name heuristic
19,335,2270,318637,Topsi (CT),Census 2011 urban-name heuristic
19,335,2270,318638,Nimsa (CT),Census 2011 urban-name heuristic
19,335,2270,318639,Chinchuria (CT),Census 2011 urban-name heuristic
19,335,2270,318640,Kenda (CT),Census 2011 urban-name heuristic
19,335,2270,318641,Parasia (CT),Census 2011 urban-name heuristic
19,335,2270,318642,Kendra Khottamdi (CT) (Part),Census 2011 urban-name heuristic
19,335,2271,318655,Ratibati (CT),Census 2011 urban-name heuristic
19,335,2271,318656,Chapui (CT),Census 2011 urban-name heuristic
19,335,2271,318657,Jemari (J.K. Nagar Township) (CT),Census 2011 urban-name heuristic
19,335,2271,318658,Banshra (CT),Census 2011 urban-name heuristic
19,335,2271,318659,Belebathan (CT),Census 2011 urban-name heuristic
19,335,2271,318660,Chelad (CT),Census 2011 urban-name heuristic
19,335,2271,318661,Murgathaul (CT),Census 2011 urban-name heuristic
19,335,2271,318662,Amkula (CT),Census 2011 urban-name heuristic
19,335,2271,318663,Baktarnagar (CT),Census 2011 urban-name heuristic
19,335,2271,318664,Egara (CT),Census 2011 urban-name heuristic
19,335,2271,318665,Sahebganj (CT),Census 2011 urban-name heuristic
19,335,2271,318666,Raghunathchak (CT),Census 2011 urban-name heuristic
19,335,2271,318667,Ballavpur (CT),Census 2011 urban-name heuristic
19,335,2272,318681,Siduli (CT),Census 2011 urban-name heuristic
19,335,2272,318682,Khandra (CT),Census 2011 urban-name heuristic
19,335,2272,318683,Chak Bankola (CT) (Part),Census 2011 urban-name heuristic
19,335,2272,318684,Ukhra (CT),Census 2011 urban-name heuristic
19,335,2272,318685,Mahira (CT),Census 2011 urban-name heuristic
19,335,2272,318686,Dakshin Khanda (CT),Census 2011 urban-name heuristic
19,335,2272,318687,Parashkol (CT) (Part),Census 2011 urban-name heuristic
19,335,2272,318688,Kajora (CT),Census 2011 urban-name heuristic
19,335,2272,318689,Harishpur (CT),Census 2011 urban-name heuristic
19,335,2272,318690,Palashban (CT),Census 2011 urban-name heuristic
19,335,2272,318691,Dignala (CT),Census 2011 urban-name heuristic
19,335,2272,318692,Andal(Gram) (CT),Census 2011 urban-name heuristic
19,335,2272,318693,Ondal (CT),Census 2011 urban-name heuristic
19,335,2272,318694,Baska (CT),Census 2011 urban-name heuristic
19,335,2273,318642,Kendra Khottamdi (CT) (Part),Census 2011 urban-name heuristic
19,335,2273,318683,Chak Bankola (CT) (Part),Census 2011 urban-name heuristic
19,335,2273,318687,Parashkol (CT) (Part),Census 2011 urban-name heuristic
19,335,2273,318710,Bilpahari (CT),Census 2011 urban-name heuristic
19,335,2273,318711,Ramnagar (CT),Census 2011 urban-name heuristic
19,335,2273,318712,Dalurband (CT),Census 2011 urban-name heuristic
19,335,2273,318713,Baidyanathpur (CT),Census 2011 urban-name heuristic
19,335,2273,318714,Mahal (CT),Census 2011 urban-name heuristic
19,335,2273,318715,Konardihi (CT),Census 2011 urban-name heuristic
19,335,2273,318716,Nabgram (CT),Census 2011 urban-name heuristic
19,335,2273,318717,Sankarpur (CT),Census 2011 urban-name heuristic
19,335,2273,318718,Haripur (CT),Census 2011 urban-name heuristic
19,335,2273,318719,Chhora (CT),Census 2011 urban-name heuristic
19,335,2273,318720,Bahula (CT),Census 2011 urban-name heuristic
19,335,2274,318772,Mandarbani (CT),Census 2011 urban-name heuristic
19,335,2274,318773,Banagram (CT),Census 2011 urban-name heuristic
19,335,2274,318774,Sirsha (CT),Census 2011 urban-name heuristic
19,335,2274,318775,Nabaghanapur (CT),Census 2011 urban-name heuristic
19,335,2274,318776,Sarpi (CT),Census 2011 urban-name heuristic
19,335,2274,318777,Ichhapur (CT),Census 2011 urban-name heuristic
19,335,2275,318860,Arra (CT),Census 2011 urban-name heuristic
19,335,2275,318861,Gopalpur (CT),Census 2011 urban-name heuristic
19,335,2275,318862,Bamunara (CT),Census 2011 urban-name heuristic
19,335,2275,318863,Amlajora (CT),Census 2011 urban-name heuristic
19,335,2275,318864,Kanksa (CT),Census 2011 urban-name heuristic
19,335,2275,318865,Debipur (CT),Census 2011 urban-name heuristic
19,335,2275,318866,Prayagpur (CT),Census 2011 urban-name heuristic
19,335,2281,319354,Panuhat (CT),Census 2011 urban-name heuristic
19,335,2283,319518,Srirampur (CT),Census 2011 urban-name heuristic
19,335,2283,319519,Hatsimla (CT),Census 2011 urban-name heuristic
19,335,2283,319520,Jaluidanga (CT),Census 2011 urban-name heuristic
19,335,2283,319521,Gopinathpur (CT),Census 2011 urban-name heuristic
19,335,2283,319522,Nasaratpur (CT),Census 2011 urban-name heuristic
19,335,2287,319949,Raipur (CT),Census 2011 urban-name heuristic
19,335,2287,319950,Sukdal (CT),Census 2011 urban-name heuristic
19,335,2287,319951,Budbud (CT),Census 2011 urban-name heuristic
19,335,2289,320101,Goda (P) (CT),Census 2011 urban-name heuristic
19,335,2289,320102,Bahir Sarbamangala (P) (CT),Census 2011 urban-name heuristic
19,335,2289,320103,Mirzapur (CT),Census 2011 urban-name heuristic
19,335,2289,320104,Nari (P) (CT),Census 2011 urban-name heuristic
19,335,2290,320193,Gangpur (CT),Census 2011 urban-name heuristic
19,335,2291,320306,Alipur (CT),Census 2011 urban-name heuristic
19,335,2293,320495,Dhatrigram (CT),Census 2011 urban-name heuristic
19,335,2293,320496,Piarinagar (CT),Census 2011 urban-name heuristic
19,335,2293,320497,Uttar Goara (CT),Census 2011 urban-name heuristic
19,335,2294,320610,Sashpur (P) (CT),Census 2011 urban-name heuristic
19,335,2296,320846,Sehara (CT),Census 2011 urban-name heuristic
19,335,99999,801670,Kulti (M),Census 2011 urban-name heuristic
19,335,99999,801671,Asansol (M Corp.),Census 2011 urban-name heuristic
19,335,99999,801672,Jamuria (M),Census 2011 urban-name heuristic
19,335,99999,801673,Raniganj (M),Census 2011 urban-name heuristic
19,335,99999,801674,Durgapur (M Corp.),Census 2011 urban-name heuristic
19,335,99999,801675,Katwa (M),Census 2011 urban-name heuristic
19,335,99999,801676,Dainhat (M),Census 2011 urban-name heuristic
19,335,99999,801677,Guskara (M),Census 2011 urban-name heuristic
19,335,99999,801678,Barddhaman (M),Census 2011 urban-name heuristic
19,335,99999,801679,Kalna (M),Census 2011 urban-name heuristic
19,335,99999,801680,Memari (M),Census 2011 urban-name heuristic
19,336,2299,321124,Karimpur (CT),Census 2011 urban-name heuristic
19,336,2299,321125,Uttampur (CT),Census 2011 urban-name heuristic
19,336,2303,321418,Mira (CT),Census 2011 urban-name heuristic
19,336,2303,321419,Matiari (CT),Census 2011 urban-name heuristic
19,336,2304,321527,Jagadanandapur (CT),Census 2011 urban-name heuristic
19,336,2304,321528,Kshidirpur (CT),Census 2011 urban-name heuristic
19,336,2305,321612,Chapra (CT),Census 2011 urban-name heuristic
19,336,2306,321657,Harindanga (CT),Census 2011 urban-name heuristic
19,336,2307,321679,Bamanpukur (CT),Census 2011 urban-name heuristic
19,336,2307,321680,Tiorkhali (CT),Census 2011 urban-name heuristic
19,336,2307,321681,Bablari Dewanganj (CT),Census 2011 urban-name heuristic
19,336,2307,321682,Gadigachha (CT),Census 2011 urban-name heuristic
19,336,2307,321683,Majdia (CT),Census 2011 urban-name heuristic
19,336,2307,321684,Char Maijdia (CT),Census 2011 urban-name heuristic
19,336,2307,321685,Char Brahmanagar (CT),Census 2011 urban-name heuristic
19,336,2308,321776,Sonda (P) (CT),Census 2011 urban-name heuristic
19,336,2308,321777,Baruihuda (CT),Census 2011 urban-name heuristic
19,336,2308,321778,Paschimbhatjangla (CT),Census 2011 urban-name heuristic
19,336,2310,321911,Bagula (CT),Census 2011 urban-name heuristic
19,336,2310,321912,Badkulla (CT),Census 2011 urban-name heuristic
19,336,2310,321913,Patuli (CT),Census 2011 urban-name heuristic
19,336,2311,321979,Nrisinghapur (CT),Census 2011 urban-name heuristic
19,336,2311,321980,Harinadibhastsala (CT),Census 2011 urban-name heuristic
19,336,2311,321981,Ghoralia (CT),Census 2011 urban-name heuristic
19,336,2311,321982,Beharia (CT),Census 2011 urban-name heuristic
19,336,2311,321983,Phulia (CT),Census 2011 urban-name heuristic
19,336,2312,322044,Gangni (CT),Census 2011 urban-name heuristic
19,336,2312,322045,Kamgachhi (CT),Census 2011 urban-name heuristic
19,336,2312,322046,Raghabpur (CT),Census 2011 urban-name heuristic
19,336,2312,322047,Panpara (CT),Census 2011 urban-name heuristic
19,336,2312,322048,Aistala (CT),Census 2011 urban-name heuristic
19,336,2312,322049,Satigachha (CT),Census 2011 urban-name heuristic
19,336,2312,322050,Anulia (CT),Census 2011 urban-name heuristic
19,336,2312,322051,Gopalpur (CT),Census 2011 urban-name heuristic
19,336,2312,322052,Parbbatipur (CT),Census 2011 urban-name heuristic
19,336,2312,645590,Taherpur (OG) (Part),Census 2011 urban-name heuristic
19,336,2312,645591,Barasat (OG) (Part),Census 2011 urban-name heuristic
19,336,2312,645592,Bhaduri (OG) (Part),Census 2011 urban-name heuristic
19,336,2312,645593,Mahishdanga (OG) (Part),Census 2011 urban-name heuristic
19,336,2313,322163,Halalpur Krishnapur (CT),Census 2011 urban-name heuristic
19,336,2313,322164,Hijuli (CT),Census 2011 urban-name heuristic
19,336,2313,322165,Ranaghat (CT),Census 2011 urban-name heuristic
19,336,2313,322166,Nasra (CT),Census 2011 urban-name heuristic
19,336,2313,322167,Gangnapur (CT),Census 2011 urban-name heuristic
19,336,2313,322168,Belgharia (CT),Census 2011 urban-name heuristic
19,336,2313,645594,Magurkhali (OG) (Part),Census 2011 urban-name heuristic
19,336,2314,322317,Punglia (CT),Census 2011 urban-name heuristic
19,336,2314,322318,Darappur (CT),Census 2011 urban-name heuristic
19,336,2314,322319,Lalpur (P) (CT),Census 2011 urban-name heuristic
19,336,2314,322320,Chanduria (CT),Census 2011 urban-name heuristic
19,336,2314,322321,Simurali (CT),Census 2011 urban-name heuristic
19,336,2314,322322,Priyanagar (CT),Census 2011 urban-name heuristic
19,336,2314,322323,Jangal (CT),Census 2011 urban-name heuristic
19,336,2314,322324,Madanpur (CT),Census 2011 urban-name heuristic
19,336,2314,322325,Saguna (P) (CT),Census 2011 urban-name heuristic
19,336,2314,322326,Kulia (P) (CT),Census 2011 urban-name heuristic
19,336,2315,322410,Haringhata Farm (CT),Census 2011 urban-name heuristic
19,336,2315,322411,Simhat (CT),Census 2011 urban-name heuristic
19,336,2315,322412,Subarnapur (CT),Census 2011 urban-name heuristic
19,336,2315,322413,Digha (CT),Census 2011 urban-name heuristic
19,336,99999,801681,Nabadwip (M),Census 2011 urban-name heuristic
19,336,99999,801682,Krishnanagar (M),Census 2011 urban-name heuristic
19,336,99999,801683,Santipur (M),Census 2011 urban-name heuristic
19,336,99999,801685,Birnagar (M),Census 2011 urban-name heuristic
19,336,99999,801686,Ranaghat (M),Census 2011 urban-name heuristic
19,336,99999,801688,Chakdaha (M),Census 2011 urban-name heuristic
19,336,99999,801689,Kalyani (M),Census 2011 urban-name heuristic
19,336,99999,801690,Gayespur (M),Census 2011 urban-name heuristic
19,337,2318,322772,Chandpara (CT),Census 2011 urban-name heuristic
19,337,2318,322773,Chhekati (CT),Census 2011 urban-name heuristic
19,337,2318,322774,Sonatikiri (CT),Census 2011 urban-name heuristic
19,337,2318,322775,Dhakuria (CT),Census 2011 urban-name heuristic
19,337,2318,322776,Chikanpara (CT),Census 2011 urban-name heuristic
19,337,2318,322777,Shimulpur (CT),Census 2011 urban-name heuristic
19,337,2318,322778,Bara (CT),Census 2011 urban-name heuristic
19,337,2319,322844,Deora (CT),Census 2011 urban-name heuristic
19,337,2320,322900,Nokpul (CT),Census 2011 urban-name heuristic
19,337,2320,322901,Maslandapur (CT),Census 2011 urban-name heuristic
19,337,2320,322902,Sadpur (CT),Census 2011 urban-name heuristic
19,337,2320,322903,Betpuli (CT),Census 2011 urban-name heuristic
19,337,2320,322904,Anarbaria (CT),Census 2011 urban-name heuristic
19,337,2320,322905,Purbba Narayanpur (CT),Census 2011 urban-name heuristic
19,337,2321,322982,Guma (CT),Census 2011 urban-name heuristic
19,337,2321,322983,Bara Bamonia (CT),Census 2011 urban-name heuristic
19,337,2321,322984,Khorddabamonia (CT),Census 2011 urban-name heuristic
19,337,2321,322985,Bira (CT),Census 2011 urban-name heuristic
19,337,2322,323066,Dhania (CT),Census 2011 urban-name heuristic
19,337,2323,323105,Palladaha (CT),Census 2011 urban-name heuristic
19,337,2323,323106,Palashi (CT),Census 2011 urban-name heuristic
19,337,2323,323107,Nagdaha (CT),Census 2011 urban-name heuristic
19,337,2323,323108,Jetia (CT),Census 2011 urban-name heuristic
19,337,2323,323109,Balibhara (CT),Census 2011 urban-name heuristic
19,337,2323,323110,Dogachhia (CT),Census 2011 urban-name heuristic
19,337,2323,323111,Garshyamnagar (CT),Census 2011 urban-name heuristic
19,337,2323,323112,Noapara (P) (CT),Census 2011 urban-name heuristic
19,337,2323,323113,Kaugachhi (CT),Census 2011 urban-name heuristic
19,337,2323,323114,Paltapara (CT),Census 2011 urban-name heuristic
19,337,2323,323115,Ichhapur Defence Estate (CT),Census 2011 urban-name heuristic
19,337,2323,323116,Srotribati (OG),Census 2011 urban-name heuristic
19,337,2323,323117,Chakla (OG),Census 2011 urban-name heuristic
19,337,2323,645595,Nanna (OG) (Part),Census 2011 urban-name heuristic
19,337,2323,645596,Panpur (OG) (Part),Census 2011 urban-name heuristic
19,337,2324,323133,Babanpur (P) (CT),Census 2011 urban-name heuristic
19,337,2324,323134,Jafarpur (CT),Census 2011 urban-name heuristic
19,337,2324,323135,Mohanpur (CT),Census 2011 urban-name heuristic
19,337,2324,323136,Teleni Para (CT),Census 2011 urban-name heuristic
19,337,2324,323137,Chak Kanthalia (CT),Census 2011 urban-name heuristic
19,337,2324,323138,Ruiya (CT),Census 2011 urban-name heuristic
19,337,2324,323139,Patulia (CT),Census 2011 urban-name heuristic
19,337,2324,323140,Bandipur (CT),Census 2011 urban-name heuristic
19,337,2324,323141,Talbandha (CT),Census 2011 urban-name heuristic
19,337,2324,323142,Bilkanda (CT),Census 2011 urban-name heuristic
19,337,2324,323143,Muragachha (CT),Census 2011 urban-name heuristic
19,337,2324,323144,Teghari (CT),Census 2011 urban-name heuristic
19,337,2324,323145,Chandpur (CT),Census 2011 urban-name heuristic
19,337,2325,323216,Kokapur (CT),Census 2011 urban-name heuristic
19,337,2325,323217,Shibalaya (CT),Census 2011 urban-name heuristic
19,337,2325,323218,Gangapur (CT),Census 2011 urban-name heuristic
19,337,2325,323219,Chandrapur (CT),Census 2011 urban-name heuristic
19,337,2325,323220,Nebadhai Duttapukur (CT),Census 2011 urban-name heuristic
19,337,2325,323221,Chatta Baria (CT),Census 2011 urban-name heuristic
19,337,2325,323222,Joypul (CT),Census 2011 urban-name heuristic
19,337,2325,323223,Digha (CT),Census 2011 urban-name heuristic
19,337,2325,323224,Kulberia (CT),Census 2011 urban-name heuristic
19,337,2325,323225,Bamangachhi (CT),Census 2011 urban-name heuristic
19,337,2325,323226,Chak Barbaria (CT),Census 2011 urban-name heuristic
19,337,2325,323227,Koyra (CT),Census 2011 urban-name heuristic
19,337,2326,323305,Deara (CT),Census 2011 urban-name heuristic
19,337,2327,323413,Deulia (CT),Census 2011 urban-name heuristic
19,337,2328,323510,Dakshin Chatra (CT),Census 2011 urban-name heuristic
19,337,2329,323571,Itinda (CT),Census 2011 urban-name heuristic
19,337,2329,323572,Dandirhat (P) (CT),Census 2011 urban-name heuristic
19,337,2329,323573,Uttar Bagundi (CT),Census 2011 urban-name heuristic
19,337,2330,323641,Dhanyakuria (CT),Census 2011 urban-name heuristic
19,337,2330,323642,Mathurapur (CT),Census 2011 urban-name heuristic
19,337,2330,323643,Raghunathpur (P) (CT),Census 2011 urban-name heuristic
19,337,2332,323765,Raigachhi (CT),Census 2011 urban-name heuristic
19,337,2332,323766,Rekjuani (CT),Census 2011 urban-name heuristic
19,337,2332,323767,Bhatenda (CT),Census 2011 urban-name heuristic
19,337,2332,323768,Basina (CT),Census 2011 urban-name heuristic
19,337,2332,323769,Bishnupur (CT),Census 2011 urban-name heuristic
19,337,2332,323770,Chandapur Champagachhi (CT),Census 2011 urban-name heuristic
19,337,2332,323771,Jatragachhi (CT),Census 2011 urban-name heuristic
19,337,2332,323772,Ghuni (CT),Census 2011 urban-name heuristic
19,337,2332,323773,Sulanggari (CT),Census 2011 urban-name heuristic
19,337,2333,323846,Minakhan (CT),Census 2011 urban-name heuristic
19,337,2333,323847,Balihati (CT),Census 2011 urban-name heuristic
19,337,2336,323976,Sadigachhi (CT),Census 2011 urban-name heuristic
19,337,2337,324019,Hingalganj (CT),Census 2011 urban-name heuristic
19,337,2337,324020,Bankra (CT),Census 2011 urban-name heuristic
19,337,99999,801691,Bongaon (M),Census 2011 urban-name heuristic
19,337,99999,801692,Halisahar (M),Census 2011 urban-name heuristic
19,337,99999,801693,Kanchrapara (M),Census 2011 urban-name heuristic
19,337,99999,801694,Naihati (M),Census 2011 urban-name heuristic
19,337,99999,801695,Bhatpara (M),Census 2011 urban-name heuristic
19,337,99999,801696,Gobardanga (M),Census 2011 urban-name heuristic
19,337,99999,801697,Habra (M),Census 2011 urban-name heuristic
19,337,99999,801698,Ashokenagar Kalyangarh (M),Census 2011 urban-name heuristic
19,337,99999,801699,Garulia (M),Census 2011 urban-name heuristic
19,337,99999,801700,North Barrackpore (M),Census 2011 urban-name heuristic
19,337,99999,801701,Barrackpur Cantonment (CB),Census 2011 urban-name heuristic
19,337,99999,801702,Barrackpore (M),Census 2011 urban-name heuristic
19,337,99999,801703,Titagarh (M),Census 2011 urban-name heuristic
19,337,99999,801704,Khardah (M),Census 2011 urban-name heuristic
19,337,99999,801705,Panihati (M),Census 2011 urban-name heuristic
19,337,99999,801706,Baduria (M),Census 2011 urban-name heuristic
19,337,99999,801707,Barasat (M),Census 2011 urban-name heuristic
19,337,99999,801708,Madhyamgram (M),Census 2011 urban-name heuristic
19,337,99999,801709,New Barrackpore (M),Census 2011 urban-name heuristic
19,337,99999,801710,North DumDum (M),Census 2011 urban-name heuristic
19,337,99999,801711,Kamarhati (M),Census 2011 urban-name heuristic
19,337,99999,801712,Baranagar (M),Census 2011 urban-name heuristic
19,337,99999,801713,Dum Dum (M),Census 2011 urban-name heuristic
19,337,99999,801714,South DumDum (M),Census 2011 urban-name heuristic
19,337,99999,801715,Rajarhat Gopalpur (M),Census 2011 urban-name heuristic
19,337,99999,801716,Bidhannagar (M),Census 2011 urban-name heuristic
19,337,99999,801718,Basirhat (M),Census 2011 urban-name heuristic
19,337,99999,801719,Taki (M),Census 2011 urban-name heuristic
19,338,2344,324899,Batika (CT),Census 2011 urban-name heuristic
19,338,2344,324900,Pandua (CT),Census 2011 urban-name heuristic
19,338,2344,324901,Purusottampur (CT),Census 2011 urban-name heuristic
19,338,2344,324902,Namajgram (CT),Census 2011 urban-name heuristic
19,338,2345,325035,Badhagachhi (CT),Census 2011 urban-name heuristic
19,338,2345,325036,Mirdhanga (CT),Census 2011 urban-name heuristic
19,338,2345,325037,Sripur (CT),Census 2011 urban-name heuristic
19,338,2345,325038,Jirat (CT),Census 2011 urban-name heuristic
19,338,2346,325091,Kola (CT),Census 2011 urban-name heuristic
19,338,2346,325092,Hansghara (CT),Census 2011 urban-name heuristic
19,338,2346,325093,Raghunathpur (PS-Magra) (CT),Census 2011 urban-name heuristic
19,338,2346,325094,Madhusudanpur (CT),Census 2011 urban-name heuristic
19,338,2346,325095,Amodghata (CT),Census 2011 urban-name heuristic
19,338,2346,325096,Alikhoja (CT),Census 2011 urban-name heuristic
19,338,2346,325097,Shankhanagar (CT),Census 2011 urban-name heuristic
19,338,2346,325098,Chak Banshberia (CT),Census 2011 urban-name heuristic
19,338,2346,325099,Manushpur (CT),Census 2011 urban-name heuristic
19,338,2346,325100,Keota (P) (CT),Census 2011 urban-name heuristic
19,338,2346,325101,Kodalia (CT),Census 2011 urban-name heuristic
19,338,2346,325102,Naldanga (CT),Census 2011 urban-name heuristic
19,338,2346,325103,Kulihanda (CT),Census 2011 urban-name heuristic
19,338,2346,325104,Dharmapur (CT),Census 2011 urban-name heuristic
19,338,2346,325105,Simla (CT),Census 2011 urban-name heuristic
19,338,2346,325106,Bara Khejuria (OG),Census 2011 urban-name heuristic
19,338,2348,325454,Bargachhia (CT),Census 2011 urban-name heuristic
19,338,2349,325555,Balarambati (CT),Census 2011 urban-name heuristic
19,338,2349,325556,Singur (CT),Census 2011 urban-name heuristic
19,338,2349,325557,Nasibpur (CT),Census 2011 urban-name heuristic
19,338,2349,325558,Jagatnagar (CT),Census 2011 urban-name heuristic
19,338,2349,325559,Baruipara (CT),Census 2011 urban-name heuristic
19,338,2349,325560,Borai (CT),Census 2011 urban-name heuristic
19,338,2350,325576,Belumilki (CT),Census 2011 urban-name heuristic
19,338,2350,325577,Dakshin Rajyadharpur (CT),Census 2011 urban-name heuristic
19,338,2350,325578,Rishra (CT),Census 2011 urban-name heuristic
19,338,2350,325579,Bamunari (CT),Census 2011 urban-name heuristic
19,338,2350,325580,Nawapara (CT),Census 2011 urban-name heuristic
19,338,2350,325581,Nabagram Colony (CT),Census 2011 urban-name heuristic
19,338,2350,325582,Basai (CT),Census 2011 urban-name heuristic
19,338,2350,325583,Kanaipur (CT),Census 2011 urban-name heuristic
19,338,2350,325584,Raghunathpur (PS-Dankuni) (CT),Census 2011 urban-name heuristic
19,338,2351,325632,Masat (CT),Census 2011 urban-name heuristic
19,338,2351,325633,Jangalpara (CT),Census 2011 urban-name heuristic
19,338,2351,325634,Gangadharpur (CT),Census 2011 urban-name heuristic
19,338,2351,325635,Manirampur (CT),Census 2011 urban-name heuristic
19,338,2351,325636,Dudhkalmi (CT),Census 2011 urban-name heuristic
19,338,2351,325637,Nababpur (CT),Census 2011 urban-name heuristic
19,338,2351,325638,Kumirmora (CT),Census 2011 urban-name heuristic
19,338,2351,325639,Ramanathpur (CT),Census 2011 urban-name heuristic
19,338,2351,325640,Bhagabatipur (CT),Census 2011 urban-name heuristic
19,338,2352,325661,Kharsarai (CT),Census 2011 urban-name heuristic
19,338,2352,325662,Tisa (CT),Census 2011 urban-name heuristic
19,338,2352,325663,Kapashanria (CT),Census 2011 urban-name heuristic
19,338,2352,325664,Jaykrishnapur (CT),Census 2011 urban-name heuristic
19,338,2352,325665,Purbba Tajpur (CT),Census 2011 urban-name heuristic
19,338,2352,325666,Begampur (CT),Census 2011 urban-name heuristic
19,338,2352,325667,Baksa (CT),Census 2011 urban-name heuristic
19,338,2352,325668,Panchghara (CT),Census 2011 urban-name heuristic
19,338,2352,325669,Chikrand (CT),Census 2011 urban-name heuristic
19,338,2352,325670,Janai (CT),Census 2011 urban-name heuristic
19,338,2352,325671,Pairagachha (CT),Census 2011 urban-name heuristic
19,338,2352,325672,Naiti (CT),Census 2011 urban-name heuristic
19,338,2352,325673,Barijhati (CT),Census 2011 urban-name heuristic
19,338,2352,325674,Garalgachha (CT),Census 2011 urban-name heuristic
19,338,2352,325675,Krishnapur (CT),Census 2011 urban-name heuristic
19,338,2353,325804,Rajbalhat (CT),Census 2011 urban-name heuristic
19,338,99999,801720,Bansberia (M),Census 2011 urban-name heuristic
19,338,99999,801721,Hugli-Chinsurah (M),Census 2011 urban-name heuristic
19,338,99999,801722,Chandannagar (M Corp),Census 2011 urban-name heuristic
19,338,99999,801723,Tarakeswar (M),Census 2011 urban-name heuristic
19,338,99999,801724,Arambag (M),Census 2011 urban-name heuristic
19,338,99999,801725,Bhadreswar (M),Census 2011 urban-name heuristic
19,338,99999,801726,Champdani (M),Census 2011 urban-name heuristic
19,338,99999,801727,Baidyabati (M),Census 2011 urban-name heuristic
19,338,99999,801728,Serampore (M),Census 2011 urban-name heuristic
19,338,99999,801729,Rishra (M),Census 2011 urban-name heuristic
19,338,99999,801730,Konnagar (M),Census 2011 urban-name heuristic
19,338,99999,801731,Dankuni (M),Census 2011 urban-name heuristic
19,338,99999,801732,Uttarpara Kotrung (M),Census 2011 urban-name heuristic
19,339,2359,326636,Jhanti Pahari (CT),Census 2011 urban-name heuristic
19,339,2363,327361,Ghutgarya (CT),Census 2011 urban-name heuristic
19,339,2363,327362,Barjora (CT),Census 2011 urban-name heuristic
19,339,2363,327363,Beliatore (CT),Census 2011 urban-name heuristic
19,339,2367,328010,Kotulpur (CT),Census 2011 urban-name heuristic
19,339,2372,328949,Simlapal (CT),Census 2011 urban-name heuristic
19,339,2373,329103,Ledisol (CT),Census 2011 urban-name heuristic
19,339,2373,329104,Khatra (CT),Census 2011 urban-name heuristic
19,339,2376,329617,Raipur Bazar (CT),Census 2011 urban-name heuristic
19,339,99999,801733,Bankura (M),Census 2011 urban-name heuristic
19,339,99999,801734,Sonamukhi (M),Census 2011 urban-name heuristic
19,339,99999,801735,Bishnupur (M),Census 2011 urban-name heuristic
19,340,2378,329896,Jaypur (CT),Census 2011 urban-name heuristic
19,340,2379,330011,Raghabpur (P) (CT),Census 2011 urban-name heuristic
19,340,2379,330012,Hutmura (CT),Census 2011 urban-name heuristic
19,340,2380,330145,Santaldih Thermal Power Project-Town (CT),Census 2011 urban-name heuristic
19,340,2380,330146,Kanki (P) (CT),Census 2011 urban-name heuristic
19,340,2380,330147,Dubra (CT),Census 2011 urban-name heuristic
19,340,2380,330148,Chapari (CT),Census 2011 urban-name heuristic
19,340,2380,330149,Shankara (CT),Census 2011 urban-name heuristic
19,340,2381,330256,Nabagram (CT),Census 2011 urban-name heuristic
19,340,2382,330359,Arra (CT),Census 2011 urban-name heuristic
19,340,2383,330483,Saltor (CT),Census 2011 urban-name heuristic
19,340,2383,330484,Hijuli (CT),Census 2011 urban-name heuristic
19,340,2383,330485,Par Beliya (CT),Census 2011 urban-name heuristic
19,340,2384,330589,Murulia (CT),Census 2011 urban-name heuristic
19,340,2385,330799,Kantaranguri (P) (CT),Census 2011 urban-name heuristic
19,340,2385,330800,Adra (CT),Census 2011 urban-name heuristic
19,340,2385,330801,Lapara (CT),Census 2011 urban-name heuristic
19,340,2387,331032,Lagda (CT),Census 2011 urban-name heuristic
19,340,2390,331380,Jhalda (P) (CT),Census 2011 urban-name heuristic
19,340,2391,331510,Chekya (CT),Census 2011 urban-name heuristic
19,340,2391,331511,Begun Kodar (CT),Census 2011 urban-name heuristic
19,340,2393,331744,Balarampur (CT),Census 2011 urban-name heuristic
19,340,2394,331960,Barabazar (CT),Census 2011 urban-name heuristic
19,340,2395,332204,Manbazar (CT),Census 2011 urban-name heuristic
19,340,2397,332475,Bandoan (CT),Census 2011 urban-name heuristic
19,340,99999,801736,Jhalda (M),Census 2011 urban-name heuristic
19,340,99999,801737,Raghunathpur (M),Census 2011 urban-name heuristic
19,340,99999,801738,Puruliya (M),Census 2011 urban-name heuristic
19,341,2399,332617,Ghoraberia (CT),Census 2011 urban-name heuristic
19,341,2399,332618,Paschim Gazipur (CT),Census 2011 urban-name heuristic
19,341,2399,332619,Pashchim Khalna (CT),Census 2011 urban-name heuristic
19,341,2400,332693,Kanpur (CT),Census 2011 urban-name heuristic
19,341,2400,332694,Basantapur (CT),Census 2011 urban-name heuristic
19,341,2400,332695,Deora (CT),Census 2011 urban-name heuristic
19,341,2400,332696,Amta (CT),Census 2011 urban-name heuristic
19,341,2400,332697,Chandrapur (CT),Census 2011 urban-name heuristic
19,341,2400,332698,Bhandar Gachha (CT),Census 2011 urban-name heuristic
19,341,2400,332699,Udang (CT),Census 2011 urban-name heuristic
19,341,2401,332767,Jagatballavpur (CT),Census 2011 urban-name heuristic
19,341,2401,332768,Kamalapur (CT),Census 2011 urban-name heuristic
19,341,2401,332769,Bankul (CT),Census 2011 urban-name heuristic
19,341,2401,332770,Mansinhapur (CT),Census 2011 urban-name heuristic
19,341,2401,332771,Bargachhia (CT),Census 2011 urban-name heuristic
19,341,2401,332772,Dakshin Santoshpur (CT),Census 2011 urban-name heuristic
19,341,2401,332773,Patihal (CT),Census 2011 urban-name heuristic
19,341,2401,332774,Anantabati (CT),Census 2011 urban-name heuristic
19,341,2401,332775,Chong Ghurali (CT),Census 2011 urban-name heuristic
19,341,2401,332776,Ekabbarpur (CT),Census 2011 urban-name heuristic
19,341,2402,332809,Uttar Jhapardaha (CT),Census 2011 urban-name heuristic
19,341,2402,332810,Dafarpur (CT),Census 2011 urban-name heuristic
19,341,2402,332811,Baluhati (CT),Census 2011 urban-name heuristic
19,341,2402,332812,Domjur (CT),Census 2011 urban-name heuristic
19,341,2402,332813,Dakshin Jhapardaha (CT),Census 2011 urban-name heuristic
19,341,2402,332814,Rudrapur (CT),Census 2011 urban-name heuristic
19,341,2402,332815,Khantora (CT),Census 2011 urban-name heuristic
19,341,2402,332816,Bhandardaha (CT),Census 2011 urban-name heuristic
19,341,2402,332817,Makardaha (CT),Census 2011 urban-name heuristic
19,341,2402,332818,Kantlia (CT),Census 2011 urban-name heuristic
19,341,2402,332819,Tentulkuli (CT),Census 2011 urban-name heuristic
19,341,2402,332820,Salap (CT),Census 2011 urban-name heuristic
19,341,2402,332821,Bankra (CT),Census 2011 urban-name heuristic
19,341,2402,332822,Nibra (CT),Census 2011 urban-name heuristic
19,341,2402,332823,Ankurhati (CT),Census 2011 urban-name heuristic
19,341,2402,332824,Bipra Noapara (CT),Census 2011 urban-name heuristic
19,341,2402,332825,Begari (CT),Census 2011 urban-name heuristic
19,341,2402,332826,Kesabpur (CT),Census 2011 urban-name heuristic
19,341,2402,332827,Oadipur (CT),Census 2011 urban-name heuristic
19,341,2402,332828,Natibpur (CT),Census 2011 urban-name heuristic
19,341,2402,332829,Kalara (CT),Census 2011 urban-name heuristic
19,341,2402,332830,Baniara (CT),Census 2011 urban-name heuristic
19,341,2402,332831,Mahiari (CT),Census 2011 urban-name heuristic
19,341,2403,332834,Jagadishpur (CT),Census 2011 urban-name heuristic
19,341,2403,332835,Jaypur Bil (CT),Census 2011 urban-name heuristic
19,341,2403,332836,Bally (CT),Census 2011 urban-name heuristic
19,341,2403,332837,Chakapara (CT),Census 2011 urban-name heuristic
19,341,2403,332838,Chamrail (CT),Census 2011 urban-name heuristic
19,341,2403,332839,Eksara (CT),Census 2011 urban-name heuristic
19,341,2403,332840,Khalia (CT),Census 2011 urban-name heuristic
19,341,2404,332855,Dhulagari (CT),Census 2011 urban-name heuristic
19,341,2404,332856,Mirjapur (CT),Census 2011 urban-name heuristic
19,341,2404,332857,Argari (CT),Census 2011 urban-name heuristic
19,341,2404,332858,Andul (CT),Census 2011 urban-name heuristic
19,341,2404,332859,Dhuilya (CT),Census 2011 urban-name heuristic
19,341,2404,332860,Kamranga (CT),Census 2011 urban-name heuristic
19,341,2404,332861,Jhorhat (CT),Census 2011 urban-name heuristic
19,341,2404,332862,Masila (CT),Census 2011 urban-name heuristic
19,341,2404,332863,Kendua (CT),Census 2011 urban-name heuristic
19,341,2404,332864,Nabghara (CT),Census 2011 urban-name heuristic
19,341,2404,332865,Ramchandrapur (CT),Census 2011 urban-name heuristic
19,341,2404,332866,Hatgachha (CT),Census 2011 urban-name heuristic
19,341,2404,332867,Panchpara (CT),Census 2011 urban-name heuristic
19,341,2404,332868,Podara (CT),Census 2011 urban-name heuristic
19,341,2404,332869,Banupur (CT),Census 2011 urban-name heuristic
19,341,2404,332870,Sankrail (CT),Census 2011 urban-name heuristic
19,341,2404,332871,Sankrailjala (CT),Census 2011 urban-name heuristic
19,341,2404,332872,Osmanpur (CT),Census 2011 urban-name heuristic
19,341,2404,332873,Manikpur (CT),Census 2011 urban-name heuristic
19,341,2404,332874,Sarenga (CT),Census 2011 urban-name heuristic
19,341,2404,332875,Ula (CT),Census 2011 urban-name heuristic
19,341,2404,332876,Nalpur (CT),Census 2011 urban-name heuristic
19,341,2404,332877,Raghudebbati (CT),Census 2011 urban-name heuristic
19,341,2404,332878,Chak Srikrishna (OG) (Ward No. 29),Census 2011 urban-name heuristic
19,341,2404,332878,Chak Srikrishna (OG) (Ward No. 30),Census 2011 urban-name heuristic
19,341,2405,332892,Kuldanga (CT),Census 2011 urban-name heuristic
19,341,2405,332893,Gondalpara (CT),Census 2011 urban-name heuristic
19,341,2405,332894,Khasjalalsi (CT),Census 2011 urban-name heuristic
19,341,2405,332895,Deulpur (CT),Census 2011 urban-name heuristic
19,341,2405,332896,Kusadanga (CT),Census 2011 urban-name heuristic
19,341,2405,332897,Gangadharpur (CT),Census 2011 urban-name heuristic
19,341,2405,332898,Jujarsaha (CT),Census 2011 urban-name heuristic
19,341,2405,332899,Shuvararah (CT),Census 2011 urban-name heuristic
19,341,2405,332900,Mallik Bagan (CT),Census 2011 urban-name heuristic
19,341,2405,332901,Jaynagar (CT),Census 2011 urban-name heuristic
19,341,2405,332902,Jala Kendua (CT),Census 2011 urban-name heuristic
19,341,2405,332903,Beldubi (CT),Census 2011 urban-name heuristic
19,341,2405,332904,Paniara (CT),Census 2011 urban-name heuristic
19,341,2405,332905,Bikihakola (CT),Census 2011 urban-name heuristic
19,341,2405,332906,Gabberia (CT),Census 2011 urban-name heuristic
19,341,2405,332907,Dhunki (CT),Census 2011 urban-name heuristic
19,341,2405,332908,Ban Harishpur (CT),Census 2011 urban-name heuristic
19,341,2405,332909,Paschim Panchla (CT),Census 2011 urban-name heuristic
19,341,2405,332910,Panchla (CT),Census 2011 urban-name heuristic
19,341,2405,332911,Sahapur (CT),Census 2011 urban-name heuristic
19,341,2406,332935,Baniban Jagadishpur (CT),Census 2011 urban-name heuristic
19,341,2406,332936,Kantaberia (CT),Census 2011 urban-name heuristic
19,341,2406,332937,Tehatta (CT),Census 2011 urban-name heuristic
19,341,2406,332938,Basudebpur (CT),Census 2011 urban-name heuristic
19,341,2406,332939,Raghudebpur (CT),Census 2011 urban-name heuristic
19,341,2406,332940,Santoshpur (CT),Census 2011 urban-name heuristic
19,341,2406,332941,Ghosal Chak (CT),Census 2011 urban-name heuristic
19,341,2406,332942,Balarampota (CT),Census 2011 urban-name heuristic
19,341,2406,332943,Khalisani (CT),Census 2011 urban-name heuristic
19,341,2406,332944,Brindabanpur (CT),Census 2011 urban-name heuristic
19,341,2406,332945,Uttar Pirpur (CT),Census 2011 urban-name heuristic
19,341,2406,332946,Baniban (CT),Census 2011 urban-name heuristic
19,341,2406,332947,Mahishrekha (CT),Census 2011 urban-name heuristic
19,341,2407,333014,Chandipur (CT),Census 2011 urban-name heuristic
19,341,2407,333015,Kaijuri (CT),Census 2011 urban-name heuristic
19,341,2407,333016,Alipukur (CT),Census 2011 urban-name heuristic
19,341,2407,333017,Dhulasimla (CT),Census 2011 urban-name heuristic
19,341,2407,333018,Hirapur (CT),Census 2011 urban-name heuristic
19,341,2408,333060,Deulgram (CT),Census 2011 urban-name heuristic
19,341,2408,333061,Karia (CT),Census 2011 urban-name heuristic
19,341,2408,333062,Paschim Bainan (CT),Census 2011 urban-name heuristic
19,341,2408,333063,Kalyanpur (CT),Census 2011 urban-name heuristic
19,341,2408,333064,Khajutti (CT),Census 2011 urban-name heuristic
19,341,2408,333065,Bangalpur (CT),Census 2011 urban-name heuristic
19,341,2408,333066,Chandrapur (CT),Census 2011 urban-name heuristic
19,341,2408,333067,Khadinan (CT),Census 2011 urban-name heuristic
19,341,2408,333068,Bagnan (CT),Census 2011 urban-name heuristic
19,341,2408,333069,Khalor (CT),Census 2011 urban-name heuristic
19,341,2409,333112,Naupala (CT),Census 2011 urban-name heuristic
19,341,2409,333113,Barunda (CT),Census 2011 urban-name heuristic
19,341,2409,333114,Kulitapara (CT),Census 2011 urban-name heuristic
19,341,2409,333115,Kanaipur (CT),Census 2011 urban-name heuristic
19,341,2409,333116,Batul (CT),Census 2011 urban-name heuristic
19,341,2409,333117,Mugkalyan (CT),Census 2011 urban-name heuristic
19,341,2409,333118,Halyan (CT),Census 2011 urban-name heuristic
19,341,2410,333182,Shyampur (CT),Census 2011 urban-name heuristic
19,341,2410,333183,Dinga Khola (CT),Census 2011 urban-name heuristic
19,341,2410,333184,Radhapur (CT),Census 2011 urban-name heuristic
19,341,2410,333185,Jallabad (CT),Census 2011 urban-name heuristic
19,341,2411,333259,Naul (CT),Census 2011 urban-name heuristic
19,341,2411,333260,Shashati (CT),Census 2011 urban-name heuristic
19,341,2411,333261,Dihimandalghat (CT),Census 2011 urban-name heuristic
19,341,99999,801739,Bally (M),Census 2011 urban-name heuristic
19,341,99999,801740,Haora (M Corp),Census 2011 urban-name heuristic
19,341,99999,801741,Uluberia (M),Census 2011 urban-name heuristic
19,342,99999,801742,Kolkata (M Corp.),Census 2011 urban-name heuristic
19,343,2412,333295,Joka (CT),Census 2011 urban-name heuristic
19,343,2412,333296,Chata Kalikapur (CT),Census 2011 urban-name heuristic
19,343,2412,333297,Ganye Gangadharpur (CT),Census 2011 urban-name heuristic
19,343,2412,333298,Rameswarpur (CT),Census 2011 urban-name heuristic
19,343,2412,333299,Asuti (CT),Census 2011 urban-name heuristic
19,343,2412,333300,Hanspukuria (CT),Census 2011 urban-name heuristic
19,343,2412,333301,Kalua (CT),Census 2011 urban-name heuristic
19,343,2412,333302,Ramchandrapur (CT),Census 2011 urban-name heuristic
19,343,2412,333303,Samali (CT),Census 2011 urban-name heuristic
19,343,2413,333317,Uttar Raypur (CT),Census 2011 urban-name heuristic
19,343,2413,333318,Balarampur (CT),Census 2011 urban-name heuristic
19,343,2413,333319,Buita (CT),Census 2011 urban-name heuristic
19,343,2413,333320,Benjanhari Acharial (P) (CT),Census 2011 urban-name heuristic
19,343,2413,333321,Abhirampur (CT),Census 2011 urban-name heuristic
19,343,2413,333322,Nischintapur (CT),Census 2011 urban-name heuristic
19,343,2413,333323,Birlapur (CT),Census 2011 urban-name heuristic
19,343,2414,333385,Chak Kashipur (CT),Census 2011 urban-name heuristic
19,343,2414,333386,Chak Alampur (CT),Census 2011 urban-name heuristic
19,343,2414,333387,Bowali (CT),Census 2011 urban-name heuristic
19,343,2414,333388,Dakshin Raypur (CT),Census 2011 urban-name heuristic
19,343,2414,333389,Poali (CT),Census 2011 urban-name heuristic
19,343,2415,333475,Daulatpur (CT),Census 2011 urban-name heuristic
19,343,2415,333476,Bhasa (CT),Census 2011 urban-name heuristic
19,343,2415,333477,Bishnupur (CT),Census 2011 urban-name heuristic
19,343,2415,333478,Kanyanagar (CT),Census 2011 urban-name heuristic
19,343,2416,333532,Nahazari (CT),Census 2011 urban-name heuristic
19,343,2416,333533,Nadabhanga (CT),Census 2011 urban-name heuristic
19,343,2416,333534,Kanganbaria (CT),Census 2011 urban-name heuristic
19,343,2416,333535,Bora Gagangohalia (CT),Census 2011 urban-name heuristic
19,343,2416,333536,Chanddandaha (CT),Census 2011 urban-name heuristic
19,343,2416,333537,Barkalikapur (CT),Census 2011 urban-name heuristic
19,343,2416,333538,Patharberia (CT),Census 2011 urban-name heuristic
19,343,2416,333539,Ramkrishnapur (CT),Census 2011 urban-name heuristic
19,343,2416,333540,Amtala (CT),Census 2011 urban-name heuristic
19,343,2416,333541,Kriparampur (CT),Census 2011 urban-name heuristic
19,343,2416,333542,Chak Enayetnagar (CT),Census 2011 urban-name heuristic
19,343,2417,333608,Radhanagar (CT),Census 2011 urban-name heuristic
19,343,2417,333609,Danga (CT),Census 2011 urban-name heuristic
19,343,2417,333610,Ramchandrapur (CT),Census 2011 urban-name heuristic
19,343,2417,333611,Bidyadharpur (CT),Census 2011 urban-name heuristic
19,343,2417,333612,Kalikapur (CT),Census 2011 urban-name heuristic
19,343,2417,333613,Chak Baria (CT),Census 2011 urban-name heuristic
19,343,2417,333614,Sahebpur (CT),Census 2011 urban-name heuristic
19,343,2418,333696,Maricha (CT),Census 2011 urban-name heuristic
19,343,2418,333697,Bhangar Raghunathpur (CT),Census 2011 urban-name heuristic
19,343,2418,333698,Gobindapur (CT),Census 2011 urban-name heuristic
19,343,2420,333812,Kalaria (CT),Census 2011 urban-name heuristic
19,343,2420,333813,Gaur Daha (CT),Census 2011 urban-name heuristic
19,343,2420,333814,Banshra (CT),Census 2011 urban-name heuristic
19,343,2420,333815,Rajapur (CT),Census 2011 urban-name heuristic
19,343,2420,333816,Taldi (CT),Census 2011 urban-name heuristic
19,343,2420,333817,Bayarsing (CT),Census 2011 urban-name heuristic
19,343,2420,333818,Matla (CT),Census 2011 urban-name heuristic
19,343,2420,333819,Dighirpar (CT),Census 2011 urban-name heuristic
19,343,2421,333881,Makhal Tala (CT),Census 2011 urban-name heuristic
19,343,2422,334008,Petua (CT),Census 2011 urban-name heuristic
19,343,2422,334009,Garia (CT),Census 2011 urban-name heuristic
19,343,2422,334010,Panchghara (CT),Census 2011 urban-name heuristic
19,343,2422,334011,Mallikpur (CT),Census 2011 urban-name heuristic
19,343,2422,334012,Hariharpur (CT),Census 2011 urban-name heuristic
19,343,2422,334013,Champahati (CT),Census 2011 urban-name heuristic
19,343,2422,334014,Solgohalia (CT),Census 2011 urban-name heuristic
19,343,2422,334015,Naridana (CT),Census 2011 urban-name heuristic
19,343,2422,334016,Baruipur (P) (CT),Census 2011 urban-name heuristic
19,343,2422,334017,Salipur (P) (CT),Census 2011 urban-name heuristic
19,343,2422,334018,Khodar Bazar (CT),Census 2011 urban-name heuristic
19,343,2422,334019,Komarhat (CT),Census 2011 urban-name heuristic
19,343,2423,334098,Dhamua (CT),Census 2011 urban-name heuristic
19,343,2423,334099,Shyampur (CT),Census 2011 urban-name heuristic
19,343,2423,334100,Nainan (CT),Census 2011 urban-name heuristic
19,343,2423,334101,Uttar Kalas (CT),Census 2011 urban-name heuristic
19,343,2423,334102,Dihi Kalas (CT),Census 2011 urban-name heuristic
19,343,2423,334103,Swangrampur (CT),Census 2011 urban-name heuristic
19,343,2423,334104,Bilandapur (CT),Census 2011 urban-name heuristic
19,343,2423,334105,Magrahat (CT),Census 2011 urban-name heuristic
19,343,2424,334186,Sadashibpur (M) (P),Census 2011 urban-name heuristic
19,343,2424,334187,Ajodhyanagar (CT),Census 2011 urban-name heuristic
19,343,2424,334188,Sirakol (CT),Census 2011 urban-name heuristic
19,343,2424,334189,Uttar Bishnupur (CT),Census 2011 urban-name heuristic
19,343,2424,334190,Ghola Noapara (CT),Census 2011 urban-name heuristic
19,343,2424,334191,Usthi (CT),Census 2011 urban-name heuristic
19,343,2424,334192,Barijpur (CT),Census 2011 urban-name heuristic
19,343,2424,334193,Uttar Kusum (CT),Census 2011 urban-name heuristic
19,343,2424,334194,Kalikapota (CT),Census 2011 urban-name heuristic
19,343,2424,334195,Bamna (CT),Census 2011 urban-name heuristic
19,343,2425,334325,Hasimnagar (CT),Census 2011 urban-name heuristic
19,343,2425,334326,Baneshwarpur (CT),Census 2011 urban-name heuristic
19,343,2425,334327,Chandpala Anantapathpur (CT),Census 2011 urban-name heuristic
19,343,2425,334328,Fatepur (CT),Census 2011 urban-name heuristic
19,343,2426,334397,Masat (CT),Census 2011 urban-name heuristic
19,343,2426,334398,Sangrampur (CT),Census 2011 urban-name heuristic
19,343,2426,334399,Mohanpur (CT),Census 2011 urban-name heuristic
19,343,2426,334400,Durganagar (CT),Census 2011 urban-name heuristic
19,343,2427,334491,Patdaha (CT),Census 2011 urban-name heuristic
19,343,2428,334672,Berandari Bagaria (CT),Census 2011 urban-name heuristic
19,343,2428,334673,Dhola (CT),Census 2011 urban-name heuristic
19,343,2429,334186,Sadashibpur (M) (P),Census 2011 urban-name heuristic
19,343,2429,334746,Mallikpratap (M),Census 2011 urban-name heuristic
19,343,2429,334754,Raghudebpurbeluni (M),Census 2011 urban-name heuristic
19,343,2429,334755,Haridebpur (M),Census 2011 urban-name heuristic
19,343,2429,334756,Sarifnagar (M),Census 2011 urban-name heuristic
19,343,2429,334757,Raghunathpur (M),Census 2011 urban-name heuristic
19,343,2429,334758,Dakshin Amratola (M),Census 2011 urban-name heuristic
19,343,2429,334759,Pukuria (M),Census 2011 urban-name heuristic
19,343,2429,334760,Bangabari (M),Census 2011 urban-name heuristic
19,343,2429,334761,Gokulnagar (M),Census 2011 urban-name heuristic
19,343,2429,334762,Mirzanagar (M),Census 2011 urban-name heuristic
19,343,2429,334763,Ramnarayanpur (M),Census 2011 urban-name heuristic
19,343,2429,334764,Chaitanyapur (M),Census 2011 urban-name heuristic
19,343,2429,334765,Nurmahammadpur (M),Census 2011 urban-name heuristic
19,343,2429,334766,Bade Muldia (M),Census 2011 urban-name heuristic
19,343,2429,334767,Bade Gokulnagar (M),Census 2011 urban-name heuristic
19,343,2429,334768,Gobindabati (M),Census 2011 urban-name heuristic
19,343,2429,334769,Krishnarampur (M),Census 2011 urban-name heuristic
19,343,2429,334770,Alemaheshpur (M),Census 2011 urban-name heuristic
19,343,2429,334771,Bhabanipur (M),Census 2011 urban-name heuristic
19,343,2429,334772,Bademaheshpur (M),Census 2011 urban-name heuristic
19,343,2429,334773,Saradana (M),Census 2011 urban-name heuristic
19,343,2429,334774,Daulatbad (M),Census 2011 urban-name heuristic
19,343,2429,334775,Dakshin Radhanagar (M),Census 2011 urban-name heuristic
19,343,2429,334776,Adityapur (M),Census 2011 urban-name heuristic
19,343,2429,334777,Tekpanza (M),Census 2011 urban-name heuristic
19,343,2429,334778,Nishapur (M),Census 2011 urban-name heuristic
19,343,2429,334779,Khordda Mahadebpur (M),Census 2011 urban-name heuristic
19,343,2429,334780,Inayetpur (M),Census 2011 urban-name heuristic
19,343,2429,334781,Krishnadebpur (M),Census 2011 urban-name heuristic
19,343,2429,334782,Khordda Ratneshwarpur (M),Census 2011 urban-name heuristic
19,343,2429,334783,Chandpur (M) (CT),Census 2011 urban-name heuristic
19,343,2429,334784,Bangsidharpur (M) (P) (CT),Census 2011 urban-name heuristic
19,343,2429,334785,Purba Bishnupur (M) (CT),Census 2011 urban-name heuristic
19,343,2430,334881,Purba Ranaghat (CT),Census 2011 urban-name heuristic
19,343,2430,334882,Lalpur (CT),Census 2011 urban-name heuristic
19,343,2430,334883,Krishna Chandrapur (CT),Census 2011 urban-name heuristic
19,343,2430,334884,Mathurapur (CT),Census 2011 urban-name heuristic
19,343,2431,334952,Raynagar (CT),Census 2011 urban-name heuristic
19,343,2431,334953,Kalikapur Barasat (CT),Census 2011 urban-name heuristic
19,343,2431,334954,Baharu (CT),Census 2011 urban-name heuristic
19,343,2431,334955,Uttarparanij (CT),Census 2011 urban-name heuristic
19,343,2431,334956,Alipur (CT),Census 2011 urban-name heuristic
19,343,2431,334957,Uttar Durgapur (CT),Census 2011 urban-name heuristic
19,343,2432,335005,Nimpith (CT),Census 2011 urban-name heuristic
19,343,2432,335006,Tulshighata (CT),Census 2011 urban-name heuristic
19,343,2434,335119,Basanti (CT),Census 2011 urban-name heuristic
19,343,99999,801743,Maheshtala (M),Census 2011 urban-name heuristic
19,343,99999,801744,Budge Budge (M),Census 2011 urban-name heuristic
19,343,99999,801745,Pujali (M),Census 2011 urban-name heuristic
19,343,99999,801746,Rajpur Sonarpur (M),Census 2011 urban-name heuristic
19,343,99999,801747,Baruipur (M),Census 2011 urban-name heuristic
19,343,99999,801748,Diamond Harbour (M),Census 2011 urban-name heuristic
19,343,99999,801749,Jaynagar Mazilpur (M),Census 2011 urban-name heuristic
19,344,2441,335884,Shilda (CT),Census 2011 urban-name heuristic
19,344,2444,337141,Amlagora (CT),Census 2011 urban-name heuristic
19,344,2444,337142,Garbeta (CT),Census 2011 urban-name heuristic
19,344,2445,337373,Durllabhganj (CT),Census 2011 urban-name heuristic
19,344,2445,337374,Dwari Geria (CT),Census 2011 urban-name heuristic
19,344,2445,337375,Naba Kola (CT),Census 2011 urban-name heuristic
19,344,2460,341706,Kharagpur Rly. Settlement (CT),Census 2011 urban-name heuristic
19,344,2460,341707,Kalaikunda (CT),Census 2011 urban-name heuristic
19,344,2462,342538,Balichak (CT),Census 2011 urban-name heuristic
19,344,2465,343469,Deuli (CT),Census 2011 urban-name heuristic
19,344,2467,343888,Chaulia (CT),Census 2011 urban-name heuristic
19,344,99999,801750,Ramjibanpur (M),Census 2011 urban-name heuristic
19,344,99999,801751,Kshirpai (M),Census 2011 urban-name heuristic
19,344,99999,801752,Chandrakona (M),Census 2011 urban-name heuristic
19,344,99999,801753,Kharar (M),Census 2011 urban-name heuristic
19,344,99999,801754,Ghatal (M),Census 2011 urban-name heuristic
19,344,99999,801755,Medinipur (M),Census 2011 urban-name heuristic
19,344,99999,801756,Jhargram (M),Census 2011 urban-name heuristic
19,344,99999,801757,Kharagpur (M),Census 2011 urban-name heuristic
19,345,2471,344458,Kolaghat (CT),Census 2011 urban-name heuristic
19,345,2471,344459,Amalhara (CT),Census 2011 urban-name heuristic
19,345,2471,344460,Mihitikri (CT),Census 2011 urban-name heuristic
19,345,2471,344461,Kharisha (CT),Census 2011 urban-name heuristic
19,345,2472,344561,Anantapur (CT),Census 2011 urban-name heuristic
19,345,2472,344562,Dakshin Baguan (CT),Census 2011 urban-name heuristic
19,345,2473,344649,Kakdihi (CT),Census 2011 urban-name heuristic
19,345,2473,344650,Shantipur (CT),Census 2011 urban-name heuristic
19,345,2475,344826,Garh Kamalpur (CT),Census 2011 urban-name heuristic
19,345,2476,344911,Goasafat (CT),Census 2011 urban-name heuristic
19,345,2477,345051,Amarshi Kasba (CT),Census 2011 urban-name heuristic
19,345,2480,345536,Benudia (CT),Census 2011 urban-name heuristic
19,345,2480,345537,Hincha Gerya (CT),Census 2011 urban-name heuristic
19,345,2481,345650,Kotbar (CT),Census 2011 urban-name heuristic
19,345,2481,345651,Erashal (CT),Census 2011 urban-name heuristic
19,345,2482,345732,Barda (CT),Census 2011 urban-name heuristic
19,345,2484,345855,Nandigram (CT),Census 2011 urban-name heuristic
19,345,2485,345896,Ashadtalya (CT),Census 2011 urban-name heuristic
19,345,2489,346431,Basantia (CT),Census 2011 urban-name heuristic
19,345,2493,346996,Khadalgobra (CT),Census 2011 urban-name heuristic
19,345,99999,801758,Panskura (M),Census 2011 urban-name heuristic
19,345,99999,801759,Tamluk (M),Census 2011 urban-name heuristic
19,345,99999,801760,Haldia (M),Census 2011 urban-name heuristic
19,345,99999,801761,Egra (M),Census 2011 urban-name heuristic
19,345,99999,801762,Contai (M),Census 2011 urban-name heuristic
20,346,2496,347181,Sinduria (CT),Census 2011 urban-name heuristic
20,346,2499,801763,Majhion (NP),Census 2011 urban-name heuristic
20,346,2509,801764,Garhwa (NP),Census 2011 urban-name heuristic
20,347,2525,349494,Bachra (CT),Census 2011 urban-name heuristic
20,348,2527,349733,Bekobar (CT),Census 2011 urban-name heuristic
20,348,2527,349734,Karma (CT),Census 2011 urban-name heuristic
20,348,2527,801766,Kodarma (NP),Census 2011 urban-name heuristic
20,348,2528,349865,Domchanch (CT),Census 2011 urban-name heuristic
20,349,2535,351169,Dhanwar (CT),Census 2011 urban-name heuristic
20,349,2539,352238,Telodih (CT),Census 2011 urban-name heuristic
20,349,2539,352239,Sirsia (CT),Census 2011 urban-name heuristic
20,349,2539,352240,Mahesh Mundi (CT),Census 2011 urban-name heuristic
20,349,2539,352241,Akdoni Khurd (CT),Census 2011 urban-name heuristic
20,349,2539,352242,Dandidih (CT),Census 2011 urban-name heuristic
20,349,2539,352243,Paratdih (CT),Census 2011 urban-name heuristic
20,349,2539,352244,Pertodih (CT),Census 2011 urban-name heuristic
20,349,2542,352566,Barki Saraiya (CT),Census 2011 urban-name heuristic
20,349,2543,352758,Jamtara (CT),Census 2011 urban-name heuristic
20,349,2543,352759,Isri (CT),Census 2011 urban-name heuristic
20,350,2545,801769,Deoghar  (M Corp.),Census 2011 urban-name heuristic
20,351,2558,356840,Mahagma (CT),Census 2011 urban-name heuristic
20,351,2561,357411,Sarauni (CT),Census 2011 urban-name heuristic
20,351,2561,801771,Godda (NP),Census 2011 urban-name heuristic
20,352,2566,358526,Borio (CT),Census 2011 urban-name heuristic
20,352,2567,358800,Berhait Santali (CT),Census 2011 urban-name heuristic
20,352,2567,358801,Berhait Bazar (CT),Census 2011 urban-name heuristic
20,352,2569,359221,Tin Pahar (CT),Census 2011 urban-name heuristic
20,352,2569,801773,Rajmahal (NP),Census 2011 urban-name heuristic
20,352,2570,359350,Patra (CT),Census 2011 urban-name heuristic
20,352,2572,359741,Barharwa (CT),Census 2011 urban-name heuristic
20,353,2576,360488,Kumarpur (CT),Census 2011 urban-name heuristic
20,353,2576,360489,Sagarmpur (CT),Census 2011 urban-name heuristic
20,353,2576,360490,Raghunandanpur (CT),Census 2011 urban-name heuristic
20,353,2576,801774,Pakaur (NP),Census 2011 urban-name heuristic
20,354,2581,361401,Hariharpur (CT),Census 2011 urban-name heuristic
20,354,2581,361402,Topchanchi (CT),Census 2011 urban-name heuristic
20,354,2581,361403,Gomoh (CT),Census 2011 urban-name heuristic
20,354,2581,361404,Gunghasa (CT),Census 2011 urban-name heuristic
20,354,2582,361597,Matigara (CT),Census 2011 urban-name heuristic
20,354,2582,361598,Bhim Kanari (CT),Census 2011 urban-name heuristic
20,354,2582,361599,Nandkharki (CT),Census 2011 urban-name heuristic
20,354,2582,361600,Madhuban   (CT),Census 2011 urban-name heuristic
20,354,2582,361601,Barora (CT),Census 2011 urban-name heuristic
20,354,2582,361602,Dumra (CT),Census 2011 urban-name heuristic
20,354,2582,361603,Harina (CT),Census 2011 urban-name heuristic
20,354,2582,361604,Muraidih (CT),Census 2011 urban-name heuristic
20,354,2582,361605,Rajbhita Alias Rajganj (CT),Census 2011 urban-name heuristic
20,354,2582,361606,Mahlidih (CT),Census 2011 urban-name heuristic
20,354,2582,361607,Kharkhari (CT),Census 2011 urban-name heuristic
20,354,2582,361608,Sahnidih (CT),Census 2011 urban-name heuristic
20,354,2582,361609,Malkera (CT),Census 2011 urban-name heuristic
20,354,2582,361610,Nagri Kalan (CT),Census 2011 urban-name heuristic
20,354,2582,361611,Baua Kalan (CT),Census 2011 urban-name heuristic
20,354,2582,361612,Phulwartanr (CT),Census 2011 urban-name heuristic
20,354,2582,361613,Jhinghipahari (CT),Census 2011 urban-name heuristic
20,354,2582,361614,Mahuda (CT),Census 2011 urban-name heuristic
20,354,2583,361835,Gobindpur (CT),Census 2011 urban-name heuristic
20,354,2583,361836,Karmatanr (CT),Census 2011 urban-name heuristic
20,354,2583,361837,Jangalpur (CT),Census 2011 urban-name heuristic
20,354,2584,361864,Pondarkanali (CT),Census 2011 urban-name heuristic
20,354,2584,361865,Sialgudri (CT),Census 2011 urban-name heuristic
20,354,2584,361866,Aralgoria (CT),Census 2011 urban-name heuristic
20,354,2584,361867,Sansikhara (CT),Census 2011 urban-name heuristic
20,354,2584,361868,Bardubhi (CT),Census 2011 urban-name heuristic
20,354,2584,801775,Dhanbad (M Corp.),Census 2011 urban-name heuristic
20,354,2586,361933,Alagdiha (CT),Census 2011 urban-name heuristic
20,354,2586,361934,Suranga (CT),Census 2011 urban-name heuristic
20,354,2586,361935,Baliapur (CT),Census 2011 urban-name heuristic
20,354,2587,362184,Bhamal (CT),Census 2011 urban-name heuristic
20,354,2587,362185,Panrra (CT),Census 2011 urban-name heuristic
20,354,2587,362186,Nirsa (CT),Census 2011 urban-name heuristic
20,354,2587,362187,Marma (CT),Census 2011 urban-name heuristic
20,354,2587,362188,Egarkunr (CT),Census 2011 urban-name heuristic
20,354,2587,362189,Siuliban (CT),Census 2011 urban-name heuristic
20,354,2587,362190,Mera (CT),Census 2011 urban-name heuristic
20,354,2587,362191,Maithon (CT),Census 2011 urban-name heuristic
20,354,2587,362192,Panchmahali (CT),Census 2011 urban-name heuristic
20,354,2587,362193,Dumarkunda (CT),Census 2011 urban-name heuristic
20,354,2587,362194,Panchet (CT),Census 2011 urban-name heuristic
20,354,2587,801776,Chirkunda (NP),Census 2011 urban-name heuristic
20,355,2588,362264,Bhandra (CT),Census 2011 urban-name heuristic
20,355,2589,362286,Telo (CT),Census 2011 urban-name heuristic
20,355,2589,362287,Narra (CT),Census 2011 urban-name heuristic
20,355,2589,362288,Chandrapura (CT),Census 2011 urban-name heuristic
20,355,2589,362289,Termi (CT),Census 2011 urban-name heuristic
20,355,2589,362290,Bursera (CT),Census 2011 urban-name heuristic
20,355,2589,362291,Sijhua (CT),Census 2011 urban-name heuristic
20,355,2589,362292,Dugda (CT),Census 2011 urban-name heuristic
20,355,2590,362296,Bokaro (CT),Census 2011 urban-name heuristic
20,355,2590,362297,Kurpania (CT),Census 2011 urban-name heuristic
20,355,2590,362298,Bermo (CT),Census 2011 urban-name heuristic
20,355,2590,362299,Jaridih Bazar (CT),Census 2011 urban-name heuristic
20,355,2591,362417,Gumia (CT),Census 2011 urban-name heuristic
20,355,2591,362418,Hasir (CT),Census 2011 urban-name heuristic
20,355,2591,362419,Lalpania (CT),Census 2011 urban-name heuristic
20,355,2591,362420,Saram (CT),Census 2011 urban-name heuristic
20,355,2591,362421,Tenudam-Cum-Kathhara (CT),Census 2011 urban-name heuristic
20,355,2592,362486,Tenu  (CT),Census 2011 urban-name heuristic
20,355,2594,362594,Bandh Dih (CT),Census 2011 urban-name heuristic
20,355,2594,362595,Jena (CT),Census 2011 urban-name heuristic
20,355,2594,362596,Tanr Balidih (CT),Census 2011 urban-name heuristic
20,355,2595,362723,Bokaro Steel City (CT),Census 2011 urban-name heuristic
20,355,2595,362724,Bandhgora (CT),Census 2011 urban-name heuristic
20,355,2596,362853,Amlabad (CT),Census 2011 urban-name heuristic
20,355,2596,362854,Bhojudih (CT),Census 2011 urban-name heuristic
20,357,2606,363453,Bagbera (CT),Census 2011 urban-name heuristic
20,357,2606,363454,Haludbani (CT),Census 2011 urban-name heuristic
20,357,2606,363455,Sarjamda (CT),Census 2011 urban-name heuristic
20,357,2606,363456,Gadhra (CT),Census 2011 urban-name heuristic
20,357,2606,363457,Chhota Gobindpur (CT),Census 2011 urban-name heuristic
20,357,2606,363458,Ghorabandha (CT),Census 2011 urban-name heuristic
20,357,2606,363459,Purihasa (CT),Census 2011 urban-name heuristic
20,357,2606,363460,Tatanagar Rly. Colony  (OG),Census 2011 urban-name heuristic
20,357,2606,801780,Mango (NAC),Census 2011 urban-name heuristic
20,357,2606,801781,Jamshedpur (NAC + OG),Census 2011 urban-name heuristic
20,357,2606,801781,Jamshedpur (NAC),Census 2011 urban-name heuristic
20,357,2606,801782,Jugsalai (M),Census 2011 urban-name heuristic
20,357,2607,363618,Ghatshila (CT),Census 2011 urban-name heuristic
20,357,2608,363910,Haludpukhur (CT),Census 2011 urban-name heuristic
20,357,2609,363954,Jadugora (CT),Census 2011 urban-name heuristic
20,357,2609,363955,Musabani (CT),Census 2011 urban-name heuristic
20,357,2613,801783,Chakulia (NP),Census 2011 urban-name heuristic
20,358,2615,801784,Hussainabad (NP),Census 2011 urban-name heuristic
20,358,2618,365336,Satgawan Alias Hariharganj (CT),Census 2011 urban-name heuristic
20,358,2624,801785,Bishrampur (NP),Census 2011 urban-name heuristic
20,358,2633,366659,Sundna (CT),Census 2011 urban-name heuristic
20,358,2633,366660,Baratola (CT),Census 2011 urban-name heuristic
20,358,2633,366661,Rerma (CT),Census 2011 urban-name heuristic
20,358,2634,366842,Chain Pur (CT),Census 2011 urban-name heuristic
20,358,2634,366843,Shah Pur (CT),Census 2011 urban-name heuristic
20,359,2636,367010,Barwadih  (CT),Census 2011 urban-name heuristic
20,359,2639,801787,Latehar (NP),Census 2011 urban-name heuristic
20,359,2643,367614,Alaudia (CT),Census 2011 urban-name heuristic
20,359,2643,367615,Chandwa (CT),Census 2011 urban-name heuristic
20,360,2644,367884,Chauparan (CT),Census 2011 urban-name heuristic
20,360,2645,368007,Barhi (CT),Census 2011 urban-name heuristic
20,360,2645,368008,Konra (CT),Census 2011 urban-name heuristic
20,360,2652,368484,Bishnugarh (CT),Census 2011 urban-name heuristic
20,360,2652,368485,Cherra (CT),Census 2011 urban-name heuristic
20,360,2653,368578,Meru (CT),Census 2011 urban-name heuristic
20,360,2653,368579,Marai Kalan (CT),Census 2011 urban-name heuristic
20,360,2653,368580,Okani-II (CT),Census 2011 urban-name heuristic
20,360,2654,368662,Palawa (CT),Census 2011 urban-name heuristic
20,360,2655,368709,Masratu (CT),Census 2011 urban-name heuristic
20,360,2655,368710,Kadma No-II (CT),Census 2011 urban-name heuristic
20,360,2657,368870,Urimari (CT),Census 2011 urban-name heuristic
20,360,2658,368911,Charhi (CT),Census 2011 urban-name heuristic
20,360,2659,368937,Dari (CT),Census 2011 urban-name heuristic
20,360,2659,368938,Religara Alias Pachhiari (CT),Census 2011 urban-name heuristic
20,360,2659,368939,Gidi (CT),Census 2011 urban-name heuristic
20,361,2660,369009,Patratu (CT),Census 2011 urban-name heuristic
20,361,2660,369010,Saunda (CT),Census 2011 urban-name heuristic
20,361,2660,369011,Jai Nagar (CT),Census 2011 urban-name heuristic
20,361,2660,369012,Hesla (CT),Census 2011 urban-name heuristic
20,361,2660,369013,Balkundra (CT),Census 2011 urban-name heuristic
20,361,2660,369014,Lapanga (CT),Census 2011 urban-name heuristic
20,361,2660,369015,Barkakana (CT),Census 2011 urban-name heuristic
20,361,2661,369090,Mandu (CT),Census 2011 urban-name heuristic
20,361,2661,369091,Taping (CT),Census 2011 urban-name heuristic
20,361,2661,369092,Barughutu (CT),Census 2011 urban-name heuristic
20,361,2661,369093,Kedla (CT),Census 2011 urban-name heuristic
20,361,2661,369094,Ara  (CT),Census 2011 urban-name heuristic
20,361,2661,369095,Kuju (CT),Census 2011 urban-name heuristic
20,361,2661,369096,Topa  (CT),Census 2011 urban-name heuristic
20,361,2661,369097,Orla (CT),Census 2011 urban-name heuristic
20,361,2661,369098,Sanri Alias Tilaiya (CT),Census 2011 urban-name heuristic
20,361,2661,369099,Bongabar (CT),Census 2011 urban-name heuristic
20,361,2661,369100,Seota (CT),Census 2011 urban-name heuristic
20,361,2662,369121,Sirka (CT),Census 2011 urban-name heuristic
20,361,2662,369122,Marar (CT),Census 2011 urban-name heuristic
20,361,2662,801789,Ramgarh Cantonment (CB),Census 2011 urban-name heuristic
20,361,2664,369184,Sewai (CT),Census 2011 urban-name heuristic
20,361,2664,369185,Chitar Pur (CT),Census 2011 urban-name heuristic
20,362,2667,801790,Basukinath (NP),Census 2011 urban-name heuristic
20,362,2673,371565,Rasikpur (CT),Census 2011 urban-name heuristic
20,362,2673,371566,Dudhani (CT),Census 2011 urban-name heuristic
20,362,2673,371567,Purana Dumka (CT),Census 2011 urban-name heuristic
20,363,2677,372617,Karma Tanr (CT),Census 2011 urban-name heuristic
20,363,2678,801792,Jamtara (NP),Census 2011 urban-name heuristic
20,363,2678,801793,Mihijam (NP),Census 2011 urban-name heuristic
20,364,2683,373458,Bishrampur (CT),Census 2011 urban-name heuristic
20,364,2683,373459,Churi (CT),Census 2011 urban-name heuristic
20,364,2683,373460,Ray (CT),Census 2011 urban-name heuristic
20,364,2683,373461,Khelari (CT),Census 2011 urban-name heuristic
20,364,2684,373565,Kanke (CT),Census 2011 urban-name heuristic
20,364,2684,373566,Arsande (CT),Census 2011 urban-name heuristic
20,364,2684,801794,Ranchi (M Corp.),Census 2011 urban-name heuristic
20,364,2685,373657,Irba (CT),Census 2011 urban-name heuristic
20,364,2688,373896,Muri (CT),Census 2011 urban-name heuristic
20,364,2690,374058,Tati (CT),Census 2011 urban-name heuristic
20,364,2690,374059,Ara (CT),Census 2011 urban-name heuristic
20,364,2690,374060,Bargarwa (CT),Census 2011 urban-name heuristic
20,364,2691,374098,Ratu (CT),Census 2011 urban-name heuristic
20,364,2692,374144,Tundiul (CT),Census 2011 urban-name heuristic
20,364,2698,801795,Bundu (NP),Census 2011 urban-name heuristic
20,365,2701,374963,Torpa (CT),Census 2011 urban-name heuristic
20,365,2704,801796,Khunti (NP),Census 2011 urban-name heuristic
20,366,2707,375635,Ghagra (CT),Census 2011 urban-name heuristic
20,366,2712,376061,Toto (CT),Census 2011 urban-name heuristic
20,366,2712,801797,Gumla (NP),Census 2011 urban-name heuristic
20,367,2718,801798,Simdega (NP),Census 2011 urban-name heuristic
20,368,2735,377852,Manohar Pur (CT),Census 2011 urban-name heuristic
20,368,2736,377916,Gua (CT),Census 2011 urban-name heuristic
20,368,2736,377917,Barajamda (CT),Census 2011 urban-name heuristic
20,368,2736,377918,Noamundi (CT),Census 2011 urban-name heuristic
20,368,2736,377919,Meghahatuburu Forest Village (CT),Census 2011 urban-name heuristic
20,368,2736,377920,Kiriburu (CT),Census 2011 urban-name heuristic
20,368,2742,378290,Jhinkpani (CT),Census 2011 urban-name heuristic
20,368,2743,378378,Jagannathpur (CT),Census 2011 urban-name heuristic
20,368,2743,378379,Danguwapasi (CT),Census 2011 urban-name heuristic
20,369,2748,378866,Chandil (CT),Census 2011 urban-name heuristic
20,369,2748,378867,Kopali (CT),Census 2011 urban-name heuristic
20,369,2752,379287,Kandra (CT),Census 2011 urban-name heuristic
20,369,2752,379288,Chota Gamahria (CT),Census 2011 urban-name heuristic
20,369,2753,379462,Sini (CT),Census 2011 urban-name heuristic
20,369,2753,801802,Seraikela (NP),Census 2011 urban-name heuristic
21,370,2757,801803,Padmapur (NAC),Census 2011 urban-name heuristic
21,370,2761,380309,Sohela (CT),Census 2011 urban-name heuristic
21,370,2762,380419,Bijepur (CT),Census 2011 urban-name heuristic
21,370,2763,801804,Barapali (NAC),Census 2011 urban-name heuristic
21,370,2765,380612,Bardol (CT),Census 2011 urban-name heuristic
21,370,2765,380613,Khaliapali (CT),Census 2011 urban-name heuristic
21,370,2765,801805,Bargarh (M),Census 2011 urban-name heuristic
21,370,2767,380737,Bhatli (CT),Census 2011 urban-name heuristic
21,371,2772,801806,Belpahar (M),Census 2011 urban-name heuristic
21,371,2773,381073,Bandhbahal (CT),Census 2011 urban-name heuristic
21,371,2774,801807,Brajarajnagar (M),Census 2011 urban-name heuristic
21,371,2775,381107,Bundia (CT),Census 2011 urban-name heuristic
21,371,2776,801808,Jharsuguda (M),Census 2011 urban-name heuristic
21,372,2782,801809,Kochinda (NAC),Census 2011 urban-name heuristic
21,372,2785,381702,Rengali (CT),Census 2011 urban-name heuristic
21,372,2787,801810,Hirakud (NAC),Census 2011 urban-name heuristic
21,372,2788,801811,Burla (NAC),Census 2011 urban-name heuristic
21,372,2792,381945,Badibahal(M),Census 2011 urban-name heuristic
21,372,2797,801812,Redhakhol (NAC),Census 2011 urban-name heuristic
21,372,2799,0,Sambalpur (M),Census 2011 urban-name heuristic
21,372,2799,382595,Dhankauda (OG) (Ward 30),Census 2011 urban-name heuristic
21,372,2799,382595,Dhankauda (OG) (Ward 31),Census 2011 urban-name heuristic
21,372,2799,382596,Amsadha Katapali area (OG),Census 2011 urban-name heuristic
21,372,2799,801813,Sambalpur (M),Census 2011 urban-name heuristic
21,373,2800,801814,Debagarh (M),Census 2011 urban-name heuristic
21,374,2808,801815,Sundargarh (M),Census 2011 urban-name heuristic
21,374,2814,384265,Panposh (CT),Census 2011 urban-name heuristic
21,374,2814,801816,Rajagangapur (M),Census 2011 urban-name heuristic
21,374,2816,384373,Kuanrmunda (CT),Census 2011 urban-name heuristic
21,374,2816,801818,Biramitrapur (M),Census 2011 urban-name heuristic
21,374,2821,384612,Jalda (CT),Census 2011 urban-name heuristic
21,374,2821,384613,Hatibandha (CT),Census 2011 urban-name heuristic
21,374,2823,384647,Lathikata (CT),Census 2011 urban-name heuristic
21,374,2826,384803,Koida (CT),Census 2011 urban-name heuristic
21,374,2827,384964,Tensa (CT),Census 2011 urban-name heuristic
21,374,2830,385209,Banaigarh (CT),Census 2011 urban-name heuristic
21,374,2832,0,Raurkela (M),Census 2011 urban-name heuristic
21,374,2832,385245,Kulunga Industrial Estate & Other Colony Area (OG) (Ward 34),Census 2011 urban-name heuristic
21,374,2832,385245,Kulunga Industrial Estate & Other Colony Area (OG) (Ward 35),Census 2011 urban-name heuristic
21,374,2832,385245,Kulunga Industrial Estate & Other Colony Area (OG) (Ward 36),Census 2011 urban-name heuristic
21,374,2832,385245,Kulunga Industrial Estate & Other Colony Area (OG) (Ward 37),Census 2011 urban-name heuristic
21,374,2832,385245,Kulunga Industrial Estate & Other Colony Area (OG) (Ward 38),Census 2011 urban-name heuristic
21,374,2832,385245,Kulunga Industrial Estate & Other Colony Area (OG) (Ward 39),Census 2011 urban-name heuristic
21,374,2832,385245,Kulunga Industrial Estate & Other Colony Area (OG) (Ward 40),Census 2011 urban-name heuristic
21,374,2832,385245,Kulunga Industrial Estate & Other Colony Area (OG) (Ward 41),Census 2011 urban-name heuristic
21,374,2832,801819,Raurkela (M),Census 2011 urban-name heuristic
21,374,2833,385246,I.D.L.Factory & Other Colony Area (OG),Census 2011 urban-name heuristic
21,375,2834,801821,Barbil (M),Census 2011 urban-name heuristic
21,375,2835,385278,Balagoda (Bolani) (CT),Census 2011 urban-name heuristic
21,375,2838,385392,Jajanga (CT),Census 2011 urban-name heuristic
21,375,2839,385509,Champua (CT),Census 2011 urban-name heuristic
21,375,2840,385564,Jhumpura (CT),Census 2011 urban-name heuristic
21,375,2845,801823,Kendujhar (M),Census 2011 urban-name heuristic
21,375,2852,386860,Daitari (CT),Census 2011 urban-name heuristic
21,375,2854,801824,Anandpur (M),Census 2011 urban-name heuristic
21,376,2861,387670,Dublabeda (OG),Census 2011 urban-name heuristic
21,376,2861,387671,Purunapani (OG),Census 2011 urban-name heuristic
21,376,2861,387672,Ranipal (OG),Census 2011 urban-name heuristic
21,376,2861,387673,Sanchampada (OG),Census 2011 urban-name heuristic
21,376,2861,387674,Nuagaon (OG),Census 2011 urban-name heuristic
21,376,2861,387675,Halda (OG),Census 2011 urban-name heuristic
21,376,2861,387676,Nagbhan (OG),Census 2011 urban-name heuristic
21,376,2861,387677,Ranikudar (OG),Census 2011 urban-name heuristic
21,376,2861,387678,Asabadi (OG),Census 2011 urban-name heuristic
21,376,2861,387679,Bharandia (OG),Census 2011 urban-name heuristic
21,376,2861,387680,Gopal Bandha (OG),Census 2011 urban-name heuristic
21,376,2861,387681,Sindurgouri (OG),Census 2011 urban-name heuristic
21,376,2861,801825,Rairangpur (NAC + OG),Census 2011 urban-name heuristic
21,376,2861,801825,Rairangpur (NAC),Census 2011 urban-name heuristic
21,376,2867,388645,Jashipur (CT),Census 2011 urban-name heuristic
21,376,2870,801826,Karanjia (NAC),Census 2011 urban-name heuristic
21,376,2884,801827,Udala (NAC),Census 2011 urban-name heuristic
21,376,2888,0,Baripada (M),Census 2011 urban-name heuristic
21,376,2888,391338,Podaastia Business Center  Area (OG),Census 2011 urban-name heuristic
21,376,2888,391339,Subarnarekha Irrigation Project Colony  (OG),Census 2011 urban-name heuristic
21,376,2888,391340,Indupahi (OG),Census 2011 urban-name heuristic
21,376,2888,801828,Baripada (M),Census 2011 urban-name heuristic
21,377,2890,801829,Jaleshwar (NAC),Census 2011 urban-name heuristic
21,377,2902,801830,Remuna (NAC),Census 2011 urban-name heuristic
21,377,2903,801831,Nilagiri (NAC),Census 2011 urban-name heuristic
21,377,2907,801832,Soro (NAC),Census 2011 urban-name heuristic
21,377,2909,0,Baleshwar (M),Census 2011 urban-name heuristic
21,377,2909,394273,Baleswwar Industrial Estate (OG) (Ward 32),Census 2011 urban-name heuristic
21,377,2909,394273,Baleswwar Industrial Estate (OG) (Ward 33),Census 2011 urban-name heuristic
21,377,2909,394273,Baleswwar Industrial Estate (OG) (Ward 34),Census 2011 urban-name heuristic
21,377,2909,394273,Baleswwar Industrial Estate (OG) (Ward 35),Census 2011 urban-name heuristic
21,377,2909,394273,Baleswwar Industrial Estate (OG) (Ward 36),Census 2011 urban-name heuristic
21,377,2909,394273,Baleswwar Industrial Estate (OG) (Ward 37),Census 2011 urban-name heuristic
21,377,2909,394273,Baleswwar Industrial Estate (OG) (Ward 38),Census 2011 urban-name heuristic
21,377,2909,394273,Baleswwar Industrial Estate (OG) (Ward 39),Census 2011 urban-name heuristic
21,377,2909,394273,Baleswwar Industrial Estate (OG) (Ward 40),Census 2011 urban-name heuristic
21,377,2909,394273,Baleswwar Industrial Estate (OG) (Ward 41),Census 2011 urban-name heuristic
21,377,2909,394273,Baleswwar Industrial Estate (OG) (Ward 42),Census 2011 urban-name heuristic
21,377,2909,394273,Baleswwar Industrial Estate (OG) (Ward 43),Census 2011 urban-name heuristic
21,377,2909,394273,Baleswwar Industrial Estate (OG) (Ward 44),Census 2011 urban-name heuristic
21,377,2909,394273,Baleswwar Industrial Estate (OG) (Ward 45),Census 2011 urban-name heuristic
21,377,2909,394273,Baleswwar Industrial Estate (OG) (Ward 46),Census 2011 urban-name heuristic
21,377,2909,394273,Baleswwar Industrial Estate (OG) (Ward 47),Census 2011 urban-name heuristic
21,377,2909,394273,Baleswwar Industrial Estate (OG) (Ward 48),Census 2011 urban-name heuristic
21,377,2909,394273,Baleswwar Industrial Estate (OG) (Ward 49),Census 2011 urban-name heuristic
21,377,2909,394273,Baleswwar Industrial Estate (OG) (Ward 50),Census 2011 urban-name heuristic
21,377,2909,394273,Baleswwar Industrial Estate (OG) (Ward 51),Census 2011 urban-name heuristic
21,377,2909,394273,Baleswwar Industrial Estate (OG) (Ward 52),Census 2011 urban-name heuristic
21,377,2909,801833,Baleshwar (M),Census 2011 urban-name heuristic
21,378,2913,801834,Dhamanagar (NAC),Census 2011 urban-name heuristic
21,378,2914,394886,Erei (CT),Census 2011 urban-name heuristic
21,378,2914,394887,Randia (OG),Census 2011 urban-name heuristic
21,378,2914,394888,Sarmanga (OG),Census 2011 urban-name heuristic
21,378,2914,394889,Koranta (OG),Census 2011 urban-name heuristic
21,378,2914,394890,Boudhpur (OG),Census 2011 urban-name heuristic
21,378,2914,394891,Samaraipur (OG),Census 2011 urban-name heuristic
21,378,2914,801835,Bhadrak (M),Census 2011 urban-name heuristic
21,378,2915,801836,Basudebpur (NAC),Census 2011 urban-name heuristic
21,379,2926,801837,Pattamundai (NAC),Census 2011 urban-name heuristic
21,379,2927,801838,Kendrapara (M),Census 2011 urban-name heuristic
21,380,2934,801839,Paradip (M),Census 2011 urban-name heuristic
21,380,2935,397173,Paradipgarh (CT),Census 2011 urban-name heuristic
21,380,2939,397783,Krushnanandapur (CT),Census 2011 urban-name heuristic
21,380,2940,801840,Jagatsinghapur (M),Census 2011 urban-name heuristic
21,381,2946,398818,Badamba (Nizigarh) (CT),Census 2011 urban-name heuristic
21,381,2948,801841,Banki (NAC),Census 2011 urban-name heuristic
21,381,2949,399027,Nuapatna (CT),Census 2011 urban-name heuristic
21,381,2950,801842,Athagad (NAC),Census 2011 urban-name heuristic
21,381,2951,399153,Dadhapatna (CT),Census 2011 urban-name heuristic
21,381,2951,399154,Belagachhia (CT),Census 2011 urban-name heuristic
21,381,2954,399315,Charibatia (CT),Census 2011 urban-name heuristic
21,381,2954,399316,Industrial Area (OG) (Ward 20),Census 2011 urban-name heuristic
21,381,2954,399316,Industrial Area (OG) (Ward 21),Census 2011 urban-name heuristic
21,381,2954,399316,Industrial Area (OG) (Ward 22),Census 2011 urban-name heuristic
21,381,2954,399316,Industrial Area (OG) (Ward 23),Census 2011 urban-name heuristic
21,381,2954,399316,Industrial Area (OG) (Ward 24),Census 2011 urban-name heuristic
21,381,2954,399316,Industrial Area (OG) (Ward 25),Census 2011 urban-name heuristic
21,381,2954,399316,Industrial Area (OG) (Ward 26),Census 2011 urban-name heuristic
21,381,2954,399316,Industrial Area (OG) (Ward 27),Census 2011 urban-name heuristic
21,381,2954,399316,Industrial Area (OG) (Ward 28),Census 2011 urban-name heuristic
21,381,2954,399316,Industrial Area (OG) (Ward 29),Census 2011 urban-name heuristic
21,381,2954,399316,Industrial Area (OG) (Ward 30),Census 2011 urban-name heuristic
21,381,2954,801843,Choudwar (M),Census 2011 urban-name heuristic
21,381,2955,399421,Kanheipur (CT),Census 2011 urban-name heuristic
21,381,2955,399422,Ramgarh (CT),Census 2011 urban-name heuristic
21,381,2968,0,Cuttack (M Corp.),Census 2011 urban-name heuristic
21,381,2968,801844,Cuttack (MC),Census 2011 urban-name heuristic
21,382,2971,400546,Kalarangiata (CT),Census 2011 urban-name heuristic
21,382,2971,400547,Kaliapani (CT),Census 2011 urban-name heuristic
21,382,2974,400641,Educational Area  (OG),Census 2011 urban-name heuristic
21,382,2974,400981,Badaputuli (OG),Census 2011 urban-name heuristic
21,382,2974,400982,Sanputuli (OG),Census 2011 urban-name heuristic
21,382,2974,801845,Byasanagar (M),Census 2011 urban-name heuristic
21,382,2977,801846,Jajapur (M),Census 2011 urban-name heuristic
21,382,2979,401372,Brahmabarada (CT),Census 2011 urban-name heuristic
21,382,2980,401469,Kabatabandha (CT),Census 2011 urban-name heuristic
21,382,2980,401470,Anjira (CT),Census 2011 urban-name heuristic
21,382,2984,402000,Sayadpur (CT),Census 2011 urban-name heuristic
21,383,2987,402315,Saranga (CT),Census 2011 urban-name heuristic
21,383,2988,801847,Kamakshyanagar (NAC),Census 2011 urban-name heuristic
21,383,2990,801848,Bhuban (NAC),Census 2011 urban-name heuristic
21,383,2999,403392,Indipur (CT),Census 2011 urban-name heuristic
21,383,2999,801849,Dhenkanal (M),Census 2011 urban-name heuristic
21,384,3000,403538,Palalahada (CT),Census 2011 urban-name heuristic
21,384,3002,403727,Rengali Damproject Township (CT),Census 2011 urban-name heuristic
21,384,3005,403904,Tipo (CT),Census 2011 urban-name heuristic
21,384,3006,801850,Talcher (M),Census 2011 urban-name heuristic
21,384,3007,404088,Danara (CT),Census 2011 urban-name heuristic
21,384,3007,404089,Dera Colliery Township (CT),Census 2011 urban-name heuristic
21,384,3007,404090,Ghantapada (CT),Census 2011 urban-name heuristic
21,384,3007,404091,T.T.P.S. Township (CT),Census 2011 urban-name heuristic
21,384,3008,404105,Jorada (Bada) (CT),Census 2011 urban-name heuristic
21,384,3008,404106,F.C.I. Township (CT),Census 2011 urban-name heuristic
21,384,3009,404118,Nalco (CT),Census 2011 urban-name heuristic
21,384,3009,404119,Kandasar (Part) (CT),Census 2011 urban-name heuristic
21,384,3009,404120,Kulad (Part) (CT),Census 2011 urban-name heuristic
21,384,3010,404192,Budhapanka (CT),Census 2011 urban-name heuristic
21,384,3010,404193,Gotamara (CT),Census 2011 urban-name heuristic
21,384,3010,404194,Nuahata (CT),Census 2011 urban-name heuristic
21,384,3011,801851,Anugul (M),Census 2011 urban-name heuristic
21,384,3017,801852,Athmallik (NAC),Census 2011 urban-name heuristic
21,385,3023,405611,Kunjabangarh (CT),Census 2011 urban-name heuristic
21,385,3026,406078,Kantilo (CT),Census 2011 urban-name heuristic
21,385,3026,801853,Khandapada (NAC),Census 2011 urban-name heuristic
21,385,3028,801854,Nayagarh (NAC),Census 2011 urban-name heuristic
21,385,3029,406325,Itamati (CT),Census 2011 urban-name heuristic
21,385,3031,406632,Odagaon (CT),Census 2011 urban-name heuristic
21,385,3033,406975,Chandapur (CT),Census 2011 urban-name heuristic
21,385,3033,406976,Rajasunakhala (CT),Census 2011 urban-name heuristic
21,385,3033,406977,Ranapurgada (CT),Census 2011 urban-name heuristic
21,386,3036,801855,Khordha (M),Census 2011 urban-name heuristic
21,386,3037,407456,Kaipadar (CT),Census 2011 urban-name heuristic
21,386,3042,407607,Pratapsasan (CT),Census 2011 urban-name heuristic
21,386,3043,407707,Majhihara (CT),Census 2011 urban-name heuristic
21,386,3043,407708,Bhakarsahi (CT),Census 2011 urban-name heuristic
21,386,3043,407709,Bhapur (CT),Census 2011 urban-name heuristic
21,386,3049,645604,Industrial & Colony Area (OG) (Ward 24),Census 2011 urban-name heuristic
21,386,3049,645604,Industrial & Colony Area (OG) (Ward 25),Census 2011 urban-name heuristic
21,386,3049,645604,Industrial & Colony Area (OG) (Ward 26),Census 2011 urban-name heuristic
21,386,3049,801856,Jatani (M),Census 2011 urban-name heuristic
21,386,3052,408169,Tangi (CT),Census 2011 urban-name heuristic
21,386,3052,408170,Balipatapur (CT),Census 2011 urban-name heuristic
21,386,3053,408299,Dungamal (CT),Census 2011 urban-name heuristic
21,386,3053,801857,Balugaon (NAC),Census 2011 urban-name heuristic
21,386,3054,801858,Banapur (NAC),Census 2011 urban-name heuristic
21,386,3055,0,Bhubaneswar (M Corp.),Census 2011 urban-name heuristic
21,386,3055,408521,Patrapada (OG),Census 2011 urban-name heuristic
21,386,3055,408522,Sijuan (OG),Census 2011 urban-name heuristic
21,386,3055,408523,Ranasinghapur (OG),Census 2011 urban-name heuristic
21,386,3055,408524,Sarakantara (OG),Census 2011 urban-name heuristic
21,386,3055,408525,Bahadalpur (OG),Census 2011 urban-name heuristic
21,386,3055,408526,Ebranga (OG),Census 2011 urban-name heuristic
21,386,3055,408527,Raghunathpur Jalli (OG),Census 2011 urban-name heuristic
21,386,3055,408528,Kalarahanga (OG),Census 2011 urban-name heuristic
21,386,3055,408529,Injana (OG),Census 2011 urban-name heuristic
21,386,3055,408530,Rokat (OG),Census 2011 urban-name heuristic
21,386,3055,408531,Kesura (OG),Census 2011 urban-name heuristic
21,386,3055,408532,Koradakanta (OG),Census 2011 urban-name heuristic
21,386,3055,408533,Bankual(OG),Census 2011 urban-name heuristic
21,386,3055,408534,Industrial & Colony Area (OG) (Ward 61),Census 2011 urban-name heuristic
21,386,3055,408534,Industrial & Colony Area (OG) (Ward 62),Census 2011 urban-name heuristic
21,386,3055,408534,Industrial & Colony Area (OG) (Ward 63),Census 2011 urban-name heuristic
21,386,3055,408534,Industrial & Colony Area (OG) (Ward 64),Census 2011 urban-name heuristic
21,386,3055,408534,Industrial & Colony Area (OG) (Ward 65),Census 2011 urban-name heuristic
21,386,3055,408534,Industrial & Colony Area (OG) (Ward 66),Census 2011 urban-name heuristic
21,386,3055,408534,Industrial & Colony Area (OG) (Ward 67),Census 2011 urban-name heuristic
21,386,3055,408534,Industrial & Colony Area (OG) (Ward 68),Census 2011 urban-name heuristic
21,386,3055,801859,Bhubaneswar (MC + OG),Census 2011 urban-name heuristic
21,386,3055,801859,Bhubaneswar (MC),Census 2011 urban-name heuristic
21,387,3056,408665,Godiputamatiapara (CT),Census 2011 urban-name heuristic
21,387,3057,801860,Pipili (NAC),Census 2011 urban-name heuristic
21,387,3058,801861,Nimapada (NAC),Census 2011 urban-name heuristic
21,387,3061,801862,Konark (NAC),Census 2011 urban-name heuristic
21,387,3065,409802,Birapratappur (CT),Census 2011 urban-name heuristic
21,387,3070,0,Puri (M),Census 2011 urban-name heuristic
21,387,3070,801863,Puri (M),Census 2011 urban-name heuristic
21,388,3071,410351,Kullada (CT),Census 2011 urban-name heuristic
21,388,3072,801864,Buguda (NAC),Census 2011 urban-name heuristic
21,388,3074,410673,Badakodanda (CT),Census 2011 urban-name heuristic
21,388,3074,410674,Lalsingi (CT),Census 2011 urban-name heuristic
21,388,3074,801865,Bhanjanagar (NAC),Census 2011 urban-name heuristic
21,388,3074,801866,Bellaguntha (NAC),Census 2011 urban-name heuristic
21,388,3076,801867,Surada (NAC),Census 2011 urban-name heuristic
21,388,3077,411193,Badagada (CT),Census 2011 urban-name heuristic
21,388,3078,411296,Makundapur (CT),Census 2011 urban-name heuristic
21,388,3078,801868,Asika (NAC),Census 2011 urban-name heuristic
21,388,3079,411360,Mundamarai (CT),Census 2011 urban-name heuristic
21,388,3080,801869,Kabisurjyanagar (NAC),Census 2011 urban-name heuristic
21,388,3081,801870,Polasara (NAC),Census 2011 urban-name heuristic
21,388,3082,801871,Kodala (NAC),Census 2011 urban-name heuristic
21,388,3083,411948,Pathar (CT),Census 2011 urban-name heuristic
21,388,3083,801872,Khalikote (NAC),Census 2011 urban-name heuristic
21,388,3084,412057,Palurgada (CT),Census 2011 urban-name heuristic
21,388,3084,801873,Rambha (NAC),Census 2011 urban-name heuristic
21,388,3085,801874,Chhatrapur (NAC),Census 2011 urban-name heuristic
21,388,3086,412128,Agastinuagan (CT),Census 2011 urban-name heuristic
21,388,3086,801875,Ganjam (NAC),Census 2011 urban-name heuristic
21,388,3088,412160,Arjyapalli (CT),Census 2011 urban-name heuristic
21,388,3089,801876,Purusottampur (NAC),Census 2011 urban-name heuristic
21,388,3090,412347,Pitala (CT),Census 2011 urban-name heuristic
21,388,3090,801877,Hinjilicut (NAC),Census 2011 urban-name heuristic
21,388,3092,412551,Sheragada (CT),Census 2011 urban-name heuristic
21,388,3093,412604,Kukudakhandi (CT),Census 2011 urban-name heuristic
21,388,3093,412605,Borigam (CT),Census 2011 urban-name heuristic
21,388,3093,412606,Bhabinipur (CT),Census 2011 urban-name heuristic
21,388,3093,412607,Lochapada (CT),Census 2011 urban-name heuristic
21,388,3094,412633,Venkatraipur (CT),Census 2011 urban-name heuristic
21,388,3094,412634,Golabandha (CT),Census 2011 urban-name heuristic
21,388,3094,801878,Gopalpur (NAC),Census 2011 urban-name heuristic
21,388,3095,412725,Suvani (CT),Census 2011 urban-name heuristic
21,388,3095,412726,Surala (CT),Census 2011 urban-name heuristic
21,388,3096,801879,Digapahandi (NAC),Census 2011 urban-name heuristic
21,388,3097,801880,Chikiti (NAC),Census 2011 urban-name heuristic
21,388,3098,413350,Patrapur (CT),Census 2011 urban-name heuristic
21,388,3099,801881,Brahmapur (MC),Census 2011 urban-name heuristic
21,389,3101,413958,Mohana (CT),Census 2011 urban-name heuristic
21,389,3102,414260,R. Udayagiri (CT),Census 2011 urban-name heuristic
21,389,3104,801882,Kashinagar (NAC),Census 2011 urban-name heuristic
21,389,3105,414651,Ramaswamipur (OG),Census 2011 urban-name heuristic
21,389,3105,801883,Paralakhemundi (M),Census 2011 urban-name heuristic
21,389,3107,414848,Rayagada (CT),Census 2011 urban-name heuristic
21,390,3112,801884,Phulabani (M),Census 2011 urban-name heuristic
21,390,3114,801885,G. Udayagiri (NAC),Census 2011 urban-name heuristic
21,390,3119,416820,Baliguda (CT),Census 2011 urban-name heuristic
21,390,3125,417521,Daringbadi (CT),Census 2011 urban-name heuristic
21,391,3130,801886,Baudhgarh (NAC),Census 2011 urban-name heuristic
21,392,3135,801887,Binika (NAC),Census 2011 urban-name heuristic
21,392,3138,419524,Subalaya (CT),Census 2011 urban-name heuristic
21,392,3139,801888,Sonapur (M),Census 2011 urban-name heuristic
21,392,3140,801889,Tarbha (NAC),Census 2011 urban-name heuristic
21,393,3141,419976,Loisinga (CT),Census 2011 urban-name heuristic
21,393,3142,801890,Balangir (M),Census 2011 urban-name heuristic
21,393,3143,420513,Tushura (CT),Census 2011 urban-name heuristic
21,393,3144,801891,Patnagarh (NAC),Census 2011 urban-name heuristic
21,393,3148,421195,Badmal (CT),Census 2011 urban-name heuristic
21,393,3149,801892,Kantabanji (NAC),Census 2011 urban-name heuristic
21,393,3150,421343,Bangomunda (CT),Census 2011 urban-name heuristic
21,393,3152,421602,D.A.V. College Area (OG) (Ward 16),Census 2011 urban-name heuristic
21,393,3152,421602,D.A.V. College Area (OG) (Ward 17),Census 2011 urban-name heuristic
21,393,3152,801893,Titlagarh (NAC + OG),Census 2011 urban-name heuristic
21,393,3152,801893,Titlagarh (NAC),Census 2011 urban-name heuristic
21,394,3153,801894,Khariar Road (NAC),Census 2011 urban-name heuristic
21,394,3156,801895,Khariar (NAC),Census 2011 urban-name heuristic
21,395,3159,801896,Kesinga (NAC),Census 2011 urban-name heuristic
21,395,3160,422708,Madanpur Rampur (CT),Census 2011 urban-name heuristic
21,395,3164,801897,Bhawanipatna (M),Census 2011 urban-name heuristic
21,395,3166,801898,Junagarh (NAC),Census 2011 urban-name heuristic
21,395,3170,424227,Mukhiguda (CT),Census 2011 urban-name heuristic
21,396,3173,425011,Tikarpada (CT),Census 2011 urban-name heuristic
21,396,3175,425462,Bishamakatak (CT),Census 2011 urban-name heuristic
21,396,3176,425727,Kalyanasingpur (CT),Census 2011 urban-name heuristic
21,396,3181,426511,Chandili (CT),Census 2011 urban-name heuristic
21,396,3181,801899,Rayagada (M),Census 2011 urban-name heuristic
21,396,3183,426838,Industrial & Educational  Area (OG) (Ward 18),Census 2011 urban-name heuristic
21,396,3183,426838,Industrial & Educational  Area (OG) (Ward 19),Census 2011 urban-name heuristic
21,396,3183,801900,Gunupur (NAC + OG),Census 2011 urban-name heuristic
21,396,3183,801900,Gunupur (NAC),Census 2011 urban-name heuristic
21,396,3184,801901,Gudari (NAC),Census 2011 urban-name heuristic
21,397,3187,427270,Raighar (CT),Census 2011 urban-name heuristic
21,397,3189,801902,Umarkote (NAC),Census 2011 urban-name heuristic
21,397,3193,427776,Papadahandi (CT),Census 2011 urban-name heuristic
21,397,3196,427953,Nuagad Mirganguda (OG) (Part),Census 2011 urban-name heuristic
21,397,3196,427978,Kusumi (OG),Census 2011 urban-name heuristic
21,397,3196,645597,Majhiguda Padalguda (OG) (Part),Census 2011 urban-name heuristic
21,397,3196,801903,Nabarangapur (M),Census 2011 urban-name heuristic
21,397,3198,428090,Khatiguda (CT),Census 2011 urban-name heuristic
21,398,3199,801904,Kotpad (NAC),Census 2011 urban-name heuristic
21,398,3200,428283,Boriguma (CT),Census 2011 urban-name heuristic
21,398,3208,801905,Koraput (NAC),Census 2011 urban-name heuristic
21,398,3209,801906,Jeypur (M),Census 2011 urban-name heuristic
21,398,3216,801907,Sunabeda (NAC).,Census 2011 urban-name heuristic
21,398,3217,429994,Damanjodi (CT),Census 2011 urban-name heuristic
21,398,3217,429995,Kurumuli (CT),Census 2011 urban-name heuristic
21,399,3220,801908,Malkangiri (NAC),Census 2011 urban-name heuristic
21,399,3223,430673,Chitrakonda (CT),Census 2011 urban-name heuristic
21,399,3226,801909,Balimela (NAC),Census 2011 urban-name heuristic
22,400,3232,431500,Katkona (CT),Census 2011 urban-name heuristic
22,400,3232,801910,Shivpur Charcha (M),Census 2011 urban-name heuristic
22,400,3232,801911,Baikunthpur (M),Census 2011 urban-name heuristic
22,400,3234,801912,Manendragarh (M),Census 2011 urban-name heuristic
22,400,3234,801913,Khongapani (NP),Census 2011 urban-name heuristic
22,400,3234,801914,Jhagrakhand (NP),Census 2011 urban-name heuristic
22,400,3234,801915,Nai-Ledri (NP),Census 2011 urban-name heuristic
22,401,3236,801917,Ramanujganj (NP),Census 2011 urban-name heuristic
22,401,3237,801918,Balrampur (NP),Census 2011 urban-name heuristic
22,401,3238,801919,Wadrafnagar (NP),Census 2011 urban-name heuristic
22,401,3239,801920,Pratappur (NP),Census 2011 urban-name heuristic
22,401,3239,801921,Jarhi (NP),Census 2011 urban-name heuristic
22,401,3240,801922,Kusmi (NP),Census 2011 urban-name heuristic
22,401,3242,432613,Govindpur (CT),Census 2011 urban-name heuristic
22,401,3242,432614,Shivnandanpur Alias Omkarbahara (CT),Census 2011 urban-name heuristic
22,401,3242,801923,Surajpur (M),Census 2011 urban-name heuristic
22,401,3242,801924,Bishrampur (NP),Census 2011 urban-name heuristic
22,401,3244,801925,Bhatgaon (NP),Census 2011 urban-name heuristic
22,401,3246,801926,Premnagar (NP),Census 2011 urban-name heuristic
22,401,3247,433049,Nawagarh (OG),Census 2011 urban-name heuristic
22,401,3247,433050,Bhagwanpur (OG),Census 2011 urban-name heuristic
22,401,3247,433051,Shubhashnagar (OG),Census 2011 urban-name heuristic
22,401,3247,801927,Ambikapur (M Corp. + OG),Census 2011 urban-name heuristic
22,401,3247,801927,Ambikapur (M Corp.),Census 2011 urban-name heuristic
22,401,3248,801928,Lakhanpur (NP),Census 2011 urban-name heuristic
22,401,3250,801929,Rajpur (NP),Census 2011 urban-name heuristic
22,401,3252,801930,Sitapur (NP),Census 2011 urban-name heuristic
22,402,3255,801931,Bagicha (NP),Census 2011 urban-name heuristic
22,402,3257,433880,Jashpur Nagar (OG),Census 2011 urban-name heuristic
22,402,3257,801932,JashpurNagar (M),Census 2011 urban-name heuristic
22,402,3259,434068,Kunkuri (CT),Census 2011 urban-name heuristic
22,402,3262,801933,Pathalgaon (NP),Census 2011 urban-name heuristic
22,402,3262,801934,Kotba (NP),Census 2011 urban-name heuristic
22,403,3263,801935,Dharamjaigarh (NP),Census 2011 urban-name heuristic
22,403,3264,801936,Lailunga (NP),Census 2011 urban-name heuristic
22,403,3265,801937,Gharghoda (NP),Census 2011 urban-name heuristic
22,403,3267,434920,Kalmi (OG) (Part),Census 2011 urban-name heuristic
22,403,3267,434928,Kishanpur (OG) (Part),Census 2011 urban-name heuristic
22,403,3267,434992,Bade attarmuda (OG),Census 2011 urban-name heuristic
22,403,3267,434993,Benderchua (OG),Census 2011 urban-name heuristic
22,403,3267,434994,Bhagwanpur (OG),Census 2011 urban-name heuristic
22,403,3267,434995,Amlibhauna (OG),Census 2011 urban-name heuristic
22,403,3267,434996,Boirdadar (OG),Census 2011 urban-name heuristic
22,403,3267,801938,Kirodimalnagar (NP),Census 2011 urban-name heuristic
22,403,3267,801939,Raigarh (M Corp. + OG),Census 2011 urban-name heuristic
22,403,3267,801939,Raigarh (M Corp.),Census 2011 urban-name heuristic
22,403,3268,801940,Pusaur (NP),Census 2011 urban-name heuristic
22,403,3269,801941,Kharsia  (M),Census 2011 urban-name heuristic
22,403,3270,801942,Sarangarh (NP),Census 2011 urban-name heuristic
22,403,3271,801943,Sariya (NP),Census 2011 urban-name heuristic
22,403,3271,801944,Baramkela (NP),Census 2011 urban-name heuristic
22,404,0,801949,Korba (M Corp. + OG),Census 2011 urban-name heuristic
22,404,3272,435923,Durena (CT),Census 2011 urban-name heuristic
22,404,3272,801945,Katghora (NP),Census 2011 urban-name heuristic
22,404,3272,801946,Chhurikala (NP),Census 2011 urban-name heuristic
22,404,3272,801947,Dipka (M),Census 2011 urban-name heuristic
22,404,3272,801949,Korba (M Corp.) (Part),Census 2011 urban-name heuristic
22,404,3274,801948,Pali (NP),Census 2011 urban-name heuristic
22,404,3275,436319,Dondro (OG) (Part),Census 2011 urban-name heuristic
22,404,3275,436411,Rajgamar (CT),Census 2011 urban-name heuristic
22,404,3275,801949,Korba (M Corp. + OG) (Part),Census 2011 urban-name heuristic
22,404,3275,801949,Korba (M Corp.) (Part),Census 2011 urban-name heuristic
22,405,3277,801950,Naila-Janjgir (M),Census 2011 urban-name heuristic
22,405,3278,801951,Akaltara (M),Census 2011 urban-name heuristic
22,405,3279,801952,Baloda (NP),Census 2011 urban-name heuristic
22,405,3280,801953,Nawagarh (NP),Census 2011 urban-name heuristic
22,405,3280,801954,Shivrinarayan (NP),Census 2011 urban-name heuristic
22,405,3281,801955,Champa (M),Census 2011 urban-name heuristic
22,405,3281,801956,Saragaon (NP),Census 2011 urban-name heuristic
22,405,3282,801957,Sakti (M),Census 2011 urban-name heuristic
22,405,3282,801958,Naya Baradwar (NP),Census 2011 urban-name heuristic
22,405,3283,801959,Rahaud (NP),Census 2011 urban-name heuristic
22,405,3283,801960,Kharod (NP),Census 2011 urban-name heuristic
22,405,3284,801961,Dabhra (NP),Census 2011 urban-name heuristic
22,405,3284,801962,Chandrapur (NP),Census 2011 urban-name heuristic
22,405,3285,801963,Adbhar (NP),Census 2011 urban-name heuristic
22,405,3286,801964,Jaijepur (NP),Census 2011 urban-name heuristic
22,406,0,801975,Bilaspur (M Corp. + OG),Census 2011 urban-name heuristic
22,406,3287,801965,Gaurella (NP),Census 2011 urban-name heuristic
22,406,3289,801966,Pendra (NP),Census 2011 urban-name heuristic
22,406,3290,801967,Lormi (NP),Census 2011 urban-name heuristic
22,406,3291,801968,Kota (NP),Census 2011 urban-name heuristic
22,406,3291,801969,Ratanpur (NP),Census 2011 urban-name heuristic
22,406,3292,438353,Ramgarh (OG),Census 2011 urban-name heuristic
22,406,3292,438354,Surighat (OG),Census 2011 urban-name heuristic
22,406,3292,438355,Karhi (OG),Census 2011 urban-name heuristic
22,406,3293,801971,Pathariya (NP),Census 2011 urban-name heuristic
22,406,3293,801972,Sargaon (NP),Census 2011 urban-name heuristic
22,406,3294,438771,Ameri (OG),Census 2011 urban-name heuristic
22,406,3294,438772,Uslapur (OG),Census 2011 urban-name heuristic
22,406,3294,801973,Takhatpur (NP),Census 2011 urban-name heuristic
22,406,3294,801974,Sakari (NP),Census 2011 urban-name heuristic
22,406,3294,801975,Bilaspur (M Corp. + OG) (Part),Census 2011 urban-name heuristic
22,406,3295,438745,Khamtarai (OG) (Part),Census 2011 urban-name heuristic
22,406,3295,438754,Mopka (OG) (Part),Census 2011 urban-name heuristic
22,406,3295,438757,Behtarai (OG) (Part),Census 2011 urban-name heuristic
22,406,3295,438767,Koni (CT),Census 2011 urban-name heuristic
22,406,3295,438768,Lingiyadih (CT),Census 2011 urban-name heuristic
22,406,3295,438769,Deori (CT),Census 2011 urban-name heuristic
22,406,3295,438770,Mehmand (CT),Census 2011 urban-name heuristic
22,406,3295,438773,Mangla (OG),Census 2011 urban-name heuristic
22,406,3295,801975,Bilaspur (M Corp.) (Part),Census 2011 urban-name heuristic
22,406,3295,801976,Tifra (NP),Census 2011 urban-name heuristic
22,406,3295,801977,Sirgitti (NP),Census 2011 urban-name heuristic
22,406,3296,801978,Malhar (NP),Census 2011 urban-name heuristic
22,406,3297,801979,Bodri (NP),Census 2011 urban-name heuristic
22,406,3297,801980,Bilha (NP),Census 2011 urban-name heuristic
22,407,3298,439181,Sagona (OG) (Part),Census 2011 urban-name heuristic
22,407,3298,439182,Ghotiya (OG) (Part),Census 2011 urban-name heuristic
22,407,3298,439184,Talpur (OG) (Part),Census 2011 urban-name heuristic
22,407,3298,801982,Pipariya (NP),Census 2011 urban-name heuristic
22,407,3299,801983,Bodla (NP),Census 2011 urban-name heuristic
22,407,3300,801984,Sahaspur-Lohara (NP),Census 2011 urban-name heuristic
22,407,3301,801985,Pandariya (NP),Census 2011 urban-name heuristic
22,407,3301,801986,Pandatarai (NP),Census 2011 urban-name heuristic
22,408,3302,801987,Gandai (NP),Census 2011 urban-name heuristic
22,408,3302,801988,Chhuikhadan (NP),Census 2011 urban-name heuristic
22,408,3303,801989,Khairagarh (M),Census 2011 urban-name heuristic
22,408,3304,801990,Dongargarh (M),Census 2011 urban-name heuristic
22,408,3305,801991,Rajnandgaon (M Corp.),Census 2011 urban-name heuristic
22,408,3306,801992,Chhuriya (NP),Census 2011 urban-name heuristic
22,408,3307,801993,Dongargaon (NP),Census 2011 urban-name heuristic
22,408,3310,801994,Ambagarh Chowki (NP),Census 2011 urban-name heuristic
22,409,0,802005,Kumhari (M),Census 2011 urban-name heuristic
22,409,0,802006,Jamul (M),Census 2011 urban-name heuristic
22,409,0,802007,Bhilai Charoda (M),Census 2011 urban-name heuristic
22,409,0,802008,Bhilai Nagar (M Corp. + OG),Census 2011 urban-name heuristic
22,409,3311,801995,Nawagarh (NP),Census 2011 urban-name heuristic
22,409,3311,801996,Maro (NP),Census 2011 urban-name heuristic
22,409,3312,801997,Bemetara (M),Census 2011 urban-name heuristic
22,409,3313,801998,Saja (NP),Census 2011 urban-name heuristic
22,409,3313,801999,Devkar  (NP),Census 2011 urban-name heuristic
22,409,3313,802000,Parpondi (NP),Census 2011 urban-name heuristic
22,409,3314,802001,Than-Khamharia (NP),Census 2011 urban-name heuristic
22,409,3315,802002,Berla (NP),Census 2011 urban-name heuristic
22,409,3316,802003,Dhamdha (NP),Census 2011 urban-name heuristic
22,409,3316,802004,Ahiwara (NP),Census 2011 urban-name heuristic
22,409,3316,802005,Kumhari (M) (Part),Census 2011 urban-name heuristic
22,409,3316,802006,Jamul (M) (Part),Census 2011 urban-name heuristic
22,409,3316,802007,Bhilai Charoda (M) (Part),Census 2011 urban-name heuristic
22,409,3317,442597,Dumardih (OG) (Part),Census 2011 urban-name heuristic
22,409,3317,802006,Jamul (M) (Part),Census 2011 urban-name heuristic
22,409,3317,802007,Bhilai Charoda (M) (Part),Census 2011 urban-name heuristic
22,409,3317,802008,Bhilai Nagar (M Corp. + OG) (Part),Census 2011 urban-name heuristic
22,409,3317,802008,Bhilai Nagar (M Corp.) (Part),Census 2011 urban-name heuristic
22,409,3317,802009,Durg (M Corp.),Census 2011 urban-name heuristic
22,409,3317,802010,Utai (NP),Census 2011 urban-name heuristic
22,409,3318,802005,Kumhari (M) (Part),Census 2011 urban-name heuristic
22,409,3318,802007,Bhilai Charoda (M) (Part),Census 2011 urban-name heuristic
22,409,3318,802008,Bhilai Nagar (M Corp.) (Part),Census 2011 urban-name heuristic
22,409,3318,802011,Patan (NP),Census 2011 urban-name heuristic
22,409,3319,802012,Arjunda (NP),Census 2011 urban-name heuristic
22,409,3319,802013,Gunderdehi (NP),Census 2011 urban-name heuristic
22,409,3320,802014,Daundi Lohara (NP),Census 2011 urban-name heuristic
22,409,3321,802015,Balod (M),Census 2011 urban-name heuristic
22,409,3322,802016,Dalli-Rajhara (M),Census 2011 urban-name heuristic
22,409,3322,802017,Chikhalakasa (NP),Census 2011 urban-name heuristic
22,409,3322,802018,Doundi (NP),Census 2011 urban-name heuristic
22,409,3323,802019,Gurur (NP),Census 2011 urban-name heuristic
22,410,3324,443594,Hirmi (CT),Census 2011 urban-name heuristic
22,410,3324,802020,Simga (NP),Census 2011 urban-name heuristic
22,410,3325,802021,Bhatapara (M),Census 2011 urban-name heuristic
22,410,3326,443851,Rawan (CT),Census 2011 urban-name heuristic
22,410,3326,802022,Baloda Bazar (M),Census 2011 urban-name heuristic
22,410,3326,802023,Lawan (NP),Census 2011 urban-name heuristic
22,410,3327,802024,Palari (NP),Census 2011 urban-name heuristic
22,410,3328,802025,Tundra (NP),Census 2011 urban-name heuristic
22,410,3328,802026,Kasdol (NP),Census 2011 urban-name heuristic
22,410,3329,802027,Bhatgaon (NP),Census 2011 urban-name heuristic
22,410,3329,802028,Bilaigarh (NP),Census 2011 urban-name heuristic
22,410,3330,444587,Mandir Hasaud (CT),Census 2011 urban-name heuristic
22,410,3330,802029,Arang  (NP),Census 2011 urban-name heuristic
22,410,3331,802030,Abhanpur (NP),Census 2011 urban-name heuristic
22,410,3331,802031,Gobra Nawapara (M),Census 2011 urban-name heuristic
22,410,3332,444782,Siltara (CT),Census 2011 urban-name heuristic
22,410,3332,444783,Deopuri (OG),Census 2011 urban-name heuristic
22,410,3332,444784,Boriakhurd (OG),Census 2011 urban-name heuristic
22,410,3332,802032,Koora (NP),Census 2011 urban-name heuristic
22,410,3332,802033,Birgaon (M),Census 2011 urban-name heuristic
22,410,3332,802034,Raipur (M Corp. + OG),Census 2011 urban-name heuristic
22,410,3332,802034,Raipur (M Corp.),Census 2011 urban-name heuristic
22,410,3332,802035,Mana-Camp (NP),Census 2011 urban-name heuristic
22,410,3333,802036,Fingeshwar (NP),Census 2011 urban-name heuristic
22,410,3333,802037,Rajim (NP),Census 2011 urban-name heuristic
22,410,3334,444897,Sinodha (OG) (Part),Census 2011 urban-name heuristic
22,410,3334,444923,Kohka (OG) (Part),Census 2011 urban-name heuristic
22,410,3334,445015,Tulsi (OG),Census 2011 urban-name heuristic
22,410,3334,802038,Tilda Newra (M),Census 2011 urban-name heuristic
22,410,3334,802039,Kharora (NP),Census 2011 urban-name heuristic
22,410,3335,802040,Gariyaband (NP),Census 2011 urban-name heuristic
22,410,3336,802041,Chhura (NP),Census 2011 urban-name heuristic
22,411,3339,802042,Basna  (NP),Census 2011 urban-name heuristic
22,411,3340,802043,Saraipali (NP),Census 2011 urban-name heuristic
22,411,3341,446254,Machewa (OG) (Part),Census 2011 urban-name heuristic
22,411,3341,802044,Tumgaon (NP),Census 2011 urban-name heuristic
22,411,3341,802045,Mahasamund (M),Census 2011 urban-name heuristic
22,411,3342,802046,Pithora (NP),Census 2011 urban-name heuristic
22,411,3343,802047,Bagbahara (NP),Census 2011 urban-name heuristic
22,412,3344,802048,Bhakhara (NP),Census 2011 urban-name heuristic
22,412,3344,802049,Kurud (NP),Census 2011 urban-name heuristic
22,412,3345,802050,Magarlod (NP),Census 2011 urban-name heuristic
22,412,3346,447169,Arjuni (OG),Census 2011 urban-name heuristic
22,412,3346,447170,Ratna Bandha (OG),Census 2011 urban-name heuristic
22,412,3346,447171,Rudri (OG),Census 2011 urban-name heuristic
22,412,3346,447172,Shyamtrai (OG),Census 2011 urban-name heuristic
22,412,3346,802051,Aamadi (NP),Census 2011 urban-name heuristic
22,412,3346,802052,Dhamtari (M),Census 2011 urban-name heuristic
22,412,3347,802053,Nagari (NP),Census 2011 urban-name heuristic
22,413,3348,802054,Charama (NP),Census 2011 urban-name heuristic
22,413,3349,802055,Bhanupratappur (NP),Census 2011 urban-name heuristic
22,413,3351,447879,Kodabhat (OG),Census 2011 urban-name heuristic
22,413,3351,447880,Singarbhat (OG),Census 2011 urban-name heuristic
22,413,3351,447881,Pandripani (OG),Census 2011 urban-name heuristic
22,413,3351,447882,Govindpur (OG),Census 2011 urban-name heuristic
22,413,3351,447883,Thelkabode (OG),Census 2011 urban-name heuristic
22,413,3351,802056,Kanker (M),Census 2011 urban-name heuristic
22,413,3352,802057,Narharpur (NP),Census 2011 urban-name heuristic
22,413,3353,802058,Antagarh (NP),Census 2011 urban-name heuristic
22,413,3354,802059,Pakhanjur (NP),Census 2011 urban-name heuristic
22,414,3355,802060,Keskal (NP),Census 2011 urban-name heuristic
22,414,3356,802061,Visrampuree (NP),Census 2011 urban-name heuristic
22,414,3357,802062,Kondagaon (M),Census 2011 urban-name heuristic
22,414,3359,802063,Farasgaon (NP),Census 2011 urban-name heuristic
22,414,3360,802064,Jagdalpur (M Corp.),Census 2011 urban-name heuristic
22,414,3363,802065,Bastar (NP),Census 2011 urban-name heuristic
22,415,3367,802066,Narayanpur (NP),Census 2011 urban-name heuristic
22,416,3369,802067,Dantewada (NP),Census 2011 urban-name heuristic
22,416,3369,802068,Bade Bacheli (M),Census 2011 urban-name heuristic
22,416,3370,802069,Barsur (NP),Census 2011 urban-name heuristic
22,416,3370,802070,Geedam (NP),Census 2011 urban-name heuristic
22,416,3372,802071,Kirandul (M),Census 2011 urban-name heuristic
22,416,3373,802072,Dornapal (NP),Census 2011 urban-name heuristic
22,416,3373,802073,Konta (NP),Census 2011 urban-name heuristic
22,416,3375,802074,Sukma (NP),Census 2011 urban-name heuristic
22,417,3376,802075,Bhopalpattanam (NP),Census 2011 urban-name heuristic
22,417,3378,802076,Bijapur (NP),Census 2011 urban-name heuristic
22,417,3379,802077,Bhairamgarh (NP),Census 2011 urban-name heuristic
23,418,3380,802078,Vijaypur (NP),Census 2011 urban-name heuristic
23,418,3382,451662,Salapura (OG) (Part),Census 2011 urban-name heuristic
23,418,3382,451731,Sheopur (OG),Census 2011 urban-name heuristic
23,418,3383,802080,Badoda (NP),Census 2011 urban-name heuristic
23,419,3385,802081,Ambah (M),Census 2011 urban-name heuristic
23,419,3386,802082,Porsa (M),Census 2011 urban-name heuristic
23,419,3387,452273,Jaura Khurd (CT),Census 2011 urban-name heuristic
23,419,3387,802083,Morena (M),Census 2011 urban-name heuristic
23,419,3387,802084,Bamor (NP),Census 2011 urban-name heuristic
23,419,3388,802085,Joura (NP),Census 2011 urban-name heuristic
23,419,3389,802086,Kailaras (NP),Census 2011 urban-name heuristic
23,419,3390,802087,Jhundpura (NP),Census 2011 urban-name heuristic
23,419,3390,802088,Sabalgarh (M),Census 2011 urban-name heuristic
23,420,3392,802089,Phuphkalan (NP),Census 2011 urban-name heuristic
23,420,3392,802090,Bhind (M),Census 2011 urban-name heuristic
23,420,3392,802091,Akoda (NP),Census 2011 urban-name heuristic
23,420,3393,802092,Mehgaon (NP),Census 2011 urban-name heuristic
23,420,3394,802093,Gormi (NP),Census 2011 urban-name heuristic
23,420,3395,453453,Malanpur (CT),Census 2011 urban-name heuristic
23,420,3395,802094,Gohad (M),Census 2011 urban-name heuristic
23,420,3395,802095,Mau (NP),Census 2011 urban-name heuristic
23,420,3397,802096,Mihona (NP),Census 2011 urban-name heuristic
23,420,3398,802097,Lahar (NP),Census 2011 urban-name heuristic
23,420,3398,802098,Alampur (NP),Census 2011 urban-name heuristic
23,420,3398,802099,Daboh (NP),Census 2011 urban-name heuristic
23,421,3399,802100,Gwalior (M Corp.),Census 2011 urban-name heuristic
23,421,3399,802101,Morar Cantt (CB),Census 2011 urban-name heuristic
23,421,3400,454188,Tekanpur (CT),Census 2011 urban-name heuristic
23,421,3400,454189,Buzurg (CT),Census 2011 urban-name heuristic
23,421,3400,454190,Dabra (CT),Census 2011 urban-name heuristic
23,421,3400,454191,Ramgarh (CT),Census 2011 urban-name heuristic
23,421,3400,802102,Bilaua (NP),Census 2011 urban-name heuristic
23,421,3400,802103,Pichhore (NP),Census 2011 urban-name heuristic
23,421,3400,802104,Dabra (M),Census 2011 urban-name heuristic
23,421,3401,802105,Bhitarwar (NP),Census 2011 urban-name heuristic
23,421,3402,802106,Antari (NP),Census 2011 urban-name heuristic
23,422,3403,802107,Seondha (NP),Census 2011 urban-name heuristic
23,422,3404,802108,Indergarh (NP),Census 2011 urban-name heuristic
23,422,3405,802109,Datia (M),Census 2011 urban-name heuristic
23,422,3405,802110,Badoni (NP),Census 2011 urban-name heuristic
23,422,3406,802111,Bhander (NP),Census 2011 urban-name heuristic
23,423,3408,802112,Shivpuri (M),Census 2011 urban-name heuristic
23,423,3409,802113,Narwar (NP),Census 2011 urban-name heuristic
23,423,3410,802114,Karera (NP),Census 2011 urban-name heuristic
23,423,3411,802115,Kolaras (NP),Census 2011 urban-name heuristic
23,423,3412,802116,Badarwas (NP),Census 2011 urban-name heuristic
23,423,3413,802117,Pichhore (NP),Census 2011 urban-name heuristic
23,423,3414,802118,Khaniyadhana (NP),Census 2011 urban-name heuristic
23,424,3415,802119,Tarichar Kalan (NP),Census 2011 urban-name heuristic
23,424,3415,802120,Niwari (NP),Census 2011 urban-name heuristic
23,424,3416,802121,Orchha (NP),Census 2011 urban-name heuristic
23,424,3417,802122,Jeron Khalsa (NP),Census 2011 urban-name heuristic
23,424,3417,802123,Prithvipur (NP),Census 2011 urban-name heuristic
23,424,3418,802124,Lidhora Khas (NP),Census 2011 urban-name heuristic
23,424,3418,802125,Jatara (NP),Census 2011 urban-name heuristic
23,424,3420,802126,Palera (NP),Census 2011 urban-name heuristic
23,424,3421,802127,Baldeogarh (NP),Census 2011 urban-name heuristic
23,424,3422,802128,Khargapur (NP),Census 2011 urban-name heuristic
23,424,3423,802129,Kari (NP),Census 2011 urban-name heuristic
23,424,3423,802130,Tikamgarh (M),Census 2011 urban-name heuristic
23,424,3423,802131,Badagaon (NP),Census 2011 urban-name heuristic
23,425,3424,802132,Barigarh (NP),Census 2011 urban-name heuristic
23,425,3425,802133,Laundi (NP),Census 2011 urban-name heuristic
23,425,3426,802134,Chandla (NP),Census 2011 urban-name heuristic
23,425,3427,802135,Harpalpur (NP),Census 2011 urban-name heuristic
23,425,3427,802136,Nowgong (M),Census 2011 urban-name heuristic
23,425,3428,802137,Garhi - Malhera (NP),Census 2011 urban-name heuristic
23,425,3428,802138,Maharajpur (NP),Census 2011 urban-name heuristic
23,425,3429,457899,Bagota (OG) (Part),Census 2011 urban-name heuristic
23,425,3429,457911,Soura (OG) (Part),Census 2011 urban-name heuristic
23,425,3429,457938,Moraha (OG) (Part),Census 2011 urban-name heuristic
23,425,3429,457953,Amanganj (CT),Census 2011 urban-name heuristic
23,425,3430,802140,Rajnagar (NP),Census 2011 urban-name heuristic
23,425,3430,802141,Khajuraho (NP),Census 2011 urban-name heuristic
23,425,3431,802142,Bada Malhera (NP),Census 2011 urban-name heuristic
23,425,3432,802143,Ghuwara (NP),Census 2011 urban-name heuristic
23,425,3433,802144,Satai (NP),Census 2011 urban-name heuristic
23,425,3433,802145,Bijawar (NP),Census 2011 urban-name heuristic
23,425,3434,802146,Buxwaha (NP),Census 2011 urban-name heuristic
23,426,3435,802147,Ajaigarh (NP),Census 2011 urban-name heuristic
23,426,3436,458825,Purana Panna (OG),Census 2011 urban-name heuristic
23,426,3436,458826,Ranibag Toria (OG),Census 2011 urban-name heuristic
23,426,3436,458827,Mohan Purva (OG),Census 2011 urban-name heuristic
23,426,3436,458828,Gahara Gram (OG),Census 2011 urban-name heuristic
23,426,3436,458829,Kunjvan (OG),Census 2011 urban-name heuristic
23,426,3437,802149,Devendranagar (NP),Census 2011 urban-name heuristic
23,426,3437,802150,Kakarhati (NP),Census 2011 urban-name heuristic
23,426,3439,802151,Amanganj (NP),Census 2011 urban-name heuristic
23,426,3440,802152,Pawai (NP),Census 2011 urban-name heuristic
23,427,3443,459749,Bina Rly Colony (CT),Census 2011 urban-name heuristic
23,427,3443,459750,Bamora (CT),Census 2011 urban-name heuristic
23,427,3443,802153,Bina-Etawa (M),Census 2011 urban-name heuristic
23,427,3444,802154,Khurai (M),Census 2011 urban-name heuristic
23,427,3446,802155,Banda (NP),Census 2011 urban-name heuristic
23,427,3447,802156,Shahgarh (NP),Census 2011 urban-name heuristic
23,427,3448,802157,Rahatgarh (NP),Census 2011 urban-name heuristic
23,427,3449,460960,Karrapur (CT),Census 2011 urban-name heuristic
23,427,3449,460961,Kapuria (CT),Census 2011 urban-name heuristic
23,427,3449,460962,Bhainsa (CT),Census 2011 urban-name heuristic
23,427,3449,460963,Rajakhedi (CT),Census 2011 urban-name heuristic
23,427,3449,460964,Makronia Buzurg (CT),Census 2011 urban-name heuristic
23,427,3449,460965,Dhana (CT),Census 2011 urban-name heuristic
23,427,3449,460966,Gamiria Sagar (CT),Census 2011 urban-name heuristic
23,427,3449,460967,Gaur Nagar (OG),Census 2011 urban-name heuristic
23,427,3449,802158,Shahpur (NP),Census 2011 urban-name heuristic
23,427,3449,802159,Sagar (M Corp. + OG),Census 2011 urban-name heuristic
23,427,3449,802160,Sagar Cantt (CB),Census 2011 urban-name heuristic
23,427,3450,461015,Magardha (OG) (Part),Census 2011 urban-name heuristic
23,427,3451,802162,Rehli (M),Census 2011 urban-name heuristic
23,427,3453,802163,Deori (M),Census 2011 urban-name heuristic
23,428,3454,802164,Hatta (M),Census 2011 urban-name heuristic
23,428,3457,462255,Narsinghgarh (CT),Census 2011 urban-name heuristic
23,428,3457,802165,Patharia (NP),Census 2011 urban-name heuristic
23,428,3458,462494,Hirdepur (CT),Census 2011 urban-name heuristic
23,428,3458,462495,Bansatar Kheda (CT),Census 2011 urban-name heuristic
23,428,3458,462496,Imlai (OG),Census 2011 urban-name heuristic
23,428,3458,462497,Singpur Damoh (OG),Census 2011 urban-name heuristic
23,428,3458,462498,Chopra Ryt (OG),Census 2011 urban-name heuristic
23,428,3458,462499,Chopra Khurd (OG),Census 2011 urban-name heuristic
23,428,3458,462500,Dharampura (OG),Census 2011 urban-name heuristic
23,428,3458,802166,Hindoria (NP),Census 2011 urban-name heuristic
23,428,3459,462691,Jabera (CT),Census 2011 urban-name heuristic
23,428,3460,802168,Tendukheda (NP),Census 2011 urban-name heuristic
23,429,3461,463140,Madhawgdha (CT),Census 2011 urban-name heuristic
23,429,3461,463141,Satna Rly. Colony (OG),Census 2011 urban-name heuristic
23,429,3461,802169,Kothi (NP),Census 2011 urban-name heuristic
23,429,3461,802170,Satna (M Corp. + OG),Census 2011 urban-name heuristic
23,429,3462,463335,Majhgawan (CT),Census 2011 urban-name heuristic
23,429,3462,802171,Chitrakoot (NP),Census 2011 urban-name heuristic
23,429,3463,802172,Birsinghpur (NP),Census 2011 urban-name heuristic
23,429,3463,802173,Jaitwara (NP),Census 2011 urban-name heuristic
23,429,3464,802174,Nagod (NP),Census 2011 urban-name heuristic
23,429,3465,802175,Unchahara (NP),Census 2011 urban-name heuristic
23,429,3466,802176,Rampur Baghelan (NP),Census 2011 urban-name heuristic
23,429,3467,802177,Kotar (NP),Census 2011 urban-name heuristic
23,429,3468,802178,Amarpatan (NP),Census 2011 urban-name heuristic
23,429,3470,802179,Maihar (M),Census 2011 urban-name heuristic
23,430,3471,802180,Chakghat (NP),Census 2011 urban-name heuristic
23,430,3471,802181,Teonthar (NP),Census 2011 urban-name heuristic
23,430,3473,802182,Sirmour (NP),Census 2011 urban-name heuristic
23,430,3473,802183,Baikunthpur (NP),Census 2011 urban-name heuristic
23,430,3474,802184,Mangawan (NP),Census 2011 urban-name heuristic
23,430,3475,802185,Semaria (NP),Census 2011 urban-name heuristic
23,430,3476,802186,Hanumana (NP),Census 2011 urban-name heuristic
23,430,3477,802187,Mauganj (NP),Census 2011 urban-name heuristic
23,430,3478,802188,Naigarhi (NP),Census 2011 urban-name heuristic
23,430,3479,467331,Nowbasata (CT),Census 2011 urban-name heuristic
23,430,3479,802189,Rewa (M Corp.),Census 2011 urban-name heuristic
23,430,3479,802190,Govindgarh (NP),Census 2011 urban-name heuristic
23,430,3481,802191,Gurh (NP),Census 2011 urban-name heuristic
23,431,3482,802192,Umaria (M),Census 2011 urban-name heuristic
23,431,3483,802193,Chandia (NP),Census 2011 urban-name heuristic
23,431,3485,468176,Goraiya (CT),Census 2011 urban-name heuristic
23,431,3485,468177,Maliya Guda (CT),Census 2011 urban-name heuristic
23,431,3485,802194,Pali (NP),Census 2011 urban-name heuristic
23,431,3486,468238,Mahura (CT),Census 2011 urban-name heuristic
23,431,3486,802195,Nowrozabad (Khodargama) (NP),Census 2011 urban-name heuristic
23,432,3487,468368,Khor (CT),Census 2011 urban-name heuristic
23,432,3487,802196,Diken (NP),Census 2011 urban-name heuristic
23,432,3487,802197,Jawad (NP),Census 2011 urban-name heuristic
23,432,3488,802198,Singoli (NP),Census 2011 urban-name heuristic
23,432,3488,802199,Ratangarh (NP),Census 2011 urban-name heuristic
23,432,3489,468680,Kumaria (OG),Census 2011 urban-name heuristic
23,432,3490,802201,Jiran (NP),Census 2011 urban-name heuristic
23,432,3491,802202,Rampura (NP),Census 2011 urban-name heuristic
23,432,3491,802203,Manasa (NP),Census 2011 urban-name heuristic
23,432,3491,802204,Kukdeshwar (NP),Census 2011 urban-name heuristic
23,433,3492,469140,Gandhi Sagar Haidel Col (CT),Census 2011 urban-name heuristic
23,433,3492,802205,Bhanpura (NP),Census 2011 urban-name heuristic
23,433,3493,802206,Malhargarh (NP),Census 2011 urban-name heuristic
23,433,3493,802207,Narayangarh (NP),Census 2011 urban-name heuristic
23,433,3493,802208,Piplya Mandi (NP),Census 2011 urban-name heuristic
23,433,3494,802209,Garoth (NP),Census 2011 urban-name heuristic
23,433,3495,802210,Shamgarh (NP),Census 2011 urban-name heuristic
23,433,3496,802211,Mandsaur (M),Census 2011 urban-name heuristic
23,433,3497,802212,Nagri (NP),Census 2011 urban-name heuristic
23,433,3498,802213,Sitamau (NP),Census 2011 urban-name heuristic
23,433,3499,802214,Suwasara (NP),Census 2011 urban-name heuristic
23,434,3500,802215,Piploda (NP),Census 2011 urban-name heuristic
23,434,3501,470078,Kumhari (OG) (Part),Census 2011 urban-name heuristic
23,434,3501,470117,Bhimakhedi (OG) (Part),Census 2011 urban-name heuristic
23,434,3501,470146,Bamankhedi (OG) (Part),Census 2011 urban-name heuristic
23,434,3501,470147,Bannakheda (OG) (Part),Census 2011 urban-name heuristic
23,434,3501,470150,Sejawata (OG) (Part),Census 2011 urban-name heuristic
23,434,3501,470212,Jaora Kasba (OG),Census 2011 urban-name heuristic
23,434,3501,802217,Badawada (NP),Census 2011 urban-name heuristic
23,434,3502,802218,Alot (NP),Census 2011 urban-name heuristic
23,434,3503,802219,Tal (NP),Census 2011 urban-name heuristic
23,434,3504,802220,Sailana (NP),Census 2011 urban-name heuristic
23,434,3507,471043,Ratlam Rly.Col. (Ratlam Kasba) (CT),Census 2011 urban-name heuristic
23,434,3507,802221,Namli (NP),Census 2011 urban-name heuristic
23,434,3507,802222,Ratlam (M Corp.),Census 2011 urban-name heuristic
23,434,3507,802223,Dhamnod (NP),Census 2011 urban-name heuristic
23,435,3508,802224,Khacharod (M),Census 2011 urban-name heuristic
23,435,3509,802225,Nagda (M),Census 2011 urban-name heuristic
23,435,3509,802226,Unhel (NP),Census 2011 urban-name heuristic
23,435,3510,471377,Barapathar (OG) (Part),Census 2011 urban-name heuristic
23,435,3510,471380,Tajpura (OG) (Part),Census 2011 urban-name heuristic
23,435,3510,471381,Bhimkheda (OG) (Part),Census 2011 urban-name heuristic
23,435,3510,471486,Gogapur (CT),Census 2011 urban-name heuristic
23,435,3512,802228,Tarana (NP),Census 2011 urban-name heuristic
23,435,3512,802229,Makdon (NP),Census 2011 urban-name heuristic
23,435,3513,802230,Ujjain (M Corp.),Census 2011 urban-name heuristic
23,435,3514,472046,Badnagar Kasba (OG) (Part),Census 2011 urban-name heuristic
23,435,3514,472048,Jafla (OG) (Part),Census 2011 urban-name heuristic
23,436,3515,802232,Soyatkalan (NP),Census 2011 urban-name heuristic
23,436,3515,802233,Susner (NP),Census 2011 urban-name heuristic
23,436,3516,802234,Nalkheda (NP),Census 2011 urban-name heuristic
23,436,3516,802235,Badagaon (NP),Census 2011 urban-name heuristic
23,436,3517,802236,Badod (NP),Census 2011 urban-name heuristic
23,436,3518,802237,Agar (M),Census 2011 urban-name heuristic
23,436,3518,802238,Kanad (NP),Census 2011 urban-name heuristic
23,436,3519,802239,Shajapur (M),Census 2011 urban-name heuristic
23,436,3519,802240,Maksi (NP),Census 2011 urban-name heuristic
23,436,3522,802241,Shujalpur (M),Census 2011 urban-name heuristic
23,436,3522,802242,Akodia (NP),Census 2011 urban-name heuristic
23,436,3522,802243,Polaykalan (NP),Census 2011 urban-name heuristic
23,436,3523,473253,Pankhedi (CT),Census 2011 urban-name heuristic
23,437,3524,802244,Tonk Khurd (NP),Census 2011 urban-name heuristic
23,437,3525,802245,Bhaurasa (NP),Census 2011 urban-name heuristic
23,437,3525,802246,Sonkatch (NP),Census 2011 urban-name heuristic
23,437,3525,802247,Pipalrawan (NP),Census 2011 urban-name heuristic
23,437,3526,802248,Dewas (M Corp.),Census 2011 urban-name heuristic
23,437,3527,802249,Kannod (NP),Census 2011 urban-name heuristic
23,437,3528,802250,Loharda (NP),Census 2011 urban-name heuristic
23,437,3528,802251,Kantaphod (NP),Census 2011 urban-name heuristic
23,437,3528,802252,Satwas (NP),Census 2011 urban-name heuristic
23,437,3529,802253,Karnawad (NP),Census 2011 urban-name heuristic
23,437,3529,802254,Bagli (NP),Census 2011 urban-name heuristic
23,437,3530,802255,Hatpiplya (NP),Census 2011 urban-name heuristic
23,437,3531,802256,Khategaon (NP),Census 2011 urban-name heuristic
23,438,3532,802257,Badnawar (NP),Census 2011 urban-name heuristic
23,438,3533,802258,Rajgarh (NP),Census 2011 urban-name heuristic
23,438,3533,802259,Sardarpur (NP),Census 2011 urban-name heuristic
23,438,3534,475030,Naibaroda(M),Census 2011 urban-name heuristic
23,438,3534,475181,Dehrisaray (CT),Census 2011 urban-name heuristic
23,438,3534,802260,Dhar (M),Census 2011 urban-name heuristic
23,438,3534,802261,Pithampur (M),Census 2011 urban-name heuristic
23,438,3534,802262,Mandav (NP),Census 2011 urban-name heuristic
23,438,3536,475533,Bagh (CT),Census 2011 urban-name heuristic
23,438,3536,802263,Kukshi (NP),Census 2011 urban-name heuristic
23,438,3537,802264,Dahi (NP),Census 2011 urban-name heuristic
23,438,3538,802265,Manawar (M),Census 2011 urban-name heuristic
23,438,3539,802266,Dhamnod (NP),Census 2011 urban-name heuristic
23,438,3539,802267,Dharampuri (NP),Census 2011 urban-name heuristic
23,439,0,802273,Indore (M Corp. + OG),Census 2011 urban-name heuristic
23,439,3540,802268,Runji-Gautampura (NP),Census 2011 urban-name heuristic
23,439,3540,802269,Depalpur (NP),Census 2011 urban-name heuristic
23,439,3540,802270,Betma (NP),Census 2011 urban-name heuristic
23,439,3541,476111,Bangarda Bada (CT),Census 2011 urban-name heuristic
23,439,3541,476112,Tigaria Badshah (OG),Census 2011 urban-name heuristic
23,439,3541,802271,Hatod (NP),Census 2011 urban-name heuristic
23,439,3541,802273,Indore (M Corp. + OG) (Part),Census 2011 urban-name heuristic
23,439,3542,476238,Manglaya Sadak (CT),Census 2011 urban-name heuristic
23,439,3542,802272,Sawer (NP),Census 2011 urban-name heuristic
23,439,3543,476365,Bangarda Chhota (CT),Census 2011 urban-name heuristic
23,439,3543,476366,Bank (CT),Census 2011 urban-name heuristic
23,439,3543,476367,Hukmakhedi (CT),Census 2011 urban-name heuristic
23,439,3543,476368,Ahirkhedi (CT),Census 2011 urban-name heuristic
23,439,3543,476369,Piplya Kumar (CT),Census 2011 urban-name heuristic
23,439,3543,476370,Sinhasa (CT),Census 2011 urban-name heuristic
23,439,3543,476371,Palda (CT),Census 2011 urban-name heuristic
23,439,3543,476372,Limbodi (CT),Census 2011 urban-name heuristic
23,439,3543,476373,Lasudiya Mori (CT),Census 2011 urban-name heuristic
23,439,3543,476374,Bhicholi Hapsi (CT),Census 2011 urban-name heuristic
23,439,3543,476375,Bhangarh (OG),Census 2011 urban-name heuristic
23,439,3543,476376,Nipanya (OG),Census 2011 urban-name heuristic
23,439,3543,476377,Talawali Chanda (OG),Census 2011 urban-name heuristic
23,439,3543,476378,Kanadia (OG),Census 2011 urban-name heuristic
23,439,3543,476379,Tigaria Rao (OG),Census 2011 urban-name heuristic
23,439,3543,476380,Bhicholi Mardana (OG),Census 2011 urban-name heuristic
23,439,3543,802273,Indore (M Corp. + OG) (Part),Census 2011 urban-name heuristic
23,439,3543,802274,Rau (NP),Census 2011 urban-name heuristic
23,439,3544,476553,Gujarkheda (CT),Census 2011 urban-name heuristic
23,439,3544,476554,Santer (CT),Census 2011 urban-name heuristic
23,439,3544,802275,Mhow Cantt (CB),Census 2011 urban-name heuristic
23,439,3544,802276,Mhowgaon (NP),Census 2011 urban-name heuristic
23,439,3544,802277,Manpur (NP),Census 2011 urban-name heuristic
23,440,3545,476878,Barwaha Kasba (CT),Census 2011 urban-name heuristic
23,440,3545,802278,Barwaha (M),Census 2011 urban-name heuristic
23,440,3545,802279,Sanawad (M),Census 2011 urban-name heuristic
23,440,3546,802280,Maheshwar (NP),Census 2011 urban-name heuristic
23,440,3546,802281,Mandleshwar (NP),Census 2011 urban-name heuristic
23,440,3547,802282,Kasrawad (NP),Census 2011 urban-name heuristic
23,440,3549,802283,Bhikangaon (NP),Census 2011 urban-name heuristic
23,440,3550,477622,Sangvi (CT),Census 2011 urban-name heuristic
23,440,3550,477623,Jaitpur (CT),Census 2011 urban-name heuristic
23,440,3550,477624,Sukhpuri (OG),Census 2011 urban-name heuristic
23,440,3550,477625,Dhamkheda (OG),Census 2011 urban-name heuristic
23,440,3550,477626,Rahimpura (OG),Census 2011 urban-name heuristic
23,440,3550,477627,Aarampura (OG),Census 2011 urban-name heuristic
23,440,3550,477628,Dabariya (OG),Census 2011 urban-name heuristic
23,440,3550,477629,Kajalpur (OG),Census 2011 urban-name heuristic
23,440,3550,477630,Khedi Buzurg (OG),Census 2011 urban-name heuristic
23,440,3551,477736,Gogaon (CT),Census 2011 urban-name heuristic
23,441,3554,802285,Barwani (M),Census 2011 urban-name heuristic
23,441,3556,478249,Pipri (CT),Census 2011 urban-name heuristic
23,441,3557,802286,Anjad (NP),Census 2011 urban-name heuristic
23,441,3558,802287,Rajpur (NP),Census 2011 urban-name heuristic
23,441,3558,802288,Palsud (NP),Census 2011 urban-name heuristic
23,441,3559,802289,Pansemal (NP),Census 2011 urban-name heuristic
23,441,3559,802290,Khetia (NP),Census 2011 urban-name heuristic
23,441,3561,802291,Sendhwa (M),Census 2011 urban-name heuristic
23,442,3563,802292,Machalpur (NP),Census 2011 urban-name heuristic
23,442,3563,802293,Jirapur (NP),Census 2011 urban-name heuristic
23,442,3564,802294,Khilchipur (NP),Census 2011 urban-name heuristic
23,442,3564,802295,Chhapiheda (NP),Census 2011 urban-name heuristic
23,442,3565,802296,Rajgarh (NP),Census 2011 urban-name heuristic
23,442,3565,802297,Khujner (NP),Census 2011 urban-name heuristic
23,442,3566,479671,Nayapura (OG) (Part),Census 2011 urban-name heuristic
23,442,3566,479675,Mohnipura (OG) (Part),Census 2011 urban-name heuristic
23,442,3566,802298,Suthaliya (NP),Census 2011 urban-name heuristic
23,442,3567,802300,Sarangpur (M),Census 2011 urban-name heuristic
23,442,3568,802301,Narsinghgarh (M),Census 2011 urban-name heuristic
23,442,3568,802302,Boda (NP),Census 2011 urban-name heuristic
23,442,3569,802303,Pachore (NP),Census 2011 urban-name heuristic
23,442,3569,802304,Talen (NP),Census 2011 urban-name heuristic
23,443,3570,802305,Lateri (NP),Census 2011 urban-name heuristic
23,443,3571,802306,Sironj (M),Census 2011 urban-name heuristic
23,443,3572,802307,Kurwai (NP),Census 2011 urban-name heuristic
23,443,3573,481241,Behalot (OG) (Part),Census 2011 urban-name heuristic
23,443,3573,481243,Hatoda (OG) (Part),Census 2011 urban-name heuristic
23,443,3573,481320,Swroop Nagar (CT),Census 2011 urban-name heuristic
23,443,3576,802309,Shamshabad (NP),Census 2011 urban-name heuristic
23,443,3579,802310,Vidisha (M),Census 2011 urban-name heuristic
23,444,3580,802311,Berasia (M),Census 2011 urban-name heuristic
23,444,3581,802312,Bhopal (M Corp.),Census 2011 urban-name heuristic
23,444,3581,802313,Kolar (M),Census 2011 urban-name heuristic
23,445,3582,482651,Sherpur (Vaishali Nagar) (OG) (Part),Census 2011 urban-name heuristic
23,445,3584,482932,Ghanshyampura (OG) (Part),Census 2011 urban-name heuristic
23,445,3584,802316,Kothri (NP),Census 2011 urban-name heuristic
23,445,3585,802317,Jawar (NP),Census 2011 urban-name heuristic
23,445,3586,802318,Ichhawar (NP),Census 2011 urban-name heuristic
23,445,3587,802319,Nasrullaganj (NP),Census 2011 urban-name heuristic
23,445,3588,802320,Budni (NP),Census 2011 urban-name heuristic
23,445,3589,802321,Rehti (NP),Census 2011 urban-name heuristic
23,446,3590,802322,Sanchi (NP),Census 2011 urban-name heuristic
23,446,3590,802323,Raisen (M),Census 2011 urban-name heuristic
23,446,3591,802324,Gairatganj (NP),Census 2011 urban-name heuristic
23,446,3592,802325,Begamganj (M),Census 2011 urban-name heuristic
23,446,3593,484481,Satlapur (CT),Census 2011 urban-name heuristic
23,446,3593,802326,Sultanpur (NP),Census 2011 urban-name heuristic
23,446,3593,802327,Mandideep (M),Census 2011 urban-name heuristic
23,446,3593,802328,Obedullaganj (NP),Census 2011 urban-name heuristic
23,446,3594,484512,Dhokheda (OG) (Part),Census 2011 urban-name heuristic
23,446,3594,484517,Kamton (OG) (Part),Census 2011 urban-name heuristic
23,446,3594,802329,Baraily (NP + OG),Census 2011 urban-name heuristic
23,446,3595,802330,Badi (NP),Census 2011 urban-name heuristic
23,446,3596,802331,Silwani (NP),Census 2011 urban-name heuristic
23,446,3597,802332,Udaipura (NP),Census 2011 urban-name heuristic
23,447,3598,802333,Bhainsdehi (NP),Census 2011 urban-name heuristic
23,447,3599,802334,Athner (NP),Census 2011 urban-name heuristic
23,447,3600,802335,Betul (M),Census 2011 urban-name heuristic
23,447,3600,802336,Betul-Bazar (NP),Census 2011 urban-name heuristic
23,447,3601,802337,Chicholi (NP),Census 2011 urban-name heuristic
23,447,3602,485963,Ghoda Dongri Ryt (CT),Census 2011 urban-name heuristic
23,447,3602,802338,Sarni (M),Census 2011 urban-name heuristic
23,447,3603,486095,Dhodaramohar Alias Bhoura (CT),Census 2011 urban-name heuristic
23,447,3604,802339,Multai (M),Census 2011 urban-name heuristic
23,447,3605,802340,Amla (M),Census 2011 urban-name heuristic
23,448,3606,802341,Khirkiya (NP),Census 2011 urban-name heuristic
23,448,3608,486799,Harda Khas (OG),Census 2011 urban-name heuristic
23,448,3608,486800,Kul Harda (OG),Census 2011 urban-name heuristic
23,448,3610,802343,Timarni (NP),Census 2011 urban-name heuristic
23,449,3612,802344,Seoni-Malwa (M),Census 2011 urban-name heuristic
23,449,3613,487350,Pathrauta (OG) (Part),Census 2011 urban-name heuristic
23,449,3613,487411,Ordnance Factory Itarsi (CT),Census 2011 urban-name heuristic
23,449,3613,487412,Meharagaon (CT),Census 2011 urban-name heuristic
23,449,3613,487413,Ranipur (Tavanagar) (CT),Census 2011 urban-name heuristic
23,449,3614,802346,Hoshangabad (M),Census 2011 urban-name heuristic
23,449,3615,487509,Bhilakhedi (CT),Census 2011 urban-name heuristic
23,449,3616,802347,Babai (NP),Census 2011 urban-name heuristic
23,449,3617,802348,Sohagpur (NP),Census 2011 urban-name heuristic
23,449,3618,487930,Hatwas (CT),Census 2011 urban-name heuristic
23,449,3618,802349,Pipariya (M),Census 2011 urban-name heuristic
23,449,3618,802350,Pachmarhi Cantt (CB),Census 2011 urban-name heuristic
23,450,3620,802351,Murwara (Katni) (M Corp.),Census 2011 urban-name heuristic
23,450,3622,802352,Barhi (NP),Census 2011 urban-name heuristic
23,450,3624,802353,Kymore (NP),Census 2011 urban-name heuristic
23,450,3624,802354,Vijayraghavgarh (NP),Census 2011 urban-name heuristic
23,451,0,802361,Jabalpur (M Corp. + OG),Census 2011 urban-name heuristic
23,451,3627,802355,Sihora (M),Census 2011 urban-name heuristic
23,451,3628,802356,Majholi (NP),Census 2011 urban-name heuristic
23,451,3629,802357,Katangi (NP),Census 2011 urban-name heuristic
23,451,3629,802358,Patan (NP),Census 2011 urban-name heuristic
23,451,3630,802359,Shahpura (NP),Census 2011 urban-name heuristic
23,451,3631,490021,Ordnance Factory Khamaria (CT),Census 2011 urban-name heuristic
23,451,3631,490022,GCF Jabalpur (CT),Census 2011 urban-name heuristic
23,451,3631,490023,Manegaon (CT),Census 2011 urban-name heuristic
23,451,3631,490024,Bargi (CT),Census 2011 urban-name heuristic
23,451,3631,490025,Harduli (CT),Census 2011 urban-name heuristic
23,451,3631,490028,Lamti (OG),Census 2011 urban-name heuristic
23,451,3631,490029,Tilhari (OG),Census 2011 urban-name heuristic
23,451,3631,490030,Kugawan (OG),Census 2011 urban-name heuristic
23,451,3631,490031,Andhuwa (OG),Census 2011 urban-name heuristic
23,451,3631,490032,Chhiwlaha (OG),Census 2011 urban-name heuristic
23,451,3631,490033,Bhatauli (OG),Census 2011 urban-name heuristic
23,451,3631,802360,Jabalpur Cantt (CB),Census 2011 urban-name heuristic
23,451,3631,802361,Jabalpur (M Corp. + OG) (Part),Census 2011 urban-name heuristic
23,451,3631,802362,Bhedaghat (NP),Census 2011 urban-name heuristic
23,451,3631,802363,Barela (NP),Census 2011 urban-name heuristic
23,451,3632,490026,Regwa (OG),Census 2011 urban-name heuristic
23,451,3632,490027,Khairi (OG),Census 2011 urban-name heuristic
23,451,3632,490242,Karmeta (CT),Census 2011 urban-name heuristic
23,451,3632,490243,Amkhera (CT),Census 2011 urban-name heuristic
23,451,3632,490244,Maharajpur (CT),Census 2011 urban-name heuristic
23,451,3632,490245,Pipariya (CT),Census 2011 urban-name heuristic
23,451,3632,490246,Bilpura (CT),Census 2011 urban-name heuristic
23,451,3632,490247,Suhagi (CT),Census 2011 urban-name heuristic
23,451,3632,490248,Vehicle Factory Area Jabalpur (CT),Census 2011 urban-name heuristic
23,451,3632,490249,Madai (CT),Census 2011 urban-name heuristic
23,451,3632,490250,Rachai (OG),Census 2011 urban-name heuristic
23,451,3632,802361,Jabalpur (M Corp. + OG) (Part),Census 2011 urban-name heuristic
23,451,3632,802364,Panagar (M),Census 2011 urban-name heuristic
23,451,3633,490449,Kundam (CT),Census 2011 urban-name heuristic
23,452,3634,490531,Gotegaon Kheda (OG) (Part),Census 2011 urban-name heuristic
23,452,3634,490536,Bagtala (OG) (Part),Census 2011 urban-name heuristic
23,452,3634,490537,Kumhara Kheda (OG) (Part),Census 2011 urban-name heuristic
23,452,3634,490538,Chhindori (OG) (Part),Census 2011 urban-name heuristic
23,452,3634,802365,Gotegaon (NP + OG),Census 2011 urban-name heuristic
23,452,3635,490766,Gadarwara (OG) (Part),Census 2011 urban-name heuristic
23,452,3635,490767,Imaliya (OG) (Part),Census 2011 urban-name heuristic
23,452,3635,491055,Chichli (CT),Census 2011 urban-name heuristic
23,452,3636,491135,Dhedawara (OG) (Part),Census 2011 urban-name heuristic
23,452,3636,491136,Banskunwari (OG) (Part),Census 2011 urban-name heuristic
23,452,3636,491258,Rosera (CT),Census 2011 urban-name heuristic
23,452,3637,491406,Barman Kalan (CT),Census 2011 urban-name heuristic
23,452,3637,802368,Kareli (M),Census 2011 urban-name heuristic
23,452,3638,802369,Tendukheda (NP),Census 2011 urban-name heuristic
23,453,3639,802370,Shahpura (NP),Census 2011 urban-name heuristic
23,453,3640,802371,Dindori (NP),Census 2011 urban-name heuristic
23,454,3641,802372,Niwas (NP),Census 2011 urban-name heuristic
23,454,3643,492983,Deodara (CT),Census 2011 urban-name heuristic
23,454,3643,492984,Khairi (CT),Census 2011 urban-name heuristic
23,454,3643,492985,Binjhiya (OG),Census 2011 urban-name heuristic
23,454,3643,802374,Bamhani (NP),Census 2011 urban-name heuristic
23,454,3645,802375,Bichhiya (NP),Census 2011 urban-name heuristic
23,454,3646,493668,Pindrai (CT),Census 2011 urban-name heuristic
23,454,3646,493669,Niwari (OG),Census 2011 urban-name heuristic
23,455,3648,802377,Amarwara (M),Census 2011 urban-name heuristic
23,455,3649,802378,Harrai (NP),Census 2011 urban-name heuristic
23,455,3650,802379,Chaurai Khas (M),Census 2011 urban-name heuristic
23,455,3651,494680,Panara (CT),Census 2011 urban-name heuristic
23,455,3651,494681,Pal Chaurai (CT),Census 2011 urban-name heuristic
23,455,3651,802380,Jamai (M),Census 2011 urban-name heuristic
23,455,3651,802381,Damua (M),Census 2011 urban-name heuristic
23,455,3652,494772,Sethiya (CT),Census 2011 urban-name heuristic
23,455,3652,494773,Dighawani (CT),Census 2011 urban-name heuristic
23,455,3652,494774,Sirgora (CT),Census 2011 urban-name heuristic
23,455,3652,494775,Iklehra (CT),Census 2011 urban-name heuristic
23,455,3652,494776,Ambada (CT),Census 2011 urban-name heuristic
23,455,3652,494777,Khirsadoh Mal (OG),Census 2011 urban-name heuristic
23,455,3652,802382,Neuton Chikhli Kalan (NP),Census 2011 urban-name heuristic
23,455,3652,802384,Chandameta- Butaria (NP),Census 2011 urban-name heuristic
23,455,3652,802385,Badkuhi (NP),Census 2011 urban-name heuristic
23,455,3654,495003,Lonia Karbal (CT),Census 2011 urban-name heuristic
23,455,3654,495004,Khajari (OG),Census 2011 urban-name heuristic
23,455,3654,495005,Khapabhat (OG),Census 2011 urban-name heuristic
23,455,3654,495006,Kukadajagat (OG),Census 2011 urban-name heuristic
23,455,3654,495007,Chandangaon (OG),Census 2011 urban-name heuristic
23,455,3654,495008,Seoni Pranmoti (OG),Census 2011 urban-name heuristic
23,455,3654,495009,Emaliya Bohata (OG),Census 2011 urban-name heuristic
23,455,3656,495334,Borgaon (CT),Census 2011 urban-name heuristic
23,455,3656,802387,Sausar (M),Census 2011 urban-name heuristic
23,455,3656,802388,Mohgaon (NP),Census 2011 urban-name heuristic
23,455,3656,802389,Lodhikheda (NP),Census 2011 urban-name heuristic
23,455,3656,802390,Piplanarayanwar (NP),Census 2011 urban-name heuristic
23,455,3658,802391,Pandhurna (M),Census 2011 urban-name heuristic
23,456,3659,802392,Lakhnadon (NP),Census 2011 urban-name heuristic
23,456,3660,496095,Dungariya Chhapara (CT),Census 2011 urban-name heuristic
23,456,3661,496325,Ghansaur (CT),Census 2011 urban-name heuristic
23,456,3663,496624,Keolari (CT),Census 2011 urban-name heuristic
23,456,3664,802393,Seoni (M),Census 2011 urban-name heuristic
23,456,3665,802394,Barghat (NP),Census 2011 urban-name heuristic
23,457,3667,802395,Katangi (NP),Census 2011 urban-name heuristic
23,457,3668,497374,Tirodi (CT),Census 2011 urban-name heuristic
23,457,3669,497399,Wara (OG) (Part),Census 2011 urban-name heuristic
23,457,3669,497419,Sikandra (OG) (Part),Census 2011 urban-name heuristic
23,457,3671,497647,Garra (CT),Census 2011 urban-name heuristic
23,457,3672,497814,Hirapur (CT),Census 2011 urban-name heuristic
23,457,3672,497815,Bharveli (CT),Census 2011 urban-name heuristic
23,457,3672,497816,Kosmi (CT),Census 2011 urban-name heuristic
23,457,3672,802397,Balaghat (M),Census 2011 urban-name heuristic
23,457,3673,497965,Kirnapur (CT),Census 2011 urban-name heuristic
23,457,3674,802398,Baihar (NP),Census 2011 urban-name heuristic
23,457,3674,802399,Malajkhand (M),Census 2011 urban-name heuristic
23,457,3675,498469,Ukwa (CT),Census 2011 urban-name heuristic
23,457,3676,802400,Lanji (NP),Census 2011 urban-name heuristic
23,458,3677,802401,Guna (M),Census 2011 urban-name heuristic
23,458,3679,802402,Raghogarh -Vijaypur (M),Census 2011 urban-name heuristic
23,458,3681,802403,Kumbhraj (NP),Census 2011 urban-name heuristic
23,458,3682,802404,Aron (NP),Census 2011 urban-name heuristic
23,458,3683,802405,Chachaura-Binaganj (NP),Census 2011 urban-name heuristic
23,459,3684,802406,Isagarh (NP),Census 2011 urban-name heuristic
23,459,3685,802407,Chanderi (M),Census 2011 urban-name heuristic
23,459,3686,802408,Ashoknagar (M),Census 2011 urban-name heuristic
23,459,3688,500682,Kasba Kachhi (OG) (Part),Census 2011 urban-name heuristic
23,459,3688,500694,Mahua Khadi (OG) (Part),Census 2011 urban-name heuristic
23,459,3688,500869,Kasbarenj Mungawali (OG),Census 2011 urban-name heuristic
23,459,3688,802409,Mungaoli (NP + OG),Census 2011 urban-name heuristic
23,460,3689,802410,Khand(Bansagar) (NP),Census 2011 urban-name heuristic
23,460,3689,802411,Beohari (NP),Census 2011 urban-name heuristic
23,460,3690,802412,Jaisinghnagar (NP),Census 2011 urban-name heuristic
23,460,3691,501529,Amlai (CT) (Part),Census 2011 urban-name heuristic
23,460,3691,501530,Sabo (CT),Census 2011 urban-name heuristic
23,460,3691,802413,Shahdol (M),Census 2011 urban-name heuristic
23,460,3691,802414,Burhar (NP),Census 2011 urban-name heuristic
23,460,3691,802415,Dhanpuri (Nargada Hari Dafai) (M),Census 2011 urban-name heuristic
23,461,3693,802416,Bijuri (M),Census 2011 urban-name heuristic
23,461,3693,802417,Kotma (M),Census 2011 urban-name heuristic
23,461,3694,501529,Amlai (CT) (Part),Census 2011 urban-name heuristic
23,461,3694,501949,Dola (CT),Census 2011 urban-name heuristic
23,461,3694,501950,Kelhauri (Chachai) (CT),Census 2011 urban-name heuristic
23,461,3694,501951,Badra (CT),Census 2011 urban-name heuristic
23,461,3694,501952,Bangawan (CT),Census 2011 urban-name heuristic
23,461,3694,501953,Deori (CT),Census 2011 urban-name heuristic
23,461,3694,501954,Deohra (CT),Census 2011 urban-name heuristic
23,461,3694,501955,Dumar Kachhar (CT),Census 2011 urban-name heuristic
23,461,3694,802418,Pasan (M),Census 2011 urban-name heuristic
23,461,3694,802419,Anuppur (M),Census 2011 urban-name heuristic
23,461,3695,802420,Jaithari (NP),Census 2011 urban-name heuristic
23,461,3696,802421,Amarkantak (NP),Census 2011 urban-name heuristic
23,462,3697,802422,Rampur Naikin (NP),Census 2011 urban-name heuristic
23,462,3698,802423,Churhat (NP),Census 2011 urban-name heuristic
23,462,3699,802424,Sidhi (M),Census 2011 urban-name heuristic
23,462,3701,802425,Majhauli (NP),Census 2011 urban-name heuristic
23,463,3703,503654,Naudhia (CT),Census 2011 urban-name heuristic
23,463,3705,802426,Singrauli (M Corp.),Census 2011 urban-name heuristic
23,464,3706,802427,Thandla (NP),Census 2011 urban-name heuristic
23,464,3707,802428,Petlawad (NP),Census 2011 urban-name heuristic
23,464,3708,504556,Meghnagar (CT),Census 2011 urban-name heuristic
23,464,3709,802429,Jhabua (M),Census 2011 urban-name heuristic
23,464,3710,802430,Ranapur (NP),Census 2011 urban-name heuristic
23,465,3711,802431,Bhavra (NP),Census 2011 urban-name heuristic
23,465,3712,802432,Jobat (NP),Census 2011 urban-name heuristic
23,465,3713,505451,Nanpur (CT),Census 2011 urban-name heuristic
23,465,3713,802433,Alirajpur (M),Census 2011 urban-name heuristic
23,466,3714,802434,Chhanera (NP),Census 2011 urban-name heuristic
23,466,3716,802435,Khandwa (M Corp.),Census 2011 urban-name heuristic
23,466,3717,802436,Omkareshwar (NP),Census 2011 urban-name heuristic
23,466,3717,802437,Mundi (NP),Census 2011 urban-name heuristic
23,466,3718,802438,Pandhana (NP),Census 2011 urban-name heuristic
23,467,3719,802439,Burhanpur (M Corp.),Census 2011 urban-name heuristic
23,467,3719,802440,Shahpur (NP),Census 2011 urban-name heuristic
23,467,3721,802441,Nepanagar (M),Census 2011 urban-name heuristic
24,468,3723,802442,Rapar (M),Census 2011 urban-name heuristic
24,468,3724,802443,Bhachau (M),Census 2011 urban-name heuristic
24,468,3725,802444,Anjar (M),Census 2011 urban-name heuristic
24,468,3726,506920,Madhapar (CT),Census 2011 urban-name heuristic
24,468,3726,506921,Mirjhapar (CT),Census 2011 urban-name heuristic
24,468,3726,506922,Sukhpar (CT),Census 2011 urban-name heuristic
24,468,3726,506923,Mankuva (CT),Census 2011 urban-name heuristic
24,468,3726,506924,Bhuj (Haripar) (OG),Census 2011 urban-name heuristic
24,468,3726,802445,Bhuj (M),Census 2011 urban-name heuristic
24,468,3729,802446,Mandvi (M),Census 2011 urban-name heuristic
24,468,3730,507349,Mundra (CT),Census 2011 urban-name heuristic
24,468,3731,507356,Galpadar (CT),Census 2011 urban-name heuristic
24,468,3731,507357,Antarjal (CT),Census 2011 urban-name heuristic
24,468,3731,507358,Kandla (CT),Census 2011 urban-name heuristic
24,468,3731,802447,Gandhidham (M),Census 2011 urban-name heuristic
24,469,3733,802448,Tharad (M),Census 2011 urban-name heuristic
24,469,3734,802449,Dhanera (M),Census 2011 urban-name heuristic
24,469,3737,508001,Ambaji (CT),Census 2011 urban-name heuristic
24,469,3738,508111,Chhapi (CT),Census 2011 urban-name heuristic
24,469,3739,508228,Bhagal (Jagana) (CT),Census 2011 urban-name heuristic
24,469,3739,508229,Kanodar (CT),Census 2011 urban-name heuristic
24,469,3739,508230,Palanpur (Rural) (Laxmipura) (OG),Census 2011 urban-name heuristic
24,469,3739,802450,Palanpur (M),Census 2011 urban-name heuristic
24,469,3740,508379,Nava Bhildi (CT),Census 2011 urban-name heuristic
24,469,3740,802451,Deesa (M),Census 2011 urban-name heuristic
24,469,3741,508450,Deodar (CT),Census 2011 urban-name heuristic
24,469,3742,802452,Bhabhar (M),Census 2011 urban-name heuristic
24,469,3743,802453,Thara (M),Census 2011 urban-name heuristic
24,470,3745,802454,Radhanpur (M),Census 2011 urban-name heuristic
24,470,3746,508785,Kakoshi (CT),Census 2011 urban-name heuristic
24,470,3746,508786,Sidhpur (OG) (Ward 9),Census 2011 urban-name heuristic
24,470,3746,508786,Sidhpur (OG) (Ward 10),Census 2011 urban-name heuristic
24,470,3746,508787,Kholvada (OG),Census 2011 urban-name heuristic
24,470,3746,802455,Sidhpur (M),Census 2011 urban-name heuristic
24,470,3747,508864,Matarvadi (OG) (Part),Census 2011 urban-name heuristic
24,470,3747,508874,Gungadipati (OG) (Part),Census 2011 urban-name heuristic
24,470,3747,508875,Hansapur (OG) (Part),Census 2011 urban-name heuristic
24,470,3747,802456,Patan (M),Census 2011 urban-name heuristic
24,470,3748,802457,Harij (M),Census 2011 urban-name heuristic
24,470,3750,802458,Chanasma (M),Census 2011 urban-name heuristic
24,471,3752,802459,Kheralu (M),Census 2011 urban-name heuristic
24,471,3753,802460,Unjha (M),Census 2011 urban-name heuristic
24,471,3754,509303,Kansa (OG) (Part),Census 2011 urban-name heuristic
24,471,3754,802461,Visnagar (M),Census 2011 urban-name heuristic
24,471,3755,802462,Vadnagar (M),Census 2011 urban-name heuristic
24,471,3756,509424,Vijapur Rural (OG) (Part),Census 2011 urban-name heuristic
24,471,3756,802463,Vijapur (M),Census 2011 urban-name heuristic
24,471,3757,509468,Dediyasan (OG) (Part),Census 2011 urban-name heuristic
24,471,3757,509479,Palavasna (OG) (Part),Census 2011 urban-name heuristic
24,471,3757,509558,Baliyasan (CT),Census 2011 urban-name heuristic
24,471,3757,509559,Ambaliyasan (CT),Census 2011 urban-name heuristic
24,471,3757,802464,Mahesana (M),Census 2011 urban-name heuristic
24,471,3758,509611,Bechar Alias Becharaji (CT),Census 2011 urban-name heuristic
24,471,3759,509657,Kundal (OG) (Part),Census 2011 urban-name heuristic
24,471,3759,509664,Nani Kadi (OG) (Part),Census 2011 urban-name heuristic
24,471,3759,802465,Kadi (M),Census 2011 urban-name heuristic
24,472,3760,802466,Khedbrahma (M),Census 2011 urban-name heuristic
24,472,3761,509953,Vijaynagar (CT),Census 2011 urban-name heuristic
24,472,3762,802467,Vadali (M),Census 2011 urban-name heuristic
24,472,3763,510146,Javanpura (OG),Census 2011 urban-name heuristic
24,472,3763,510147,Gambhirpura (OG),Census 2011 urban-name heuristic
24,472,3763,510148,Sadatpura (OG),Census 2011 urban-name heuristic
24,472,3763,510149,Laloda (OG),Census 2011 urban-name heuristic
24,472,3763,802468,Idar (M),Census 2011 urban-name heuristic
24,472,3764,510317,Bhiloda (CT),Census 2011 urban-name heuristic
24,472,3765,510446,Meghraj (CT),Census 2011 urban-name heuristic
24,472,3766,510581,Savgadh (CT),Census 2011 urban-name heuristic
24,472,3766,510582,Parabada (CT),Census 2011 urban-name heuristic
24,472,3766,802469,Himatnagar (M),Census 2011 urban-name heuristic
24,472,3767,802470,Prantij (M),Census 2011 urban-name heuristic
24,472,3768,802471,Talod (M),Census 2011 urban-name heuristic
24,472,3769,802472,Modasa (M),Census 2011 urban-name heuristic
24,472,3771,510996,Malpur (CT),Census 2011 urban-name heuristic
24,472,3772,511118,Sathamba (CT),Census 2011 urban-name heuristic
24,472,3772,802473,Bayad (M),Census 2011 urban-name heuristic
24,473,3773,511183,Chhatral (CT),Census 2011 urban-name heuristic
24,473,3773,511184,Arsodiya (CT),Census 2011 urban-name heuristic
24,473,3773,511185,Saij (CT),Census 2011 urban-name heuristic
24,473,3773,511186,Dhanot (OG),Census 2011 urban-name heuristic
24,473,3773,511187,Ola (OG),Census 2011 urban-name heuristic
24,473,3773,511188,Borisana (OG),Census 2011 urban-name heuristic
24,473,3773,802475,Kalol (M),Census 2011 urban-name heuristic
24,473,3774,511228,Rampura (M),Census 2011 urban-name heuristic
24,473,3774,802477,Mansa (M),Census 2011 urban-name heuristic
24,473,3775,511285,Vavol (CT),Census 2011 urban-name heuristic
24,473,3775,511286,Palaj (CT),Census 2011 urban-name heuristic
24,473,3775,511287,Adalaj (CT),Census 2011 urban-name heuristic
24,473,3775,511288,Bhat (CT),Census 2011 urban-name heuristic
24,473,3775,511289,Chiloda (Naroda) (CT),Census 2011 urban-name heuristic
24,473,3775,511290,Amiyapur (OG),Census 2011 urban-name heuristic
24,473,3775,511291,Kolvada (OG),Census 2011 urban-name heuristic
24,473,3775,511292,Shertha (OG),Census 2011 urban-name heuristic
24,473,3775,511293,Unvarsad (OG),Census 2011 urban-name heuristic
24,473,3775,511294,Vasana Hadmatia (OG),Census 2011 urban-name heuristic
24,473,3775,511295,Tarapur (OG),Census 2011 urban-name heuristic
24,473,3775,511296,Jamiyatpur (OG),Census 2011 urban-name heuristic
24,473,3775,511297,Sargasan (OG),Census 2011 urban-name heuristic
24,473,3775,511298,Randesan (OG),Census 2011 urban-name heuristic
24,473,3775,511299,Kudasan (OG),Census 2011 urban-name heuristic
24,473,3775,511300,Por (OG),Census 2011 urban-name heuristic
24,473,3775,511301,Ambapur (OG),Census 2011 urban-name heuristic
24,473,3775,511302,Koba (OG),Census 2011 urban-name heuristic
24,473,3775,511303,Raysan (OG),Census 2011 urban-name heuristic
24,473,3775,511304,Karai (OG),Census 2011 urban-name heuristic
24,473,3775,511305,Nabhoi (OG),Census 2011 urban-name heuristic
24,473,3775,511306,Sugad (OG),Census 2011 urban-name heuristic
24,473,3775,511307,Zundal (OG),Census 2011 urban-name heuristic
24,473,3775,511308,Koteshwar (OG),Census 2011 urban-name heuristic
24,473,3775,511309,Ranasan (OG),Census 2011 urban-name heuristic
24,473,3775,511310,Raipur (OG),Census 2011 urban-name heuristic
24,473,3775,802478,Pethapur (M),Census 2011 urban-name heuristic
24,473,3776,802480,Dehgam (M),Census 2011 urban-name heuristic
24,474,0,802484,Ahmadabad (M Corp. + OG),Census 2011 urban-name heuristic
24,474,3779,802481,Viramgam (M),Census 2011 urban-name heuristic
24,474,3780,511615,Godhavi (OG),Census 2011 urban-name heuristic
24,474,3780,511616,Nidhrad (OG),Census 2011 urban-name heuristic
24,474,3780,511617,Manipur (OG),Census 2011 urban-name heuristic
24,474,3780,511618,Kaneti (OG),Census 2011 urban-name heuristic
24,474,3780,511619,Shela (OG),Census 2011 urban-name heuristic
24,474,3780,511620,Sanathal (OG),Census 2011 urban-name heuristic
24,474,3780,511621,Telav (OG),Census 2011 urban-name heuristic
24,474,3780,511622,Sanand (Rural) (Gibpura) (OG),Census 2011 urban-name heuristic
24,474,3780,511623,Navapura (OG),Census 2011 urban-name heuristic
24,474,3780,511624,Changodar (OG),Census 2011 urban-name heuristic
24,474,3780,511625,Moraiya (OG),Census 2011 urban-name heuristic
24,474,3780,511626,Matoda (OG),Census 2011 urban-name heuristic
24,474,3780,511627,Sari (OG),Census 2011 urban-name heuristic
24,474,3780,511628,Vasna Chacharavadi (OG),Census 2011 urban-name heuristic
24,474,3780,802482,Sanand (M),Census 2011 urban-name heuristic
24,474,3781,802483,Ahmadabad Cantonment (CB),Census 2011 urban-name heuristic
24,474,3781,802484,Ahmadabad (M Corp.) (Part),Census 2011 urban-name heuristic
24,474,3782,511685,Bopal (CT),Census 2011 urban-name heuristic
24,474,3782,511686,Singarva (CT),Census 2011 urban-name heuristic
24,474,3782,511687,Nandej (CT),Census 2011 urban-name heuristic
24,474,3782,511688,Kathwada (OG),Census 2011 urban-name heuristic
24,474,3782,511689,Ghuma (OG),Census 2011 urban-name heuristic
24,474,3782,511690,Enasan (OG),Census 2011 urban-name heuristic
24,474,3782,511691,Bilasiya (OG),Census 2011 urban-name heuristic
24,474,3782,511692,Kanbha (OG),Census 2011 urban-name heuristic
24,474,3782,511693,Kujad (OG),Census 2011 urban-name heuristic
24,474,3782,802484,Ahmadabad (M Corp. + OG) (Part),Census 2011 urban-name heuristic
24,474,3782,802484,Ahmadabad (M Corp.) (Part),Census 2011 urban-name heuristic
24,474,3782,802485,Bareja (M),Census 2011 urban-name heuristic
24,474,3783,511764,Maflipur (OG),Census 2011 urban-name heuristic
24,474,3783,802486,Dholka (M),Census 2011 urban-name heuristic
24,474,3784,511810,Rajoda (OG),Census 2011 urban-name heuristic
24,474,3784,511811,Rasam (OG),Census 2011 urban-name heuristic
24,474,3784,802487,Bavla (M),Census 2011 urban-name heuristic
24,474,3785,511845,Ranpur (CT),Census 2011 urban-name heuristic
24,474,3786,802488,Barwala (M),Census 2011 urban-name heuristic
24,474,3787,802489,Dhandhuka (M),Census 2011 urban-name heuristic
24,475,3788,802490,Halvad (M),Census 2011 urban-name heuristic
24,475,3789,802491,Dhrangadhra (M),Census 2011 urban-name heuristic
24,475,3790,512159,Kharaghoda (CT),Census 2011 urban-name heuristic
24,475,3790,802492,Patdi (M),Census 2011 urban-name heuristic
24,475,3792,802493,Surendranagar Dudhrej (M),Census 2011 urban-name heuristic
24,475,3792,802494,Wadhwan (M),Census 2011 urban-name heuristic
24,475,3794,802495,Thangadh (M),Census 2011 urban-name heuristic
24,475,3794,802496,Chotila (M),Census 2011 urban-name heuristic
24,475,3797,802497,Limbdi (M),Census 2011 urban-name heuristic
24,476,3798,802498,Maliya (M),Census 2011 urban-name heuristic
24,476,3799,512688,Amreli (OG) (Part),Census 2011 urban-name heuristic
24,476,3799,512695,Madhapar (OG) (Part),Census 2011 urban-name heuristic
24,476,3799,512703,Bhadiyad (OG) (Part),Census 2011 urban-name heuristic
24,476,3799,512713,Mahendranagar (CT),Census 2011 urban-name heuristic
24,476,3799,512714,Trajpar (CT),Census 2011 urban-name heuristic
24,476,3799,512715,Saktasanala (CT),Census 2011 urban-name heuristic
24,476,3799,512716,Ravapara (CT),Census 2011 urban-name heuristic
24,476,3799,802499,Morvi (M),Census 2011 urban-name heuristic
24,476,3801,512863,Chandrapur (CT),Census 2011 urban-name heuristic
24,476,3801,802500,Wankaner (M),Census 2011 urban-name heuristic
24,476,3802,512921,Paddhari (CT),Census 2011 urban-name heuristic
24,476,3803,513004,Ghanteshvar (CT),Census 2011 urban-name heuristic
24,476,3803,513005,Anandpar (CT),Census 2011 urban-name heuristic
24,476,3803,513006,Kotharia (CT),Census 2011 urban-name heuristic
24,476,3803,513007,Manharpur (OG),Census 2011 urban-name heuristic
24,476,3803,513008,Madhapar (OG),Census 2011 urban-name heuristic
24,476,3803,513009,Munjka (OG),Census 2011 urban-name heuristic
24,476,3803,513010,Mota Mava (OG),Census 2011 urban-name heuristic
24,476,3803,513011,Vavdi (OG),Census 2011 urban-name heuristic
24,476,3803,513012,Bedi (OG),Census 2011 urban-name heuristic
24,476,3803,802501,Rajkot (M Corp. + OG),Census 2011 urban-name heuristic
24,476,3803,802501,Rajkot (M Corp.),Census 2011 urban-name heuristic
24,476,3805,513090,Shapur (CT),Census 2011 urban-name heuristic
24,476,3805,513091,Veraval (CT),Census 2011 urban-name heuristic
24,476,3806,802503,Jasdan (M),Census 2011 urban-name heuristic
24,476,3807,802504,Gondal (M),Census 2011 urban-name heuristic
24,476,3809,802505,Bhayavadar (M),Census 2011 urban-name heuristic
24,476,3809,802506,Upleta (M),Census 2011 urban-name heuristic
24,476,3810,802507,Dhoraji (M),Census 2011 urban-name heuristic
24,476,3811,513446,Jetalsar (CT),Census 2011 urban-name heuristic
24,476,3811,802508,Jetpur Navagadh (M),Census 2011 urban-name heuristic
24,477,3812,513486,Mithapur (CT),Census 2011 urban-name heuristic
24,477,3812,802509,Okha (M),Census 2011 urban-name heuristic
24,477,3812,802510,Dwarka (M),Census 2011 urban-name heuristic
24,477,3813,513571,Shaktinagar (CT),Census 2011 urban-name heuristic
24,477,3813,802511,Salaya (M),Census 2011 urban-name heuristic
24,477,3813,802512,Khambhalia (M),Census 2011 urban-name heuristic
24,477,3814,513672,Digvijaygram (CT),Census 2011 urban-name heuristic
24,477,3814,513673,Jamnagar (OG),Census 2011 urban-name heuristic
24,477,3814,513674,Port Area (OG),Census 2011 urban-name heuristic
24,477,3814,513675,Vibhapar (OG),Census 2011 urban-name heuristic
24,477,3814,802513,Sikka (M),Census 2011 urban-name heuristic
24,477,3814,802516,Jamnagar (M Corp. + OG),Census 2011 urban-name heuristic
24,477,3814,802516,Jamnagar (M Corp.),Census 2011 urban-name heuristic
24,477,3816,802517,Dhrol (M),Census 2011 urban-name heuristic
24,477,3817,802518,Kalavad (M),Census 2011 urban-name heuristic
24,477,3819,802519,Raval (M),Census 2011 urban-name heuristic
24,477,3820,802520,Bhanvad (M),Census 2011 urban-name heuristic
24,477,3821,802521,Jamjodhpur (M),Census 2011 urban-name heuristic
24,478,3822,514215,Zavar (OG) (Part),Census 2011 urban-name heuristic
24,478,3822,514241,Khapat (CT),Census 2011 urban-name heuristic
24,478,3822,802522,Porbandar (M),Census 2011 urban-name heuristic
24,478,3822,802523,Chhaya (M),Census 2011 urban-name heuristic
24,478,3823,514303,Amardad (CT),Census 2011 urban-name heuristic
24,478,3823,802524,Ranavav (M),Census 2011 urban-name heuristic
24,478,3824,802525,Kutiyana (M),Census 2011 urban-name heuristic
24,479,3825,802526,Bantwa (M),Census 2011 urban-name heuristic
24,479,3825,802527,Manavadar (M),Census 2011 urban-name heuristic
24,479,3826,802528,Vanthali (M),Census 2011 urban-name heuristic
24,479,3827,514522,Dungarpur (CT),Census 2011 urban-name heuristic
24,479,3827,802529,Junagadh (M Corp.),Census 2011 urban-name heuristic
24,479,3829,802530,Visavadar (M),Census 2011 urban-name heuristic
24,479,3831,802531,Keshod (M),Census 2011 urban-name heuristic
24,479,3832,514836,Mangrol (OG),Census 2011 urban-name heuristic
24,479,3832,802532,Mangrol (M),Census 2011 urban-name heuristic
24,479,3833,802533,Chorvad (M),Census 2011 urban-name heuristic
24,479,3834,802534,Talala (M),Census 2011 urban-name heuristic
24,479,3835,515041,Patan Rural (OG) (Part),Census 2011 urban-name heuristic
24,479,3835,515042,Veraval Rural (OG) (Part),Census 2011 urban-name heuristic
24,479,3835,515053,Bhalpara (CT),Census 2011 urban-name heuristic
24,479,3835,802535,Veraval (M),Census 2011 urban-name heuristic
24,479,3836,802536,Sutrapada (M),Census 2011 urban-name heuristic
24,479,3837,802537,Kodinar (M),Census 2011 urban-name heuristic
24,479,3838,802538,Una (M),Census 2011 urban-name heuristic
24,480,3840,802539,Babra (M),Census 2011 urban-name heuristic
24,480,3841,802540,Lathi (M),Census 2011 urban-name heuristic
24,480,3841,802541,Damnagar (M),Census 2011 urban-name heuristic
24,480,3842,515569,Lilia (CT),Census 2011 urban-name heuristic
24,480,3843,515641,Amreli (OG),Census 2011 urban-name heuristic
24,480,3843,802542,Amreli (M),Census 2011 urban-name heuristic
24,480,3844,802543,Bagasara (M),Census 2011 urban-name heuristic
24,480,3845,802544,Chalala (M),Census 2011 urban-name heuristic
24,480,3846,802545,Savarkundla (M),Census 2011 urban-name heuristic
24,480,3848,802546,Jafrabad (M),Census 2011 urban-name heuristic
24,480,3849,802547,Rajula (M),Census 2011 urban-name heuristic
24,481,3850,802548,Botad (M),Census 2011 urban-name heuristic
24,481,3851,802549,Vallabhipur (M),Census 2011 urban-name heuristic
24,481,3852,516183,Dhasa Vishi (CT),Census 2011 urban-name heuristic
24,481,3852,802550,Gadhada (M),Census 2011 urban-name heuristic
24,481,3853,516225,Umrala (CT),Census 2011 urban-name heuristic
24,481,3853,516226,Dhola (CT),Census 2011 urban-name heuristic
24,481,3854,516249,Ruva (OG) (Part),Census 2011 urban-name heuristic
24,481,3854,516258,Tarsimiya (OG) (Part),Census 2011 urban-name heuristic
24,481,3854,516283,Nari (CT),Census 2011 urban-name heuristic
24,481,3854,516284,Vartej (CT),Census 2011 urban-name heuristic
24,481,3854,516285,Sidsar (CT),Census 2011 urban-name heuristic
24,481,3854,516286,Malanka (CT),Census 2011 urban-name heuristic
24,481,3854,802551,Bhavnagar (M Corp. + OG),Census 2011 urban-name heuristic
24,481,3854,802551,Bhavnagar (M Corp.),Census 2011 urban-name heuristic
24,481,3855,516334,Ghogha (CT),Census 2011 urban-name heuristic
24,481,3856,516414,Songadh (CT),Census 2011 urban-name heuristic
24,481,3856,802552,Sihor (M),Census 2011 urban-name heuristic
24,481,3857,802553,Gariadhar (M),Census 2011 urban-name heuristic
24,481,3858,802554,Palitana (M),Census 2011 urban-name heuristic
24,481,3859,516672,Alang (CT),Census 2011 urban-name heuristic
24,481,3859,802555,Talaja (M),Census 2011 urban-name heuristic
24,481,3860,516804,Katpar (CT),Census 2011 urban-name heuristic
24,481,3860,516805,Mahuva (OG),Census 2011 urban-name heuristic
24,481,3860,802557,Mahuva (M),Census 2011 urban-name heuristic
24,482,3862,802558,Sojitra (M),Census 2011 urban-name heuristic
24,482,3863,802559,Umreth (M),Census 2011 urban-name heuristic
24,482,3864,516928,Jitodiya (OG) (Part),Census 2011 urban-name heuristic
24,482,3864,516945,Gamdi (CT),Census 2011 urban-name heuristic
24,482,3864,516946,Hadgood (CT),Census 2011 urban-name heuristic
24,482,3864,516947,Mogri (OG),Census 2011 urban-name heuristic
24,482,3864,802560,Boriavi (M),Census 2011 urban-name heuristic
24,482,3864,802561,Ode (M),Census 2011 urban-name heuristic
24,482,3864,802562,Anand (M),Census 2011 urban-name heuristic
24,482,3864,802563,Vallabh Vidyanagar (M),Census 2011 urban-name heuristic
24,482,3864,802564,Karamsad (M),Census 2011 urban-name heuristic
24,482,3865,802566,Petlad (M),Census 2011 urban-name heuristic
24,482,3866,517061,Kansari (OG),Census 2011 urban-name heuristic
24,482,3866,517062,Shakarpur (OG),Census 2011 urban-name heuristic
24,482,3866,517063,Metpur (OG),Census 2011 urban-name heuristic
24,482,3866,802567,Khambhat (M),Census 2011 urban-name heuristic
24,482,3867,802568,Borsad (M),Census 2011 urban-name heuristic
24,482,3868,802570,Anklav (M),Census 2011 urban-name heuristic
24,483,3869,802571,Kapadvanj (M),Census 2011 urban-name heuristic
24,483,3870,517318,Virpur (CT),Census 2011 urban-name heuristic
24,483,3871,802572,Balasinor (M),Census 2011 urban-name heuristic
24,483,3872,802573,Kathlal (M),Census 2011 urban-name heuristic
24,483,3873,802574,Mehmedabad (M),Census 2011 urban-name heuristic
24,483,3874,802575,Kheda (M),Census 2011 urban-name heuristic
24,483,3876,517605,Kamla (OG) (Part),Census 2011 urban-name heuristic
24,483,3876,517607,Manjipura (OG) (Part),Census 2011 urban-name heuristic
24,483,3876,802576,Nadiad (M),Census 2011 urban-name heuristic
24,483,3876,802577,Chaklasi (M),Census 2011 urban-name heuristic
24,483,3876,802578,Kanjari (M),Census 2011 urban-name heuristic
24,483,3877,802579,Mahudha (M),Census 2011 urban-name heuristic
24,483,3878,517758,Rakhiyal (OG) (Part),Census 2011 urban-name heuristic
24,483,3878,802580,Thasra (M),Census 2011 urban-name heuristic
24,483,3878,802581,Dakor (M),Census 2011 urban-name heuristic
24,484,3881,802582,Santrampur (M),Census 2011 urban-name heuristic
24,484,3882,518172,Gokalpura (M),Census 2011 urban-name heuristic
24,484,3882,518198,Navagam(M),Census 2011 urban-name heuristic
24,484,3882,802583,Lunawada (M),Census 2011 urban-name heuristic
24,484,3883,802584,Shehera (M),Census 2011 urban-name heuristic
24,484,3885,518647,Jafrabad (CT),Census 2011 urban-name heuristic
24,484,3885,518648,Vavdi Bujarg (CT),Census 2011 urban-name heuristic
24,484,3885,802585,Godhra (M),Census 2011 urban-name heuristic
24,484,3886,518716,Derol Station (OG),Census 2011 urban-name heuristic
24,484,3886,802586,Kalol (M),Census 2011 urban-name heuristic
24,484,3888,518824,Kanjari (OG) (Part),Census 2011 urban-name heuristic
24,484,3888,518827,Pratappura (OG) (Part),Census 2011 urban-name heuristic
24,484,3888,518936,Dunia (OG),Census 2011 urban-name heuristic
24,484,3888,802588,Halol (M),Census 2011 urban-name heuristic
24,485,3891,519237,Sanjeli (CT),Census 2011 urban-name heuristic
24,485,3891,802589,Jhalod (M),Census 2011 urban-name heuristic
24,485,3892,519389,Limkheda (CT),Census 2011 urban-name heuristic
24,485,3893,519405,Usarvan (OG) (Part),Census 2011 urban-name heuristic
24,485,3893,519476,Freelandgunj (CT),Census 2011 urban-name heuristic
24,485,3893,519477,Dohad (OG) (Ward 13),Census 2011 urban-name heuristic
24,485,3893,519477,Dohad (OG) (Ward 14),Census 2011 urban-name heuristic
24,485,3893,519477,Dohad (OG) (Ward 15),Census 2011 urban-name heuristic
24,485,3893,802590,Dohad (M),Census 2011 urban-name heuristic
24,485,3895,802591,Devgadbaria (M),Census 2011 urban-name heuristic
24,486,3897,802592,Savli (M),Census 2011 urban-name heuristic
24,486,3898,519906,Nandesari (CT),Census 2011 urban-name heuristic
24,486,3898,519907,Ranoli (CT),Census 2011 urban-name heuristic
24,486,3898,519908,Karachiya (CT),Census 2011 urban-name heuristic
24,486,3898,519909,Bajwa (CT),Census 2011 urban-name heuristic
24,486,3898,519910,Jawaharnagar (Gujarat Refinery) (CT),Census 2011 urban-name heuristic
24,486,3898,519911,Undera (CT),Census 2011 urban-name heuristic
24,486,3898,519912,Tarsali (CT),Census 2011 urban-name heuristic
24,486,3898,519913,Karodiya (OG),Census 2011 urban-name heuristic
24,486,3898,519914,Harni (OG),Census 2011 urban-name heuristic
24,486,3898,519915,Sama (OG),Census 2011 urban-name heuristic
24,486,3898,519916,Sayajipura (OG),Census 2011 urban-name heuristic
24,486,3898,519917,Bapod (OG),Census 2011 urban-name heuristic
24,486,3898,519918,Kalali (OG),Census 2011 urban-name heuristic
24,486,3898,519919,Dasharath (OG),Census 2011 urban-name heuristic
24,486,3898,519920,Koyli (OG),Census 2011 urban-name heuristic
24,486,3898,519921,Dumad (OG),Census 2011 urban-name heuristic
24,486,3898,519922,Vemali (OG),Census 2011 urban-name heuristic
24,486,3898,519923,Gorva (OG),Census 2011 urban-name heuristic
24,486,3898,519924,Sevasi (OG),Census 2011 urban-name heuristic
24,486,3898,519925,Bhayli (OG),Census 2011 urban-name heuristic
24,486,3898,519926,Bil (OG),Census 2011 urban-name heuristic
24,486,3898,519927,Alamgir (OG),Census 2011 urban-name heuristic
24,486,3898,802596,Vadodara (M Corp. + OG),Census 2011 urban-name heuristic
24,486,3898,802596,Vadodara (M Corp.),Census 2011 urban-name heuristic
24,486,3899,520022,Jarod (CT),Census 2011 urban-name heuristic
24,486,3899,520023,Vaghodia (CT),Census 2011 urban-name heuristic
24,486,3900,520236,Jetpur (CT),Census 2011 urban-name heuristic
24,486,3901,802599,Chhota Udaipur (M),Census 2011 urban-name heuristic
24,486,3902,520513,Kavant (CT),Census 2011 urban-name heuristic
24,486,3903,520732,Nasvadi (CT),Census 2011 urban-name heuristic
24,486,3904,520918,Alikherva (CT),Census 2011 urban-name heuristic
24,486,3904,520919,Bodeli (CT),Census 2011 urban-name heuristic
24,486,3905,802600,Dabhoi (M),Census 2011 urban-name heuristic
24,486,3906,521120,Padra (OG),Census 2011 urban-name heuristic
24,486,3906,802601,Padra (M),Census 2011 urban-name heuristic
24,486,3907,802602,Karjan (M),Census 2011 urban-name heuristic
24,487,3910,521555,Kevadiya (CT),Census 2011 urban-name heuristic
24,487,3910,802603,Rajpipla (M),Census 2011 urban-name heuristic
24,487,3911,521769,Dediapada (CT),Census 2011 urban-name heuristic
24,487,3912,521866,Sagbara (CT),Census 2011 urban-name heuristic
24,487,3912,521867,Selamba (CT),Census 2011 urban-name heuristic
24,488,3913,802604,Jambusar (M),Census 2011 urban-name heuristic
24,488,3914,802605,Amod (M),Census 2011 urban-name heuristic
24,488,3916,522158,Palej (CT),Census 2011 urban-name heuristic
24,488,3916,522159,Sherpura (CT),Census 2011 urban-name heuristic
24,488,3916,522160,Nandelav (CT),Census 2011 urban-name heuristic
24,488,3916,522161,Bholav (CT),Census 2011 urban-name heuristic
24,488,3916,522162,Jhadeshwar (CT),Census 2011 urban-name heuristic
24,488,3916,522163,Maktampur (CT),Census 2011 urban-name heuristic
24,488,3916,802607,Bharuch (M),Census 2011 urban-name heuristic
24,488,3918,522357,Piraman (OG) (Part),Census 2011 urban-name heuristic
24,488,3918,522386,Andada (CT),Census 2011 urban-name heuristic
24,488,3918,522387,Gadkhol (CT),Census 2011 urban-name heuristic
24,488,3918,522388,Sarangpore (CT),Census 2011 urban-name heuristic
24,488,3918,522389,Bhadkodara (CT),Census 2011 urban-name heuristic
24,488,3918,522390,Sanjali (CT),Census 2011 urban-name heuristic
24,488,3918,522391,"Anklesvar ( Diva, Divi & Borbhatha New Vasahat) (OG) (Ward 13)",Census 2011 urban-name heuristic
24,488,3918,522391,"Anklesvar ( Diva, Divi & Borbhatha New Vasahat) (OG) (Ward 14)",Census 2011 urban-name heuristic
24,488,3918,522391,"Anklesvar ( Diva, Divi & Borbhatha New Vasahat) (OG) (Ward 15)",Census 2011 urban-name heuristic
24,488,3918,802608,Anklesvar (M),Census 2011 urban-name heuristic
24,488,3919,522437,Kharach (CT),Census 2011 urban-name heuristic
24,489,3921,522842,Waghai (CT),Census 2011 urban-name heuristic
24,489,3921,522843,Ahwa (CT),Census 2011 urban-name heuristic
24,490,3922,522909,Kabilpor (CT),Census 2011 urban-name heuristic
24,490,3922,522910,Kaliawadi (CT),Census 2011 urban-name heuristic
24,490,3922,522911,Chhapra (CT),Census 2011 urban-name heuristic
24,490,3922,522912,Jamalpore (OG),Census 2011 urban-name heuristic
24,490,3922,522913,Chovisi (OG),Census 2011 urban-name heuristic
24,490,3922,802614,Navsari (M),Census 2011 urban-name heuristic
24,490,3923,522985,Mahuvar (CT),Census 2011 urban-name heuristic
24,490,3923,802615,Vijalpor (M),Census 2011 urban-name heuristic
24,490,3924,523041,Devsar (CT),Census 2011 urban-name heuristic
24,490,3924,523042,Bilimora (Talodh) (CT),Census 2011 urban-name heuristic
24,490,3924,523043,Antaliya (CT),Census 2011 urban-name heuristic
24,490,3924,802616,Gandevi (M),Census 2011 urban-name heuristic
24,490,3924,802617,Bilimora (M),Census 2011 urban-name heuristic
24,490,3925,523131,Chikhli (CT),Census 2011 urban-name heuristic
24,490,3926,523226,Bansda (CT),Census 2011 urban-name heuristic
24,491,3927,523280,Segvi (OG) (Part),Census 2011 urban-name heuristic
24,491,3927,523313,Pardi Sondhpur (CT),Census 2011 urban-name heuristic
24,491,3927,523314,Bhagdawada (CT),Census 2011 urban-name heuristic
24,491,3927,523315,Nanakwada (CT),Census 2011 urban-name heuristic
24,491,3927,523316,Pardi Parnera (CT),Census 2011 urban-name heuristic
24,491,3927,523317,Parnera (CT),Census 2011 urban-name heuristic
24,491,3927,523318,Atul (CT),Census 2011 urban-name heuristic
24,491,3927,523319,Valsad (OG),Census 2011 urban-name heuristic
24,491,3927,523320,Bhagdakhurd (OG),Census 2011 urban-name heuristic
24,491,3927,523321,Kosamba (OG),Census 2011 urban-name heuristic
24,491,3927,523322,Tithal (OG),Census 2011 urban-name heuristic
24,491,3927,523323,Vashiyar (OG),Census 2011 urban-name heuristic
24,491,3927,802618,Valsad (M),Census 2011 urban-name heuristic
24,491,3928,802620,Dharampur (M),Census 2011 urban-name heuristic
24,491,3929,523501,Orvad (CT),Census 2011 urban-name heuristic
24,491,3929,523502,Balitha (CT),Census 2011 urban-name heuristic
24,491,3929,523503,Salvav (CT),Census 2011 urban-name heuristic
24,491,3929,523504,Chhiri (CT),Census 2011 urban-name heuristic
24,491,3929,523505,Chanod (CT),Census 2011 urban-name heuristic
24,491,3929,523506,Karvad (CT),Census 2011 urban-name heuristic
24,491,3929,523507,Lavachha (CT),Census 2011 urban-name heuristic
24,491,3929,802621,Pardi (M),Census 2011 urban-name heuristic
24,491,3929,802622,Vapi (M),Census 2011 urban-name heuristic
24,491,3931,523679,Sarigam (CT),Census 2011 urban-name heuristic
24,491,3931,523680,Bhilad (CT),Census 2011 urban-name heuristic
24,491,3931,523681,Daheli (CT),Census 2011 urban-name heuristic
24,491,3931,523682,Sanjan (CT),Census 2011 urban-name heuristic
24,491,3931,523683,Dehari (CT),Census 2011 urban-name heuristic
24,491,3931,523684,Solsumba (CT),Census 2011 urban-name heuristic
24,491,3931,802625,Umbergaon (M),Census 2011 urban-name heuristic
24,492,0,802629,Surat (M Corp. + OG),Census 2011 urban-name heuristic
24,492,3932,523788,Kim (CT),Census 2011 urban-name heuristic
24,492,3932,523789,Sayan (CT),Census 2011 urban-name heuristic
24,492,3933,523880,Kosamba (CT),Census 2011 urban-name heuristic
24,492,3933,802627,Tarsadi (M),Census 2011 urban-name heuristic
24,492,3935,802628,Mandvi (M),Census 2011 urban-name heuristic
24,492,3936,524162,Amboli (CT),Census 2011 urban-name heuristic
24,492,3937,802629,Surat (M Corp.) (Part),Census 2011 urban-name heuristic
24,492,3938,524203,Bharthana Kosad (CT),Census 2011 urban-name heuristic
24,492,3938,524204,Ichchhapor (CT),Census 2011 urban-name heuristic
24,492,3938,524205,Limla (CT),Census 2011 urban-name heuristic
24,492,3938,524206,Mora (CT),Census 2011 urban-name heuristic
24,492,3938,524207,Pardi Kanade (CT),Census 2011 urban-name heuristic
24,492,3938,524208,Sachin (CT),Census 2011 urban-name heuristic
24,492,3938,524209,Kavas (OG),Census 2011 urban-name heuristic
24,492,3938,524210,Bhatpor (OG),Census 2011 urban-name heuristic
24,492,3938,524211,Bhatha (OG),Census 2011 urban-name heuristic
24,492,3938,524212,Talangpor (OG),Census 2011 urban-name heuristic
24,492,3938,524213,Pali (OG),Census 2011 urban-name heuristic
24,492,3938,802629,Surat (M Corp. + OG) (Part),Census 2011 urban-name heuristic
24,492,3938,802629,Surat (M Corp.) (Part),Census 2011 urban-name heuristic
24,492,3938,802633,Kansad (M),Census 2011 urban-name heuristic
24,492,3939,524260,Vareli (CT),Census 2011 urban-name heuristic
24,492,3939,524261,Kadodara (CT),Census 2011 urban-name heuristic
24,492,3939,524262,Chalthan (CT),Census 2011 urban-name heuristic
24,492,3940,524347,Baben (CT),Census 2011 urban-name heuristic
24,492,3940,802634,Bardoli (M),Census 2011 urban-name heuristic
24,493,3944,524716,Ukai (CT),Census 2011 urban-name heuristic
24,493,3944,524717,Bhurivel (CT),Census 2011 urban-name heuristic
24,493,3944,802635,Songadh (M),Census 2011 urban-name heuristic
24,493,3945,802636,Vyara (M),Census 2011 urban-name heuristic
25,495,3948,524926,Marwad (CT),Census 2011 urban-name heuristic
25,495,3948,524927,Kadaiya (CT),Census 2011 urban-name heuristic
25,495,3948,524928,Bhimpore (CT),Census 2011 urban-name heuristic
25,495,3948,524929,Dunetha (CT),Census 2011 urban-name heuristic
25,495,3948,524930,Dadhel (CT),Census 2011 urban-name heuristic
25,495,3948,524931,Kachigam (CT),Census 2011 urban-name heuristic
26,496,3949,524997,Dadra (CT),Census 2011 urban-name heuristic
26,496,3949,524998,Naroli (CT),Census 2011 urban-name heuristic
26,496,3949,524999,Samarvarni (CT),Census 2011 urban-name heuristic
26,496,3949,525000,Masat (CT),Census 2011 urban-name heuristic
26,496,3949,525001,Rakholi (CT),Census 2011 urban-name heuristic
27,0,0,802794,Greater Mumbai (M Corp.),Census 2011 urban-name heuristic
27,497,3950,525192,Khapar (CT),Census 2011 urban-name heuristic
27,497,3950,525193,Akkalkuwa (CT),Census 2011 urban-name heuristic
27,497,3950,525194,Makranifali (CT),Census 2011 urban-name heuristic
27,497,3951,525357,Vadfalya (CT),Census 2011 urban-name heuristic
27,497,3952,802640,Talode (M Cl),Census 2011 urban-name heuristic
27,497,3953,802641,Shahade (M Cl),Census 2011 urban-name heuristic
27,497,3954,802642,Nandurbar (M Cl),Census 2011 urban-name heuristic
27,497,3955,525949,Khandbara (CT),Census 2011 urban-name heuristic
27,497,3955,802643,Nawapur (M Cl),Census 2011 urban-name heuristic
27,498,3956,802644,Shirpur-Warwade (M Cl),Census 2011 urban-name heuristic
27,498,3957,802645,Dondaicha-Warwade(M Cl),Census 2011 urban-name heuristic
27,498,3958,526463,Nijampur (CT),Census 2011 urban-name heuristic
27,498,3958,526464,Sakri (CT),Census 2011 urban-name heuristic
27,498,3959,526630,Walwadi (CT),Census 2011 urban-name heuristic
27,498,3959,526631,Mahindale (CT),Census 2011 urban-name heuristic
27,498,3959,526632,Awadhan (CT),Census 2011 urban-name heuristic
27,498,3959,802646,Dhule (M Corp.),Census 2011 urban-name heuristic
27,499,3960,802647,Chopda (M Cl),Census 2011 urban-name heuristic
27,499,3961,802648,Yawal (M Cl),Census 2011 urban-name heuristic
27,499,3961,802649,Faizpur (M Cl),Census 2011 urban-name heuristic
27,499,3962,802650,Savda (M Cl),Census 2011 urban-name heuristic
27,499,3962,802651,Raver (M Cl),Census 2011 urban-name heuristic
27,499,3965,527148,Nimbhore Budruk (CT),Census 2011 urban-name heuristic
27,499,3965,527149,Kandari (CT),Census 2011 urban-name heuristic
27,499,3965,527150,Varangaon (CT),Census 2011 urban-name heuristic
27,499,3965,802652,Bhusawal (M Cl),Census 2011 urban-name heuristic
27,499,3966,802653,Jalgaon (M Corp.),Census 2011 urban-name heuristic
27,499,3967,802654,Erandol (M Cl),Census 2011 urban-name heuristic
27,499,3968,802655,Dharangaon (M Cl),Census 2011 urban-name heuristic
27,499,3969,802656,Amalner (M Cl),Census 2011 urban-name heuristic
27,499,3970,802657,Parola (M Cl),Census 2011 urban-name heuristic
27,499,3971,802658,Bhadgaon (M Cl),Census 2011 urban-name heuristic
27,499,3972,527863,Takali Pr. Chalisgaon (CT),Census 2011 urban-name heuristic
27,499,3972,802659,Chalisgaon(M Cl),Census 2011 urban-name heuristic
27,499,3973,527991,Pachora (Rural) (CT),Census 2011 urban-name heuristic
27,499,3973,802660,Pachora (M Cl),Census 2011 urban-name heuristic
27,499,3974,802661,Jamner (M Cl),Census 2011 urban-name heuristic
27,500,3975,802662,Jalgaon (Jamod) (M Cl),Census 2011 urban-name heuristic
27,500,3977,802663,Shegaon (M Cl),Census 2011 urban-name heuristic
27,500,3978,528581,Nandura Bk. (OG),Census 2011 urban-name heuristic
27,500,3978,802664,Nandura (M Cl + OG),Census 2011 urban-name heuristic
27,500,3978,802664,Nandura (M Cl),Census 2011 urban-name heuristic
27,500,3979,802665,Malkapur (M Cl),Census 2011 urban-name heuristic
27,500,3981,802666,Khamgaon (M Cl),Census 2011 urban-name heuristic
27,500,3982,802667,Mehkar (M Cl),Census 2011 urban-name heuristic
27,500,3983,802668,Chikhli (M Cl),Census 2011 urban-name heuristic
27,500,3984,529327,Sundarkhed (CT),Census 2011 urban-name heuristic
27,500,3984,802669,Buldana (M Cl),Census 2011 urban-name heuristic
27,500,3985,802670,Deulgaon Raja (M Cl),Census 2011 urban-name heuristic
27,500,3986,802671,Sindkhed Raja (M Cl),Census 2011 urban-name heuristic
27,500,3987,802672,Lonar (M Cl),Census 2011 urban-name heuristic
27,501,3988,802673,Telhara (M Cl),Census 2011 urban-name heuristic
27,501,3989,802674,Akot (M Cl),Census 2011 urban-name heuristic
27,501,3990,802675,Balapur (M Cl),Census 2011 urban-name heuristic
27,501,3991,530164,Umari Pr. Akola (CT),Census 2011 urban-name heuristic
27,501,3991,530165,Umri Pragane Balapur (CT),Census 2011 urban-name heuristic
27,501,3991,530166,Shivar (CT),Census 2011 urban-name heuristic
27,501,3991,530167,Shivani (CT),Census 2011 urban-name heuristic
27,501,3991,530168,Malkapur (CT),Census 2011 urban-name heuristic
27,501,3991,530169,Khadki Bk (CT),Census 2011 urban-name heuristic
27,501,3991,802676,Akola (M Corp.),Census 2011 urban-name heuristic
27,501,3992,802677,Murtijapur (M Cl),Census 2011 urban-name heuristic
27,501,3993,802678,Patur (M Cl),Census 2011 urban-name heuristic
27,502,3996,802679,Mangrulpir (M Cl),Census 2011 urban-name heuristic
27,502,3997,802680,Karanja (M Cl),Census 2011 urban-name heuristic
27,502,3999,802681,Washim (M Cl),Census 2011 urban-name heuristic
27,502,4000,802682,Risod (M Cl),Census 2011 urban-name heuristic
27,503,4001,531532,Dharni (CT),Census 2011 urban-name heuristic
27,503,4002,802683,Chikhaldara (M Cl),Census 2011 urban-name heuristic
27,503,4003,802684,Anjangaon (M Cl),Census 2011 urban-name heuristic
27,503,4004,802685,Achalpur (M Cl),Census 2011 urban-name heuristic
27,503,4005,802686,Chandurbazar (M Cl),Census 2011 urban-name heuristic
27,503,4006,802687,Morshi (M Cl),Census 2011 urban-name heuristic
27,503,4007,802688,Warud (M Cl),Census 2011 urban-name heuristic
27,503,4007,802689,Shendurjana (M Cl),Census 2011 urban-name heuristic
27,503,4009,802690,Amravati (M Corp.),Census 2011 urban-name heuristic
27,503,4011,802691,Daryapur Banosa (M Cl),Census 2011 urban-name heuristic
27,503,4013,802692,Chandur Railway (M Cl),Census 2011 urban-name heuristic
27,503,4014,802693,Dattapur Dhamangaon (M Cl),Census 2011 urban-name heuristic
27,504,4017,802694,Arvi (M Cl),Census 2011 urban-name heuristic
27,504,4018,802695,Sindi (M Cl),Census 2011 urban-name heuristic
27,504,4019,534191,Pipri (CT),Census 2011 urban-name heuristic
27,504,4019,534192,Sindi Turf Hindnagar (CT),Census 2011 urban-name heuristic
27,504,4019,534193,Warud (CT),Census 2011 urban-name heuristic
27,504,4019,534194,Masala (CT),Census 2011 urban-name heuristic
27,504,4019,534195,Nalwadi (CT),Census 2011 urban-name heuristic
27,504,4019,534196,Borgaon (Meghe) (CT),Census 2011 urban-name heuristic
27,504,4019,534197,Sawangi (Meghe) (CT),Census 2011 urban-name heuristic
27,504,4019,802696,Wardha (M Cl),Census 2011 urban-name heuristic
27,504,4020,802697,Pulgaon (M Cl),Census 2011 urban-name heuristic
27,504,4020,802698,Deoli (M Cl),Census 2011 urban-name heuristic
27,504,4021,802699,Hinganghat (M Cl),Census 2011 urban-name heuristic
27,505,4023,802700,Mowad (M Cl),Census 2011 urban-name heuristic
27,505,4023,802701,Narkhed (M Cl),Census 2011 urban-name heuristic
27,505,4024,802702,Katol (M Cl),Census 2011 urban-name heuristic
27,505,4025,535202,Bamhni (CT),Census 2011 urban-name heuristic
27,505,4025,802703,Kalameshwar (M Cl),Census 2011 urban-name heuristic
27,505,4025,802704,Mohpa (M Cl),Census 2011 urban-name heuristic
27,505,4026,535332,Waghoda (CT),Census 2011 urban-name heuristic
27,505,4026,535333,Walani (CT),Census 2011 urban-name heuristic
27,505,4026,535334,Sillewada (CT),Census 2011 urban-name heuristic
27,505,4026,535335,Chandkapur (CT),Census 2011 urban-name heuristic
27,505,4026,535336,Chicholi (CT),Census 2011 urban-name heuristic
27,505,4026,802705,Savner (M Cl),Census 2011 urban-name heuristic
27,505,4026,802706,Khapa (M Cl),Census 2011 urban-name heuristic
27,505,4027,535451,Tekadi (CT),Census 2011 urban-name heuristic
27,505,4027,535452,Kanhan (Pipri) (CT),Census 2011 urban-name heuristic
27,505,4027,535453,Kandri (CT),Census 2011 urban-name heuristic
27,505,4028,535610,Kandri (CT),Census 2011 urban-name heuristic
27,505,4028,802707,Ramtek (M Cl),Census 2011 urban-name heuristic
27,505,4029,535734,Mouda (CT),Census 2011 urban-name heuristic
27,505,4030,535809,Mahadula (CT),Census 2011 urban-name heuristic
27,505,4030,535810,Koradi (CT),Census 2011 urban-name heuristic
27,505,4030,535811,Yerkheda (CT),Census 2011 urban-name heuristic
27,505,4030,802708,Kamptee (M Cl),Census 2011 urban-name heuristic
27,505,4030,802709,Kamptee (CB),Census 2011 urban-name heuristic
27,505,4031,535965,Bhokara (CT),Census 2011 urban-name heuristic
27,505,4031,535966,Narsala (CT),Census 2011 urban-name heuristic
27,505,4031,535967,Hudkeshwar bk. (CT),Census 2011 urban-name heuristic
27,505,4031,535968,Borkhedi (CT),Census 2011 urban-name heuristic
27,505,4031,535969,Bori (CT),Census 2011 urban-name heuristic
27,505,4031,535970,Wadi (CT),Census 2011 urban-name heuristic
27,505,4031,535971,Davlameti (CT),Census 2011 urban-name heuristic
27,505,4031,535972,Sonegaon (Nipani) (CT),Census 2011 urban-name heuristic
27,505,4032,802710,Nagpur (M Corp.),Census 2011 urban-name heuristic
27,505,4033,536123,Nildoh (CT),Census 2011 urban-name heuristic
27,505,4033,536124,Digdoh (CT),Census 2011 urban-name heuristic
27,505,4033,536125,Wanadongri (CT),Census 2011 urban-name heuristic
27,505,4033,536126,Waddhamana (CT),Census 2011 urban-name heuristic
27,505,4033,536127,Nagalwadi (CT),Census 2011 urban-name heuristic
27,505,4033,536128,Isasani (CT),Census 2011 urban-name heuristic
27,505,4033,536129,Takalghat (CT),Census 2011 urban-name heuristic
27,505,4034,536245,Tambekhani (m),Census 2011 urban-name heuristic
27,505,4034,802711,Umred (M Cl),Census 2011 urban-name heuristic
27,506,4037,536793,Chikhala (CT),Census 2011 urban-name heuristic
27,506,4037,802712,Tumsar (M Cl),Census 2011 urban-name heuristic
27,506,4038,536901,Warthi (CT),Census 2011 urban-name heuristic
27,506,4039,537068,Thana (CT),Census 2011 urban-name heuristic
27,506,4039,537069,Shahapur (CT),Census 2011 urban-name heuristic
27,506,4039,537070,Bela (CT),Census 2011 urban-name heuristic
27,506,4039,537071,Ganeshpur (CT),Census 2011 urban-name heuristic
27,506,4039,537072,Sawari Jawharnagar (CT),Census 2011 urban-name heuristic
27,506,4039,802713,Bhandara (M Cl),Census 2011 urban-name heuristic
27,506,4040,537168,Sakoli (CT),Census 2011 urban-name heuristic
27,506,4041,537272,Murmadi (CT),Census 2011 urban-name heuristic
27,506,4042,802714,Pauni (M Cl),Census 2011 urban-name heuristic
27,507,4044,802715,Tirora (M Cl),Census 2011 urban-name heuristic
27,507,4046,537887,Kudwa (CT),Census 2011 urban-name heuristic
27,507,4046,537888,Katangi Kala (CT),Census 2011 urban-name heuristic
27,507,4046,537889,Fulchur (CT),Census 2011 urban-name heuristic
27,507,4046,537890,Khamari (CT),Census 2011 urban-name heuristic
27,507,4046,802716,Gondiya (M Cl),Census 2011 urban-name heuristic
27,507,4047,537972,Amgaon bk. (CT),Census 2011 urban-name heuristic
27,507,4047,537973,Risama (CT),Census 2011 urban-name heuristic
27,507,4048,538065,Amgaon kh. (CT),Census 2011 urban-name heuristic
27,507,4051,538467,Deori (CT),Census 2011 urban-name heuristic
27,508,4052,802717,Desaiganj (M Cl),Census 2011 urban-name heuristic
27,508,4054,538734,Kurkheda (CT),Census 2011 urban-name heuristic
27,508,4057,802718,Gadchiroli (M Cl),Census 2011 urban-name heuristic
27,508,4058,539421,Ashti (CT),Census 2011 urban-name heuristic
27,508,4060,539528,Karrem (m),Census 2011 urban-name heuristic
27,508,4060,539530,Kanhalgaon (m),Census 2011 urban-name heuristic
27,508,4060,539549,Zurri (m),Census 2011 urban-name heuristic
27,508,4060,539556,Waghezari (m),Census 2011 urban-name heuristic
27,508,4060,539561,Sewari (m),Census 2011 urban-name heuristic
27,508,4060,539563,Kukeli (m),Census 2011 urban-name heuristic
27,508,4060,539569,Burgi (m),Census 2011 urban-name heuristic
27,508,4060,539573,Kornar (m),Census 2011 urban-name heuristic
27,508,4060,539574,Kothi (m),Census 2011 urban-name heuristic
27,508,4060,539576,Wattegatta(m),Census 2011 urban-name heuristic
27,508,4060,539578,Bater (m),Census 2011 urban-name heuristic
27,508,4060,539579,Maveli(m),Census 2011 urban-name heuristic
27,508,4060,539582,Nagulwadi (m),Census 2011 urban-name heuristic
27,508,4060,539589,Todgatta (m),Census 2011 urban-name heuristic
27,508,4060,539590,Hindur (m),Census 2011 urban-name heuristic
27,508,4060,539592,Hikker (m),Census 2011 urban-name heuristic
27,508,4060,539603,Puske (m),Census 2011 urban-name heuristic
27,508,4060,539604,Nender (m),Census 2011 urban-name heuristic
27,508,4060,539607,Godeli (m),Census 2011 urban-name heuristic
27,508,4060,539611,Adange (m),Census 2011 urban-name heuristic
27,508,4060,539622,Pusumpalli (m),Census 2011 urban-name heuristic
27,508,4060,539626,Gorgatta (m),Census 2011 urban-name heuristic
27,508,4060,539627,Kunjemarka (m),Census 2011 urban-name heuristic
27,508,4060,539632,Ekansur (m),Census 2011 urban-name heuristic
27,508,4060,539635,Alenga (m),Census 2011 urban-name heuristic
27,508,4060,539638,Tambada (m),Census 2011 urban-name heuristic
27,508,4060,539639,Doddi (m),Census 2011 urban-name heuristic
27,508,4060,539640,Barsewada (m),Census 2011 urban-name heuristic
27,508,4060,539646,Bande (m),Census 2011 urban-name heuristic
27,508,4060,539654,Jaweli (m),Census 2011 urban-name heuristic
27,508,4060,539664,Aldandi (m),Census 2011 urban-name heuristic
27,508,4060,539665,Pandelwahi (m),Census 2011 urban-name heuristic
27,508,4060,539666,Karrem (m),Census 2011 urban-name heuristic
27,508,4060,539669,Tatigudam (m),Census 2011 urban-name heuristic
27,508,4060,539673,Fundi (m),Census 2011 urban-name heuristic
27,508,4060,539675,Udera (m),Census 2011 urban-name heuristic
27,508,4060,539677,Kondawahi (m),Census 2011 urban-name heuristic
27,508,4060,539678,Pindiguddam(m),Census 2011 urban-name heuristic
27,508,4060,539680,Paima (m),Census 2011 urban-name heuristic
27,508,4060,539682,Mangutha (m),Census 2011 urban-name heuristic
27,508,4060,539684,Kandoli (m),Census 2011 urban-name heuristic
27,508,4061,539691,Kucher (m),Census 2011 urban-name heuristic
27,508,4061,539695,Badsi (m),Census 2011 urban-name heuristic
27,508,4061,539701,Fulcher(m),Census 2011 urban-name heuristic
27,508,4061,539705,Dirangi (m),Census 2011 urban-name heuristic
27,508,4061,539708,Fodewada (m),Census 2011 urban-name heuristic
27,508,4061,539712,Halodandi (m),Census 2011 urban-name heuristic
27,508,4061,539722,Fundi (m),Census 2011 urban-name heuristic
27,508,4061,539730,Hindur (m),Census 2011 urban-name heuristic
27,508,4061,539732,Hodari (m),Census 2011 urban-name heuristic
27,508,4061,539733,Binagunda (m),Census 2011 urban-name heuristic
27,508,4061,539734,Wengurwada (m),Census 2011 urban-name heuristic
27,508,4061,539738,Tadpar (M),Census 2011 urban-name heuristic
27,508,4061,539740,Hitapadi (m),Census 2011 urban-name heuristic
27,508,4061,539745,Kosfundi(m),Census 2011 urban-name heuristic
27,508,4061,539748,Irakdumme(m),Census 2011 urban-name heuristic
27,508,4061,539760,Hindewade (m),Census 2011 urban-name heuristic
27,508,4061,539763,Laheri (m),Census 2011 urban-name heuristic
27,508,4061,539765,Bangadi (m),Census 2011 urban-name heuristic
27,508,4061,539768,Kucher (m),Census 2011 urban-name heuristic
27,508,4061,539769,Bhusewada (m),Census 2011 urban-name heuristic
27,508,4061,539775,Zareguda (m),Census 2011 urban-name heuristic
27,508,4061,539781,Goranur (m),Census 2011 urban-name heuristic
27,508,4061,539790,Koyar (m),Census 2011 urban-name heuristic
27,508,4061,539792,Nulwara (m),Census 2011 urban-name heuristic
27,508,4061,539793,Japeli (m),Census 2011 urban-name heuristic
27,508,4061,539796,Gongwada (m),Census 2011 urban-name heuristic
27,508,4061,539797,Nelgunda (m),Census 2011 urban-name heuristic
27,508,4062,539832,Appapalli (m),Census 2011 urban-name heuristic
27,508,4062,539863,Abanpalli (m),Census 2011 urban-name heuristic
27,508,4062,539866,Indaram (m),Census 2011 urban-name heuristic
27,508,4062,539884,Aldandi (m),Census 2011 urban-name heuristic
27,508,4062,539927,Bhangaram Petta (m),Census 2011 urban-name heuristic
27,508,4062,539956,Lakhanguda (m),Census 2011 urban-name heuristic
27,508,4062,539976,Asali (m),Census 2011 urban-name heuristic
27,508,4062,539998,Aheri (CT),Census 2011 urban-name heuristic
27,508,4063,540146,Sironcha Ry. (CT),Census 2011 urban-name heuristic
27,509,4064,802719,Warora (M Cl),Census 2011 urban-name heuristic
27,509,4067,802720,Brahmapuri (M Cl),Census 2011 urban-name heuristic
27,509,4070,541242,Shivaji Nagar (CT),Census 2011 urban-name heuristic
27,509,4070,802721,Bhadravati (M Cl),Census 2011 urban-name heuristic
27,509,4071,541334,Kondumal (CT),Census 2011 urban-name heuristic
27,509,4071,541335,Durgapur (CT),Census 2011 urban-name heuristic
27,509,4071,541336,Urjanagar (CT),Census 2011 urban-name heuristic
27,509,4071,541337,Tadali (CT),Census 2011 urban-name heuristic
27,509,4071,541338,Padoli (CT),Census 2011 urban-name heuristic
27,509,4071,541339,Ghugus (CT),Census 2011 urban-name heuristic
27,509,4071,541340,Nakoda (CT),Census 2011 urban-name heuristic
27,509,4071,802722,Chandrapur (M Cl),Census 2011 urban-name heuristic
27,509,4072,802723,Mul (M Cl),Census 2011 urban-name heuristic
27,509,4074,541549,Nandgaon Pode (CT),Census 2011 urban-name heuristic
27,509,4074,541550,Visapur (CT),Census 2011 urban-name heuristic
27,509,4074,802724,Ballarpur (M Cl),Census 2011 urban-name heuristic
27,509,4075,541661,Awalpur (CT),Census 2011 urban-name heuristic
27,509,4075,541662,Nanda (CT),Census 2011 urban-name heuristic
27,509,4075,541663,Chandur (CT),Census 2011 urban-name heuristic
27,509,4077,541855,Sasti (CT),Census 2011 urban-name heuristic
27,509,4077,541856,Dhopatala (CT),Census 2011 urban-name heuristic
27,509,4077,802725,Rajura (M Cl),Census 2011 urban-name heuristic
27,509,4078,541954,Gondpipri (CT),Census 2011 urban-name heuristic
27,510,4079,802726,Ner (M Cl),Census 2011 urban-name heuristic
27,510,4082,542500,Pimpalgaon (CT),Census 2011 urban-name heuristic
27,510,4082,542501,Yavatmal (R) (CT),Census 2011 urban-name heuristic
27,510,4082,542502,Waghapur (CT),Census 2011 urban-name heuristic
27,510,4082,542503,Lohara (CT),Census 2011 urban-name heuristic
27,510,4082,542504,Umarsara (CT),Census 2011 urban-name heuristic
27,510,4082,542505,Wadgaon Road (CT),Census 2011 urban-name heuristic
27,510,4082,802727,Yavatmal (M Cl),Census 2011 urban-name heuristic
27,510,4083,542651,Deogiri (CT),Census 2011 urban-name heuristic
27,510,4083,802728,Darwha (M Cl),Census 2011 urban-name heuristic
27,510,4084,802729,Digras (M Cl),Census 2011 urban-name heuristic
27,510,4085,542919,Shrirampur (CT),Census 2011 urban-name heuristic
27,510,4085,802730,Pusad (M Cl),Census 2011 urban-name heuristic
27,510,4086,543004,Soit (M),Census 2011 urban-name heuristic
27,510,4086,802731,Umarkhed (M Cl),Census 2011 urban-name heuristic
27,510,4089,802732,Ghatanji (M Cl),Census 2011 urban-name heuristic
27,510,4090,802733,Pandharkaoda (M Cl),Census 2011 urban-name heuristic
27,510,4094,544100,Rajur (CT),Census 2011 urban-name heuristic
27,510,4094,802734,Wani (M Cl),Census 2011 urban-name heuristic
27,511,4096,544383,Gokunda (CT),Census 2011 urban-name heuristic
27,511,4096,802735,Kinwat (M Cl),Census 2011 urban-name heuristic
27,511,4098,544533,Karla (M),Census 2011 urban-name heuristic
27,511,4098,544548,Khairgaon (m),Census 2011 urban-name heuristic
27,511,4098,802736,Hadgaon (M Cl),Census 2011 urban-name heuristic
27,511,4100,544752,Wajegaon (CT),Census 2011 urban-name heuristic
27,511,4100,544753,Dhanegaon (CT),Census 2011 urban-name heuristic
27,511,4100,544754,Balirampur (CT),Census 2011 urban-name heuristic
27,511,4100,802737,Nanded Waghala (M Corp.),Census 2011 urban-name heuristic
27,511,4101,544777,Pimpalkoutha (M),Census 2011 urban-name heuristic
27,511,4101,802738,Mudkhed (M Cl),Census 2011 urban-name heuristic
27,511,4102,802739,Bhokar (M Cl),Census 2011 urban-name heuristic
27,511,4103,802740,Peth Umri (M Cl),Census 2011 urban-name heuristic
27,511,4104,802741,Dharmabad (M Cl),Census 2011 urban-name heuristic
27,511,4105,545023,Rampur (M),Census 2011 urban-name heuristic
27,511,4105,802742,Kundalwadi (M Cl),Census 2011 urban-name heuristic
27,511,4105,802743,Biloli (M Cl),Census 2011 urban-name heuristic
27,511,4106,545108,Izatgaon (M),Census 2011 urban-name heuristic
27,511,4107,802744,Loha (M Cl),Census 2011 urban-name heuristic
27,511,4108,802745,Kandhar (M Cl),Census 2011 urban-name heuristic
27,511,4109,802746,Mukhed (M Cl),Census 2011 urban-name heuristic
27,511,4110,545681,Malegaon (M),Census 2011 urban-name heuristic
27,511,4110,802747,Deglur (M Cl),Census 2011 urban-name heuristic
27,512,4112,802748,Hingoli (M Cl),Census 2011 urban-name heuristic
27,512,4114,802749,Kalamnuri (M Cl),Census 2011 urban-name heuristic
27,512,4115,802750,Basmath (M Cl),Census 2011 urban-name heuristic
27,513,4116,802751,Sailu (M Cl),Census 2011 urban-name heuristic
27,513,4117,802752,Jintur (M Cl),Census 2011 urban-name heuristic
27,513,4118,802753,Parbhani (M Cl),Census 2011 urban-name heuristic
27,513,4119,802754,Manwath (M Cl),Census 2011 urban-name heuristic
27,513,4120,802755,Pathri (M Cl),Census 2011 urban-name heuristic
27,513,4121,802756,Sonpeth (M Cl),Census 2011 urban-name heuristic
27,513,4122,802757,Gangakhed (M Cl),Census 2011 urban-name heuristic
27,513,4124,802758,Purna (M Cl),Census 2011 urban-name heuristic
27,514,4125,802759,Bhokardan (M Cl),Census 2011 urban-name heuristic
27,514,4127,802760,Jalna (M Cl),Census 2011 urban-name heuristic
27,514,4129,802761,Ambad (M Cl),Census 2011 urban-name heuristic
27,514,4131,802762,Partur (M Cl),Census 2011 urban-name heuristic
27,515,4133,802763,Kannad (M Cl),Census 2011 urban-name heuristic
27,515,4135,802764,Sillod (M Cl),Census 2011 urban-name heuristic
27,515,4137,548933,Wadgaon Kolhati (CT),Census 2011 urban-name heuristic
27,515,4137,548934,Satara (CT),Census 2011 urban-name heuristic
27,515,4137,548935,Pandharpur (CT),Census 2011 urban-name heuristic
27,515,4137,802765,Aurangabad (M Corp.),Census 2011 urban-name heuristic
27,515,4137,802766,Aurangabad (CB),Census 2011 urban-name heuristic
27,515,4138,802767,Khuldabad (M Cl),Census 2011 urban-name heuristic
27,515,4139,802768,Vaijapur (M Cl),Census 2011 urban-name heuristic
27,515,4140,549399,Anantpur (CT),Census 2011 urban-name heuristic
27,515,4140,549400,Harsul (CT),Census 2011 urban-name heuristic
27,515,4140,549401,Ranjangaon (s) (CT),Census 2011 urban-name heuristic
27,515,4140,549402,Waluj Bk. (CT),Census 2011 urban-name heuristic
27,515,4140,802769,Gangapur (M Cl),Census 2011 urban-name heuristic
27,515,4141,549592,Chitegaon (CT),Census 2011 urban-name heuristic
27,515,4141,802770,Paithan (M Cl),Census 2011 urban-name heuristic
27,516,4142,549684,Umbarde (M),Census 2011 urban-name heuristic
27,516,4142,549783,Surgana (CT),Census 2011 urban-name heuristic
27,516,4145,802771,Satana (M Cl),Census 2011 urban-name heuristic
27,516,4146,550299,Dyane (CT),Census 2011 urban-name heuristic
27,516,4146,550300,Soyagaon (CT),Census 2011 urban-name heuristic
27,516,4146,550301,Sangameshwar (CT),Census 2011 urban-name heuristic
27,516,4146,550302,Maldhe (CT),Census 2011 urban-name heuristic
27,516,4146,550303,Daregaon (OG),Census 2011 urban-name heuristic
27,516,4146,550304,Bhayagaon (OG),Census 2011 urban-name heuristic
27,516,4146,802772,Malegaon (M Corp. + OG),Census 2011 urban-name heuristic
27,516,4146,802772,Malegaon (M Corp.),Census 2011 urban-name heuristic
27,516,4147,802773,Nandgaon (M Cl),Census 2011 urban-name heuristic
27,516,4147,802774,Manmad (M Cl),Census 2011 urban-name heuristic
27,516,4148,550516,Chandvad (CT),Census 2011 urban-name heuristic
27,516,4151,802775,Trimbak (M Cl),Census 2011 urban-name heuristic
27,516,4152,551018,Samangaon (CT),Census 2011 urban-name heuristic
27,516,4152,551019,Vilholi (CT),Census 2011 urban-name heuristic
27,516,4152,551020,Sansari (CT),Census 2011 urban-name heuristic
27,516,4152,551021,Eklahare (CT),Census 2011 urban-name heuristic
27,516,4152,802776,Nashik (M Corp.),Census 2011 urban-name heuristic
27,516,4152,802777,Deolali (CB),Census 2011 urban-name heuristic
27,516,4152,802778,Bhagur (M Cl),Census 2011 urban-name heuristic
27,516,4153,551139,Ghoti Bk. (CT),Census 2011 urban-name heuristic
27,516,4153,802779,Igatpuri (M Cl),Census 2011 urban-name heuristic
27,516,4154,802780,Sinnar (M Cl),Census 2011 urban-name heuristic
27,516,4155,551404,Ozar (CT),Census 2011 urban-name heuristic
27,516,4155,551405,Lasalgaon (CT),Census 2011 urban-name heuristic
27,516,4155,551406,Pimpalgaon Najik (CT),Census 2011 urban-name heuristic
27,516,4156,802781,Yevla (M Cl),Census 2011 urban-name heuristic
27,517,4158,551750,Chinchani (CT),Census 2011 urban-name heuristic
27,517,4158,802782,Dahanu (M Cl),Census 2011 urban-name heuristic
27,517,4159,551844,Vikramgad (CT),Census 2011 urban-name heuristic
27,517,4160,802783,Jawhar (M Cl),Census 2011 urban-name heuristic
27,517,4162,552181,Kudus (CT),Census 2011 urban-name heuristic
27,517,4162,552182,Vada (CT),Census 2011 urban-name heuristic
27,517,4163,552386,Katkar (CT),Census 2011 urban-name heuristic
27,517,4163,552387,Boisar (CT),Census 2011 urban-name heuristic
27,517,4163,552388,Salwad (CT),Census 2011 urban-name heuristic
27,517,4163,552389,Dandi (CT),Census 2011 urban-name heuristic
27,517,4163,552390,Khaira (CT),Census 2011 urban-name heuristic
27,517,4163,552391,Saravali (CT),Census 2011 urban-name heuristic
27,517,4163,552392,Manor (CT),Census 2011 urban-name heuristic
27,517,4163,552393,Shirgaon (CT),Census 2011 urban-name heuristic
27,517,4163,552394,Umbar Pada Nandade (CT),Census 2011 urban-name heuristic
27,517,4163,552395,Tarapur (CT),Census 2011 urban-name heuristic
27,517,4163,552396,Pasthal (CT),Census 2011 urban-name heuristic
27,517,4163,802784,Palghar (M Cl),Census 2011 urban-name heuristic
27,517,4164,552447,Chandrapada (CT),Census 2011 urban-name heuristic
27,517,4164,802785,Vasai-Virar City (M Corp),Census 2011 urban-name heuristic
27,517,4165,802786,Mira-Bhayandar (M Corp.),Census 2011 urban-name heuristic
27,517,4165,802787,Thane (M Corp.),Census 2011 urban-name heuristic
27,517,4165,802788,Navi Mumbai (M Corp.),Census 2011 urban-name heuristic
27,517,4166,552675,Padagha (CT),Census 2011 urban-name heuristic
27,517,4166,552676,Shelar (CT),Census 2011 urban-name heuristic
27,517,4166,552677,Khoni (CT),Census 2011 urban-name heuristic
27,517,4166,552678,Mahapoli (CT),Census 2011 urban-name heuristic
27,517,4166,552679,Borivali Tarf Rahur (CT),Census 2011 urban-name heuristic
27,517,4166,552680,Kambe (CT),Census 2011 urban-name heuristic
27,517,4166,552681,Katai (CT),Census 2011 urban-name heuristic
27,517,4166,552682,Karivali (CT),Census 2011 urban-name heuristic
27,517,4166,552683,Kharbav (CT),Census 2011 urban-name heuristic
27,517,4166,552684,Rahanal (CT),Census 2011 urban-name heuristic
27,517,4166,552685,Purne (CT),Census 2011 urban-name heuristic
27,517,4166,552686,Kalher (CT),Census 2011 urban-name heuristic
27,517,4166,552687,Kon (CT),Census 2011 urban-name heuristic
27,517,4166,802789,Bhiwandi Nizampur (M Corp.),Census 2011 urban-name heuristic
27,517,4167,552913,Kasara Bk. (CT),Census 2011 urban-name heuristic
27,517,4167,552914,Shahapur (CT),Census 2011 urban-name heuristic
27,517,4167,552915,Vashind (CT),Census 2011 urban-name heuristic
27,517,4167,552916,Khardi (CT),Census 2011 urban-name heuristic
27,517,4167,552917,Gotheghar (CT),Census 2011 urban-name heuristic
27,517,4167,552918,Asangaon (CT),Census 2011 urban-name heuristic
27,517,4168,553005,Kambe (CT),Census 2011 urban-name heuristic
27,517,4168,553006,Mharal Bk (CT),Census 2011 urban-name heuristic
27,517,4168,802790,Kalyan-Dombivli (M Corp.),Census 2011 urban-name heuristic
27,517,4169,802791,Ulhasnagar (M Corp.),Census 2011 urban-name heuristic
27,517,4170,553083,Vangani (CT),Census 2011 urban-name heuristic
27,517,4170,802792,Badlapur (M Cl),Census 2011 urban-name heuristic
27,517,4170,802793,Ambarnath(M Cl),Census 2011 urban-name heuristic
27,517,4171,553290,Murbad (CT),Census 2011 urban-name heuristic
27,518,99999,802794,Greater Mumbai (M Corp.) (Part),Census 2011 urban-name heuristic
27,519,99999,802794,Greater Mumbai (M Corp.) (Part),Census 2011 urban-name heuristic
27,520,4172,553350,Kegaon (CT),Census 2011 urban-name heuristic
27,520,4172,553351,Navghar (CT),Census 2011 urban-name heuristic
27,520,4172,553352,Chanje (CT),Census 2011 urban-name heuristic
27,520,4172,553353,Jasai (CT),Census 2011 urban-name heuristic
27,520,4172,802795,Uran (M Cl),Census 2011 urban-name heuristic
27,520,4173,553512,Talode Panchnad (CT),Census 2011 urban-name heuristic
27,520,4173,553513,Kharghar (CT),Census 2011 urban-name heuristic
27,520,4173,553514,Navi Mumbai Panvel Raigarh (CT),Census 2011 urban-name heuristic
27,520,4173,553515,Palidevad (CT),Census 2011 urban-name heuristic
27,520,4173,553516,Vadghar (CT),Census 2011 urban-name heuristic
27,520,4173,553517,Owle (CT),Census 2011 urban-name heuristic
27,520,4173,553518,Kalundre (CT),Census 2011 urban-name heuristic
27,520,4173,802796,Panvel (M Cl),Census 2011 urban-name heuristic
27,520,4174,553695,Neral (CT),Census 2011 urban-name heuristic
27,520,4174,802797,Matheran (M Cl),Census 2011 urban-name heuristic
27,520,4174,802798,Karjat (M Cl),Census 2011 urban-name heuristic
27,520,4175,553817,Ambivali T. Wankhal (CT),Census 2011 urban-name heuristic
27,520,4175,553818,Mohpada Alias Wasambe (CT),Census 2011 urban-name heuristic
27,520,4175,553819,Rees (CT),Census 2011 urban-name heuristic
27,520,4175,802799,Khopoli (M Cl),Census 2011 urban-name heuristic
27,520,4176,553989,Dadar (CT),Census 2011 urban-name heuristic
27,520,4176,553990,Zotirpada (CT),Census 2011 urban-name heuristic
27,520,4176,802800,Pen (M Cl),Census 2011 urban-name heuristic
27,520,4177,554203,Ambepur (CT),Census 2011 urban-name heuristic
27,520,4177,554204,Chendhare (CT),Census 2011 urban-name heuristic
27,520,4177,554205,Kurul (CT),Census 2011 urban-name heuristic
27,520,4177,802801,Alibag (M Cl),Census 2011 urban-name heuristic
27,520,4178,802802,Murud Janjira (M Cl),Census 2011 urban-name heuristic
27,520,4179,554446,Nagothane (CT),Census 2011 urban-name heuristic
27,520,4179,554447,Bhuwaneshwar (CT),Census 2011 urban-name heuristic
27,520,4179,554448,Dhatau (CT),Census 2011 urban-name heuristic
27,520,4179,802803,Roha Ashtami (M Cl),Census 2011 urban-name heuristic
27,520,4180,554547,Pali (CT),Census 2011 urban-name heuristic
27,520,4181,554733,Utekhol (CT),Census 2011 urban-name heuristic
27,520,4181,554734,Goregaon (CT),Census 2011 urban-name heuristic
27,520,4183,554876,Borli Panchtan (CT),Census 2011 urban-name heuristic
27,520,4183,802804,Shrivardhan (M Cl),Census 2011 urban-name heuristic
27,520,4184,554960,Mhasla (CT),Census 2011 urban-name heuristic
27,520,4185,555142,Nadgaon Tarf Birwadi (CT),Census 2011 urban-name heuristic
27,520,4185,555143,Birwadi (CT),Census 2011 urban-name heuristic
27,520,4185,802805,Mahad (M Cl),Census 2011 urban-name heuristic
27,520,4186,555230,Poladpur (CT),Census 2011 urban-name heuristic
27,521,4187,802806,Junnar (M Cl),Census 2011 urban-name heuristic
27,521,4188,555557,Manchar (CT),Census 2011 urban-name heuristic
27,521,4189,555673,Koregaon Bhima (CT),Census 2011 urban-name heuristic
27,521,4189,555674,Sanaswadi (CT),Census 2011 urban-name heuristic
27,521,4189,802807,Shirur (M Cl),Census 2011 urban-name heuristic
27,521,4190,555861,Rajgurunagar (Khed) (CT),Census 2011 urban-name heuristic
27,521,4190,555862,Chakan (CT),Census 2011 urban-name heuristic
27,521,4190,555863,Kharabwadi (CT),Census 2011 urban-name heuristic
27,521,4190,555864,Nanekarwadi (CT),Census 2011 urban-name heuristic
27,521,4190,555865,Medankarwadi (CT),Census 2011 urban-name heuristic
27,521,4190,802808,Alandi (M Cl),Census 2011 urban-name heuristic
27,521,4191,556053,Wadagaon (CT),Census 2011 urban-name heuristic
27,521,4191,556054,Khadkale (CT),Census 2011 urban-name heuristic
27,521,4191,556055,Kusgaon Bk. (CT),Census 2011 urban-name heuristic
27,521,4191,802809,Talegaon Dabhade (M Cl),Census 2011 urban-name heuristic
27,521,4191,802810,Lonavala (M Cl),Census 2011 urban-name heuristic
27,521,4192,556201,Hinjavadi (CT),Census 2011 urban-name heuristic
27,521,4192,556202,Pirangut (CT),Census 2011 urban-name heuristic
27,521,4193,556326,Dehu (CT),Census 2011 urban-name heuristic
27,521,4193,556327,Wagholi (CT),Census 2011 urban-name heuristic
27,521,4193,556328,Yewalewadi (CT),Census 2011 urban-name heuristic
27,521,4193,802811,Pimpri Chinchwad (M Corp.),Census 2011 urban-name heuristic
27,521,4193,802812,Dehu Road (CB),Census 2011 urban-name heuristic
27,521,4194,802813,Pune (CB),Census 2011 urban-name heuristic
27,521,4194,802814,Pune (M Corp.),Census 2011 urban-name heuristic
27,521,4194,802815,Kirkee (CB),Census 2011 urban-name heuristic
27,521,4195,556432,Daund (CT),Census 2011 urban-name heuristic
27,521,4195,802816,Daund (M Cl),Census 2011 urban-name heuristic
27,521,4196,556541,Shivatkar (Nira) (CT),Census 2011 urban-name heuristic
27,521,4196,802817,Sasvad (M Cl),Census 2011 urban-name heuristic
27,521,4196,802818,Jejuri (M Cl),Census 2011 urban-name heuristic
27,521,4198,802819,Bhor (M Cl),Census 2011 urban-name heuristic
27,521,4199,556983,Jalochi (CT),Census 2011 urban-name heuristic
27,521,4199,802820,Baramati (M Cl),Census 2011 urban-name heuristic
27,521,4200,802821,Indapur (M Cl),Census 2011 urban-name heuristic
27,522,4201,557317,Rajur (CT),Census 2011 urban-name heuristic
27,522,4202,557488,Ghulewadi (CT),Census 2011 urban-name heuristic
27,522,4202,802822,Sangamner (M Cl),Census 2011 urban-name heuristic
27,522,4203,802823,Kopargaon (M Cl),Census 2011 urban-name heuristic
27,522,4204,802824,Shirdi (NP),Census 2011 urban-name heuristic
27,522,4204,802825,Rahta Pimplas (M Cl),Census 2011 urban-name heuristic
27,522,4205,802826,Shrirampur (M Cl),Census 2011 urban-name heuristic
27,522,4208,802827,Pathardi (M Cl),Census 2011 urban-name heuristic
27,522,4209,558166,Nagapur (CT),Census 2011 urban-name heuristic
27,522,4209,558167,Burhanagar (CT),Census 2011 urban-name heuristic
27,522,4209,558168,Nagardeole (CT),Census 2011 urban-name heuristic
27,522,4209,558169,Darewadi (CT),Census 2011 urban-name heuristic
27,522,4209,802828,Ahmadnagar (M Corp.),Census 2011 urban-name heuristic
27,522,4209,802829,Ahmadnagar (CB),Census 2011 urban-name heuristic
27,522,4210,802830,Rahuri (M Cl),Census 2011 urban-name heuristic
27,522,4210,802831,Deolali Pravara (M Cl),Census 2011 urban-name heuristic
27,522,4212,802832,Shrigonda (M Cl),Census 2011 urban-name heuristic
27,522,4213,558631,Karjat (CT),Census 2011 urban-name heuristic
27,522,4214,558718,Jamkhed (CT),Census 2011 urban-name heuristic
27,523,4215,558895,Ashti (CT),Census 2011 urban-name heuristic
27,523,4218,802833,Georai (M Cl),Census 2011 urban-name heuristic
27,523,4219,802834,Manjlegaon (M Cl),Census 2011 urban-name heuristic
27,523,4221,559688,Bid (Rural) (CT),Census 2011 urban-name heuristic
27,523,4221,802835,Bid (M Cl),Census 2011 urban-name heuristic
27,523,4222,802836,Kaij (NP),Census 2011 urban-name heuristic
27,523,4223,802837,Dharur (M Cl),Census 2011 urban-name heuristic
27,523,4224,802838,Parli (M Cl),Census 2011 urban-name heuristic
27,523,4225,802839,Ambejogai (M Cl),Census 2011 urban-name heuristic
27,524,4226,560210,Arvi (CT),Census 2011 urban-name heuristic
27,524,4226,802840,Latur (M Cl),Census 2011 urban-name heuristic
27,524,4228,802841,Ahmadpur (M Cl),Census 2011 urban-name heuristic
27,524,4232,802842,Ausa (M Cl),Census 2011 urban-name heuristic
27,524,4233,802843,Nilanga (M Cl),Census 2011 urban-name heuristic
27,524,4235,561037,Nideban (CT),Census 2011 urban-name heuristic
27,524,4235,802844,Udgir (M Cl),Census 2011 urban-name heuristic
27,525,4236,802845,Paranda (M Cl),Census 2011 urban-name heuristic
27,525,4237,802846,Bhum (M Cl),Census 2011 urban-name heuristic
27,525,4239,802847,Kalamb (M Cl),Census 2011 urban-name heuristic
27,525,4240,802848,Osmanabad (M Cl),Census 2011 urban-name heuristic
27,525,4241,802849,Tuljapur (M Cl),Census 2011 urban-name heuristic
27,525,4241,802850,Naldurg (M Cl),Census 2011 urban-name heuristic
27,525,4243,802851,Murum (M Cl),Census 2011 urban-name heuristic
27,525,4243,802852,Umarga (M Cl),Census 2011 urban-name heuristic
27,526,4244,802853,Karmala (M Cl),Census 2011 urban-name heuristic
27,526,4245,802854,Kurduvadi (M Cl),Census 2011 urban-name heuristic
27,526,4246,802855,Barshi (M Cl),Census 2011 urban-name heuristic
27,526,4247,802856,Solapur (M Corp.),Census 2011 urban-name heuristic
27,526,4249,802857,Pandharpur (M Cl),Census 2011 urban-name heuristic
27,526,4250,562511,Natepute (CT),Census 2011 urban-name heuristic
27,526,4250,562512,Akluj (CT),Census 2011 urban-name heuristic
27,526,4250,562513,Sangramnagar (CT),Census 2011 urban-name heuristic
27,526,4251,802858,Sangole (M Cl),Census 2011 urban-name heuristic
27,526,4252,802859,Mangalvedhe (M Cl),Census 2011 urban-name heuristic
27,526,4254,562906,Halhalli (M),Census 2011 urban-name heuristic
27,526,4254,562917,Chincholi (M),Census 2011 urban-name heuristic
27,526,4254,802860,Akkalkot (M Cl),Census 2011 urban-name heuristic
27,526,4254,802861,Maindargi (M Cl),Census 2011 urban-name heuristic
27,526,4254,802862,Dudhani (M Cl),Census 2011 urban-name heuristic
27,527,4255,802863,Mahabaleshwar (M Cl),Census 2011 urban-name heuristic
27,527,4255,802864,Panchgani (M Cl),Census 2011 urban-name heuristic
27,527,4256,563165,Songirwadi (Rural) (CT),Census 2011 urban-name heuristic
27,527,4256,802865,Wai (M Cl),Census 2011 urban-name heuristic
27,527,4257,563232,Lonand (CT),Census 2011 urban-name heuristic
27,527,4258,563358,Kolki (CT),Census 2011 urban-name heuristic
27,527,4258,802866,Phaltan (M Cl),Census 2011 urban-name heuristic
27,527,4259,802867,Mhaswad (M Cl),Census 2011 urban-name heuristic
27,527,4261,563744,Koregaon (CT),Census 2011 urban-name heuristic
27,527,4261,802868,Rahimatpur (M Cl),Census 2011 urban-name heuristic
27,527,4262,563956,Khed (CT),Census 2011 urban-name heuristic
27,527,4262,563957,Karanje Tarf Satara (CT),Census 2011 urban-name heuristic
27,527,4262,563958,Godoli (CT),Census 2011 urban-name heuristic
27,527,4262,563959,Kodoli (CT),Census 2011 urban-name heuristic
27,527,4262,802869,Satara (M Cl),Census 2011 urban-name heuristic
27,527,4263,564121,Medha (CT),Census 2011 urban-name heuristic
27,527,4264,564465,Patan (CT),Census 2011 urban-name heuristic
27,527,4265,564683,Hajarmachi (CT),Census 2011 urban-name heuristic
27,527,4265,564684,Saidapur (CT),Census 2011 urban-name heuristic
27,527,4265,564685,Karad (Rural) (CT),Census 2011 urban-name heuristic
27,527,4265,802870,Karad (M Cl),Census 2011 urban-name heuristic
27,527,4265,802871,Malkapur (NP),Census 2011 urban-name heuristic
27,528,4267,564968,Gimhavane (CT),Census 2011 urban-name heuristic
27,528,4267,564969,Jalgaon (CT),Census 2011 urban-name heuristic
27,528,4267,564970,Dabhol (CT),Census 2011 urban-name heuristic
27,528,4267,802872,Dapoli Camp (NP),Census 2011 urban-name heuristic
27,528,4268,802873,Khed (M Cl),Census 2011 urban-name heuristic
27,528,4269,565351,Kherdi (CT),Census 2011 urban-name heuristic
27,528,4269,802874,Chiplun (M Cl),Census 2011 urban-name heuristic
27,528,4270,565473,Mouje Anjanvel (CT),Census 2011 urban-name heuristic
27,528,4271,565670,Zadgaon (CT),Census 2011 urban-name heuristic
27,528,4271,565671,Nachane (CT),Census 2011 urban-name heuristic
27,528,4271,565672,Karle (CT),Census 2011 urban-name heuristic
27,528,4271,565673,Kuwarbav (CT),Census 2011 urban-name heuristic
27,528,4271,802875,Ratnagiri (M Cl),Census 2011 urban-name heuristic
27,528,4272,565872,Devrukh (CT),Census 2011 urban-name heuristic
27,528,4273,565995,Lanja (CT),Census 2011 urban-name heuristic
27,528,4274,802876,Rajapur (M Cl),Census 2011 urban-name heuristic
27,529,4277,566496,Kalmath (CT),Census 2011 urban-name heuristic
27,529,4277,802877,Kankavli (NP),Census 2011 urban-name heuristic
27,529,4278,802878,Malwan (M Cl),Census 2011 urban-name heuristic
27,529,4279,802879,Vengurla (M Cl),Census 2011 urban-name heuristic
27,529,4280,566839,Kudal (CT),Census 2011 urban-name heuristic
27,529,4281,566922,Majgaon (CT),Census 2011 urban-name heuristic
27,529,4281,566923,Banda (CT),Census 2011 urban-name heuristic
27,529,4281,802880,Sawantwadi (M Cl),Census 2011 urban-name heuristic
27,530,4283,802881,Malkapur (M Cl),Census 2011 urban-name heuristic
27,530,4284,567260,Wadi Ratnagiri (CT),Census 2011 urban-name heuristic
27,530,4284,802882,Panhala (M Cl),Census 2011 urban-name heuristic
27,530,4285,567319,Korochi (CT),Census 2011 urban-name heuristic
27,530,4285,567320,Kabnur (CT),Census 2011 urban-name heuristic
27,530,4285,567321,Hupari (CT),Census 2011 urban-name heuristic
27,530,4285,802883,Vadgaon Kasba (M Cl),Census 2011 urban-name heuristic
27,530,4285,802884,Ichalkaranji (M Cl),Census 2011 urban-name heuristic
27,530,4286,802885,Jaysingpur (M Cl),Census 2011 urban-name heuristic
27,530,4286,802886,Kurundvad (M Cl),Census 2011 urban-name heuristic
27,530,4287,567497,Ujalaiwadi (CT),Census 2011 urban-name heuristic
27,530,4287,567498,Gandhinagar (CT),Census 2011 urban-name heuristic
27,530,4287,567499,Uchgaon (CT),Census 2011 urban-name heuristic
27,530,4287,567500,Pachgaon (CT),Census 2011 urban-name heuristic
27,530,4287,567501,Morewadi (CT),Census 2011 urban-name heuristic
27,530,4287,567502,Gokul Shirgaon (CT),Census 2011 urban-name heuristic
27,530,4287,567503,Tamgaon (CT),Census 2011 urban-name heuristic
27,530,4287,567504,Kalambe T. Thane (CT),Census 2011 urban-name heuristic
27,530,4287,802887,Kolhapur (M Corp.),Census 2011 urban-name heuristic
27,530,4290,802888,Kagal (M Cl),Census 2011 urban-name heuristic
27,530,4290,802889,Murgud (M Cl),Census 2011 urban-name heuristic
27,530,4292,567964,Ajra (CT),Census 2011 urban-name heuristic
27,530,4293,802890,Gadhinglaj (M Cl),Census 2011 urban-name heuristic
27,531,4296,802891,Uran Islampur (M Cl),Census 2011 urban-name heuristic
27,531,4296,802892,Ashta (M Cl),Census 2011 urban-name heuristic
27,531,4299,802893,Vita (M Cl),Census 2011 urban-name heuristic
27,531,4301,802894,Tasgaon (M Cl),Census 2011 urban-name heuristic
27,531,4302,568717,Karoli (m),Census 2011 urban-name heuristic
27,531,4302,568758,Budhgaon (CT),Census 2011 urban-name heuristic
27,531,4302,568759,Madhavnagar (CT),Census 2011 urban-name heuristic
27,531,4302,802895,Sangli Miraj Kupwad (M Corp.),Census 2011 urban-name heuristic
27,531,4303,568806,Alkud (m),Census 2011 urban-name heuristic
27,531,4303,568811,Mhaisal (m),Census 2011 urban-name heuristic
28,0,0,802918,GHMC (M Corp. + OG),Census 2011 urban-name heuristic
28,532,0,802900,Bellampalle (M),Census 2011 urban-name heuristic
28,532,4306,569017,Dasnapur (CT),Census 2011 urban-name heuristic
28,532,4306,802896,Adilabad (M),Census 2011 urban-name heuristic
28,532,4318,802897,Kagaznagar (M),Census 2011 urban-name heuristic
28,532,4319,569539,Asifabad (CT),Census 2011 urban-name heuristic
28,532,4320,569557,Jainoor (CT),Census 2011 urban-name heuristic
28,532,4321,569596,Utnur (CT),Census 2011 urban-name heuristic
28,532,4322,569638,Ichoda (CT),Census 2011 urban-name heuristic
28,532,4339,802898,Bhainsa (M),Census 2011 urban-name heuristic
28,532,4342,570273,Potpalle (M),Census 2011 urban-name heuristic
28,532,4344,802899,Nirmal (M),Census 2011 urban-name heuristic
28,532,4347,570458,Thimmapur (CT),Census 2011 urban-name heuristic
28,532,4349,570509,Devapur (CT),Census 2011 urban-name heuristic
28,532,4349,570510,Kasipet (CT),Census 2011 urban-name heuristic
28,532,4349,802900,Bellampalle (M) (Part),Census 2011 urban-name heuristic
28,532,4350,802900,Bellampalle (M) (Part),Census 2011 urban-name heuristic
28,532,4352,570569,Kyathampalle (CT),Census 2011 urban-name heuristic
28,532,4352,802901,Mandamarri (M),Census 2011 urban-name heuristic
28,532,4353,570590,Luxettipet (CT),Census 2011 urban-name heuristic
28,532,4354,570612,Teegalpahad (CT),Census 2011 urban-name heuristic
28,532,4354,570613,Naspur (CT),Census 2011 urban-name heuristic
28,532,4354,570614,Thallapalle (CT),Census 2011 urban-name heuristic
28,532,4354,570615,Singapur (CT),Census 2011 urban-name heuristic
28,532,4354,570616,Seetarampalle (OG),Census 2011 urban-name heuristic
28,532,4354,802902,Mancherial (M),Census 2011 urban-name heuristic
28,532,4356,570685,Chennur (CT),Census 2011 urban-name heuristic
28,533,4358,570725,Abbapur (M),Census 2011 urban-name heuristic
28,533,4360,570780,Mamidipalle (OG),Census 2011 urban-name heuristic
28,533,4360,570781,Perkit (OG),Census 2011 urban-name heuristic
28,533,4360,802903,Armur (M),Census 2011 urban-name heuristic
28,533,4361,570807,Soanpet (CT),Census 2011 urban-name heuristic
28,533,4368,802904,Nizamabad (M Corp.),Census 2011 urban-name heuristic
28,533,4370,802905,Bodhan (M),Census 2011 urban-name heuristic
28,533,4377,571239,Ghanpur (CT),Census 2011 urban-name heuristic
28,533,4380,571300,Ghanpur (M),Census 2011 urban-name heuristic
28,533,4383,571384,Banswada (CT),Census 2011 urban-name heuristic
28,533,4386,571473,Yellareddy (CT),Census 2011 urban-name heuristic
28,533,4390,802906,Kamareddy (M),Census 2011 urban-name heuristic
28,534,0,802911,Karimnagar (M Corp. + OG),Census 2011 urban-name heuristic
28,534,4399,571754,Palakurthy (CT),Census 2011 urban-name heuristic
28,534,4399,571755,Raidandi (OG),Census 2011 urban-name heuristic
28,534,4399,571756,Kundanapalle (OG),Census 2011 urban-name heuristic
28,534,4399,571757,Lingapur (OG),Census 2011 urban-name heuristic
28,534,4399,802907,Ramagundam (M),Census 2011 urban-name heuristic
28,534,4400,571779,Jallaram (CT),Census 2011 urban-name heuristic
28,534,4400,571780,Ratnapur (CT),Census 2011 urban-name heuristic
28,534,4400,571781,Penchikalpet (OG),Census 2011 urban-name heuristic
28,534,4400,571782,Sundilla (OG),Census 2011 urban-name heuristic
28,534,4408,571999,Peddapalle (CT),Census 2011 urban-name heuristic
28,534,4414,572071,Tippannapet (OG) (Part),Census 2011 urban-name heuristic
28,534,4414,572081,Jagtial (R) (OG) (Part),Census 2011 urban-name heuristic
28,534,4414,572082,Kandlapalle (OG) (Part),Census 2011 urban-name heuristic
28,534,4414,572087,Dharur (OG) (Part),Census 2011 urban-name heuristic
28,534,4414,572090,Mothe (R) (OG) (Part),Census 2011 urban-name heuristic
28,534,4414,802908,Jagtial (M),Census 2011 urban-name heuristic
28,534,4416,802909,Koratla (M),Census 2011 urban-name heuristic
28,534,4417,802910,Metpalle (M),Census 2011 urban-name heuristic
28,534,4428,572319,Arepalle (OG) (Part),Census 2011 urban-name heuristic
28,534,4428,572321,Chintakunta (OG) (Part),Census 2011 urban-name heuristic
28,534,4428,572326,Rekurthi (CT),Census 2011 urban-name heuristic
28,534,4428,572328,Sitarampur (OG),Census 2011 urban-name heuristic
28,534,4428,572329,Bommakal (OG),Census 2011 urban-name heuristic
28,534,4428,802911,Karimnagar (M Corp. + OG) (Part),Census 2011 urban-name heuristic
28,534,4428,802911,Karimnagar (M Corp.),Census 2011 urban-name heuristic
28,534,4430,572368,Vemulawada (R) (CT),Census 2011 urban-name heuristic
28,534,4435,572449,Mushtipalle (OG) (Part),Census 2011 urban-name heuristic
28,534,4435,572450,Sircilla (R) (OG) (Part),Census 2011 urban-name heuristic
28,534,4435,802912,Sircilla (M),Census 2011 urban-name heuristic
28,534,4438,572527,Alugunur (OG),Census 2011 urban-name heuristic
28,534,4438,802911,Karimnagar (M Corp. + OG) (Part),Census 2011 urban-name heuristic
28,534,4440,572560,Dharmaram (P.B) (CT),Census 2011 urban-name heuristic
28,535,4452,572812,Narayankhed (CT),Census 2011 urban-name heuristic
28,535,4454,572862,Shankarampet (A) (CT),Census 2011 urban-name heuristic
28,535,4456,572925,Ausulpalle (OG),Census 2011 urban-name heuristic
28,535,4456,802913,Medak (M),Census 2011 urban-name heuristic
28,535,4459,572997,Siddipet (CT),Census 2011 urban-name heuristic
28,535,4459,572998,Narsapur (CT),Census 2011 urban-name heuristic
28,535,4459,572999,Imambad (OG),Census 2011 urban-name heuristic
28,535,4459,802914,Siddipet (M),Census 2011 urban-name heuristic
28,535,4466,573158,Chegunta (CT),Census 2011 urban-name heuristic
28,535,4474,573344,Buchnelli (OG) (Part),Census 2011 urban-name heuristic
28,535,4474,573373,Allipur (CT),Census 2011 urban-name heuristic
28,535,4474,573374,Pastapur (OG),Census 2011 urban-name heuristic
28,535,4474,573375,Tamadpalle (OG),Census 2011 urban-name heuristic
28,535,4474,573376,Hyderabad (OG),Census 2011 urban-name heuristic
28,535,4474,573377,Hothi(K) (OG),Census 2011 urban-name heuristic
28,535,4474,802915,Zahirabad (M),Census 2011 urban-name heuristic
28,535,4479,573524,Jogipet (CT),Census 2011 urban-name heuristic
28,535,4483,573642,Gajwel (CT),Census 2011 urban-name heuristic
28,535,4490,573837,Maddikunta (OG) (Part),Census 2011 urban-name heuristic
28,535,4490,573844,Siddapur ( R) (OG),Census 2011 urban-name heuristic
28,535,4490,573845,Nandikandi (OG),Census 2011 urban-name heuristic
28,535,4490,802916,Sadasivpet (M),Census 2011 urban-name heuristic
28,535,4492,573870,Chintalpalle (OG) (Part),Census 2011 urban-name heuristic
28,535,4492,573894,Pothreddipalle (CT),Census 2011 urban-name heuristic
28,535,4492,573895,Eddumailaram (CT),Census 2011 urban-name heuristic
28,535,4492,802917,Sangareddy (M),Census 2011 urban-name heuristic
28,535,4493,573922,Bonthapalle (CT),Census 2011 urban-name heuristic
28,535,4493,573923,Annaram (CT),Census 2011 urban-name heuristic
28,535,4493,573924,Bollaram (CT),Census 2011 urban-name heuristic
28,535,4494,573945,Chitkul (CT),Census 2011 urban-name heuristic
28,535,4494,573946,Isnapur (CT),Census 2011 urban-name heuristic
28,535,4494,573947,Muthangi (CT),Census 2011 urban-name heuristic
28,535,4494,573948,Ameenapur (CT),Census 2011 urban-name heuristic
28,535,4494,573949,Bhanur (CT),Census 2011 urban-name heuristic
28,535,4494,802918,GHMC (M Corp.) (Part),Census 2011 urban-name heuristic
28,535,4495,573966,Tellapur (OG),Census 2011 urban-name heuristic
28,535,4495,573967,Bandlaguda (OG),Census 2011 urban-name heuristic
28,535,4495,802918,GHMC (M Corp. + OG) (Part),Census 2011 urban-name heuristic
28,535,4495,802918,GHMC (M Corp.) (Part),Census 2011 urban-name heuristic
28,536,4496,802918,GHMC (M Corp.) (Part),Census 2011 urban-name heuristic
28,536,4497,802918,GHMC (M Corp.) (Part),Census 2011 urban-name heuristic
28,536,4498,802918,GHMC (M Corp.) (Part),Census 2011 urban-name heuristic
28,536,4499,802919,Secunderabad (CB),Census 2011 urban-name heuristic
28,536,4500,802918,GHMC (M Corp.) (Part),Census 2011 urban-name heuristic
28,536,4501,573968,Osmania University (CT),Census 2011 urban-name heuristic
28,536,4501,802918,GHMC (M Corp.) (Part),Census 2011 urban-name heuristic
28,536,4502,802918,GHMC (M Corp.) (Part),Census 2011 urban-name heuristic
28,536,4503,802918,GHMC (M Corp.) (Part),Census 2011 urban-name heuristic
28,536,4504,802918,GHMC (M Corp.) (Part),Census 2011 urban-name heuristic
28,536,4505,802918,GHMC (M Corp.) (Part),Census 2011 urban-name heuristic
28,536,4506,802918,GHMC (M Corp.) (Part),Census 2011 urban-name heuristic
28,536,4507,802918,GHMC (M Corp.) (Part),Census 2011 urban-name heuristic
28,536,4508,802918,GHMC (M Corp.) (Part),Census 2011 urban-name heuristic
28,536,4509,802918,GHMC (M Corp.) (Part),Census 2011 urban-name heuristic
28,536,4510,802918,GHMC (M Corp.) (Part),Census 2011 urban-name heuristic
28,536,4511,802918,GHMC (M Corp.) (Part),Census 2011 urban-name heuristic
28,537,4516,802918,GHMC (M Corp.) (Part),Census 2011 urban-name heuristic
28,537,4517,802918,GHMC (M Corp.) (Part),Census 2011 urban-name heuristic
28,537,4518,574070,Dundigal (CT),Census 2011 urban-name heuristic
28,537,4518,574071,Bachpalle (CT),Census 2011 urban-name heuristic
28,537,4518,574072,Kompalle (CT),Census 2011 urban-name heuristic
28,537,4518,574073,Gagilapur (OG),Census 2011 urban-name heuristic
28,537,4518,574074,Dommara Pochampalle (OG),Census 2011 urban-name heuristic
28,537,4518,574075,Bahadurpalle (OG),Census 2011 urban-name heuristic
28,537,4518,574076,Bowrampet (OG),Census 2011 urban-name heuristic
28,537,4518,574077,Mallampet (OG),Census 2011 urban-name heuristic
28,537,4518,574078,Nizampet (OG),Census 2011 urban-name heuristic
28,537,4518,574079,Dulapalle (OG),Census 2011 urban-name heuristic
28,537,4518,802918,GHMC (M Corp. + OG) (Part),Census 2011 urban-name heuristic
28,537,4518,802918,GHMC (M Corp.) (Part),Census 2011 urban-name heuristic
28,537,4519,574108,Medchal (CT),Census 2011 urban-name heuristic
28,537,4520,573963,Singaipalle (OG),Census 2011 urban-name heuristic
28,537,4520,574137,Jawaharnagar (CT),Census 2011 urban-name heuristic
28,537,4520,802918,GHMC (M Corp. + OG) (Part),Census 2011 urban-name heuristic
28,537,4521,802918,GHMC (M Corp. + OG) (Part),Census 2011 urban-name heuristic
28,537,4521,802918,GHMC (M Corp.) (Part),Census 2011 urban-name heuristic
28,537,4522,574150,Nagaram (CT),Census 2011 urban-name heuristic
28,537,4522,574151,Ahmadguda (OG),Census 2011 urban-name heuristic
28,537,4522,574152,Rampalle (OG),Census 2011 urban-name heuristic
28,537,4522,802918,GHMC (M Corp. + OG) (Part),Census 2011 urban-name heuristic
28,537,4522,802918,GHMC (M Corp.) (Part),Census 2011 urban-name heuristic
28,537,4523,573965,Maktha Bibi Sahebguda (OG),Census 2011 urban-name heuristic
28,537,4523,574170,Ghatkesar (CT),Census 2011 urban-name heuristic
28,537,4523,574171,Boduppal (CT),Census 2011 urban-name heuristic
28,537,4523,574172,Medipalle (CT),Census 2011 urban-name heuristic
28,537,4523,574173,Peerzadguda (CT),Census 2011 urban-name heuristic
28,537,4523,574174,Chengicherla (OG),Census 2011 urban-name heuristic
28,537,4523,574175,Narepalle (OG),Census 2011 urban-name heuristic
28,537,4523,574176,Miyapur (OG),Census 2011 urban-name heuristic
28,537,4523,574177,Parvathapur (OG),Census 2011 urban-name heuristic
28,537,4523,802918,GHMC (M Corp. + OG) (Part),Census 2011 urban-name heuristic
28,537,4523,802918,GHMC (M Corp.) (Part),Census 2011 urban-name heuristic
28,537,4524,802918,GHMC (M Corp.) (Part),Census 2011 urban-name heuristic
28,537,4525,573960,Injapur (OG),Census 2011 urban-name heuristic
28,537,4525,573961,Kuntloor (OG),Census 2011 urban-name heuristic
28,537,4525,574202,Turkayamjal (CT),Census 2011 urban-name heuristic
28,537,4525,574203,Omerkhan Daira (CT),Census 2011 urban-name heuristic
28,537,4525,574204,Hathiguda (OG),Census 2011 urban-name heuristic
28,537,4525,574205,Tatti Annaram (OG),Census 2011 urban-name heuristic
28,537,4525,574206,Tatti Khana (OG),Census 2011 urban-name heuristic
28,537,4525,574207,Kalvancha (OG),Census 2011 urban-name heuristic
28,537,4525,574208,Manneguda (OG),Census 2011 urban-name heuristic
28,537,4525,574209,Toroor (Faroor) (OG),Census 2011 urban-name heuristic
28,537,4525,574210,Munganoor (OG),Census 2011 urban-name heuristic
28,537,4525,574211,Pedda Amberpet (Kalan) (OG),Census 2011 urban-name heuristic
28,537,4525,802918,GHMC (M Corp. + OG) (Part),Census 2011 urban-name heuristic
28,537,4525,802918,GHMC (M Corp.) (Part),Census 2011 urban-name heuristic
28,537,4526,573957,Balapur (OG),Census 2011 urban-name heuristic
28,537,4526,573958,Venkatapur (OG),Census 2011 urban-name heuristic
28,537,4526,573959,Mallapur (OG),Census 2011 urban-name heuristic
28,537,4526,574213,Jillalguda (CT),Census 2011 urban-name heuristic
28,537,4526,574214,Meerpet (CT),Census 2011 urban-name heuristic
28,537,4526,574215,Badangpet (CT),Census 2011 urban-name heuristic
28,537,4526,574216,Kothapet (CT),Census 2011 urban-name heuristic
28,537,4526,574217,Medibowli (OG),Census 2011 urban-name heuristic
28,537,4526,574218,Almasguda (OG),Census 2011 urban-name heuristic
28,537,4526,574219,Dawoodkhanguda (OG),Census 2011 urban-name heuristic
28,537,4526,574220,Chintalakunta (OG),Census 2011 urban-name heuristic
28,537,4526,574221,Renukapur (OG),Census 2011 urban-name heuristic
28,537,4526,574222,Jalpalle (OG),Census 2011 urban-name heuristic
28,537,4526,574223,Mamidipalle (OG),Census 2011 urban-name heuristic
28,537,4526,574224,Kurmalguda (OG),Census 2011 urban-name heuristic
28,537,4526,574225,Nadargul (OG),Census 2011 urban-name heuristic
28,537,4526,802918,GHMC (M Corp. + OG) (Part),Census 2011 urban-name heuristic
28,537,4526,802918,GHMC (M Corp.) (Part),Census 2011 urban-name heuristic
28,537,4527,573962,Hydershakot (OG),Census 2011 urban-name heuristic
28,537,4527,574242,Narsingi (CT),Census 2011 urban-name heuristic
28,537,4527,574243,Bandlaguda  (Jagir) (CT),Census 2011 urban-name heuristic
28,537,4527,574244,Kismatpur (CT),Census 2011 urban-name heuristic
28,537,4527,574245,Alizapur (OG),Census 2011 urban-name heuristic
28,537,4527,574246,Neknampur (OG),Census 2011 urban-name heuristic
28,537,4527,574247,Kokapet (OG),Census 2011 urban-name heuristic
28,537,4527,574248,Manikonda (Jagir) (OG),Census 2011 urban-name heuristic
28,537,4527,574249,Manikonda (Khalsa) (OG),Census 2011 urban-name heuristic
28,537,4527,574250,Puppalguda (OG),Census 2011 urban-name heuristic
28,537,4527,802918,GHMC (M Corp. + OG) (Part),Census 2011 urban-name heuristic
28,537,4527,802918,GHMC (M Corp.) (Part),Census 2011 urban-name heuristic
28,537,4530,802920,Vicarabad (M),Census 2011 urban-name heuristic
28,537,4534,802921,Tandur (M),Census 2011 urban-name heuristic
28,537,4535,574481,Masanpalle  (M),Census 2011 urban-name heuristic
28,537,4535,574503,Navandgi (CT),Census 2011 urban-name heuristic
28,537,4543,573964,Shahjadi Begum (OG),Census 2011 urban-name heuristic
28,537,4543,574760,Shamshabad (CT),Census 2011 urban-name heuristic
28,537,4543,574761,Satamrai (OG),Census 2011 urban-name heuristic
28,537,4543,574762,Pashambanda (OG),Census 2011 urban-name heuristic
28,537,4543,802918,GHMC (M Corp. + OG) (Part),Census 2011 urban-name heuristic
28,537,4546,574853,Ibrahimpatnam (Bagath) (CT),Census 2011 urban-name heuristic
28,538,4559,575211,Farooqnagar (CT),Census 2011 urban-name heuristic
28,538,4560,575227,Kothur (CT),Census 2011 urban-name heuristic
28,538,4567,575384,Jadcherla (CT),Census 2011 urban-name heuristic
28,538,4567,575385,Badepalle (CT),Census 2011 urban-name heuristic
28,538,4568,575390,Yedira (OG) (Part),Census 2011 urban-name heuristic
28,538,4568,575402,Boyapalle (CT),Census 2011 urban-name heuristic
28,538,4568,575403,Yenugonda (CT),Census 2011 urban-name heuristic
28,538,4568,575404,Mahbubnagar (R) (OG),Census 2011 urban-name heuristic
28,538,4568,802922,Mahbubnagar (M),Census 2011 urban-name heuristic
28,538,4570,802923,Narayanpet (NP),Census 2011 urban-name heuristic
28,538,4576,575593,Kalwakurthy (CT),Census 2011 urban-name heuristic
28,538,4578,575632,Vatwarlapalle (CT),Census 2011 urban-name heuristic
28,538,4579,575653,Achampet (CT),Census 2011 urban-name heuristic
28,538,4579,575654,Tangapur (CT),Census 2011 urban-name heuristic
28,538,4583,575744,Nagarkurnool (CT),Census 2011 urban-name heuristic
28,538,4587,575835,Chinnachintakunta (CT),Census 2011 urban-name heuristic
28,538,4592,575990,Atmakur (CT),Census 2011 urban-name heuristic
28,538,4593,576024,Kothakota (CT),Census 2011 urban-name heuristic
28,538,4595,802924,Wanaparthy (M),Census 2011 urban-name heuristic
28,538,4603,576225,Gadwal (R) (OG) (Part),Census 2011 urban-name heuristic
28,538,4603,802925,Gadwal (M),Census 2011 urban-name heuristic
28,539,4615,576515,Raghunathpur (CT),Census 2011 urban-name heuristic
28,539,4616,576531,Yadagirigutta (CT),Census 2011 urban-name heuristic
28,539,4626,0,Atmakur (M),Census 2011 urban-name heuristic
28,539,4628,802926,Bhongir (M),Census 2011 urban-name heuristic
28,539,4629,576801,Bibinagar (CT),Census 2011 urban-name heuristic
28,539,4630,576824,Pochampalle (CT),Census 2011 urban-name heuristic
28,539,4631,576841,Choutuppal (CT),Census 2011 urban-name heuristic
28,539,4632,576862,Ramannapeta (CT),Census 2011 urban-name heuristic
28,539,4633,576878,Chityala (CT),Census 2011 urban-name heuristic
28,539,4636,576931,Nakrekal (CT),Census 2011 urban-name heuristic
28,539,4638,576956,Pillalamarri (OG) (Part),Census 2011 urban-name heuristic
28,539,4638,576961,Kesaram (OG) (Part),Census 2011 urban-name heuristic
28,539,4638,802927,Suryapet (M),Census 2011 urban-name heuristic
28,539,4646,577105,Nalgonda (R) (OG),Census 2011 urban-name heuristic
28,539,4646,577106,Panagallu (R) (OG),Census 2011 urban-name heuristic
28,539,4646,577107,Gollaguda (R) (OG),Census 2011 urban-name heuristic
28,539,4646,577108,Arjalabavi (OG),Census 2011 urban-name heuristic
28,539,4646,577109,Gandhamvarigudem (OG),Census 2011 urban-name heuristic
28,539,4646,577110,Marriguda (OG),Census 2011 urban-name heuristic
28,539,4646,802928,Nalgonda (M),Census 2011 urban-name heuristic
28,539,4653,577258,Kondamallapalle (CT),Census 2011 urban-name heuristic
28,539,4653,577259,Devarakonda (CT),Census 2011 urban-name heuristic
28,539,4655,577305,Chandur (CT),Census 2011 urban-name heuristic
28,539,4659,577407,Vijayapuri North (CT),Census 2011 urban-name heuristic
28,539,4664,577496,Nandipahad (OG) (Part),Census 2011 urban-name heuristic
28,539,4664,802929,Miryalaguda (M),Census 2011 urban-name heuristic
28,539,4668,577573,Kodad (CT),Census 2011 urban-name heuristic
28,540,4676,577709,Ghanpur (Station) (CT),Census 2011 urban-name heuristic
28,540,4676,577710,Shivunipalle (CT),Census 2011 urban-name heuristic
28,540,4677,577729,Unikicherla (OG),Census 2011 urban-name heuristic
28,540,4678,577744,Bhimaram (CT),Census 2011 urban-name heuristic
28,540,4678,577745,Hasanparthy (OG),Census 2011 urban-name heuristic
28,540,4678,577746,Pegadapalle (OG),Census 2011 urban-name heuristic
28,540,4678,577747,Chinthagattu (OG),Census 2011 urban-name heuristic
28,540,4682,577841,Bhupalpalle (CT),Census 2011 urban-name heuristic
28,540,4686,577948,Kamalapuram (CT),Census 2011 urban-name heuristic
28,540,4695,578155,Enumamula (CT),Census 2011 urban-name heuristic
28,540,4695,578156,Kadipikonda (CT),Census 2011 urban-name heuristic
28,540,4695,578157,Mamnoor (CT),Census 2011 urban-name heuristic
28,540,4695,578159,Madikonda (OG),Census 2011 urban-name heuristic
28,540,4695,578160,Waddepalle (R ) (OG),Census 2011 urban-name heuristic
28,540,4695,578161,Palvelpula ( R) (OG),Census 2011 urban-name heuristic
28,540,4695,578162,Thimmapur (Haveli) (R ) (OG),Census 2011 urban-name heuristic
28,540,4695,578163,Nakkalapalle (OG),Census 2011 urban-name heuristic
28,540,4695,578164,Gopalpur (OG),Census 2011 urban-name heuristic
28,540,4695,802930,Warangal (M Corp.) (Part),Census 2011 urban-name heuristic
28,540,4699,802931,Jangaon (M),Census 2011 urban-name heuristic
28,540,4706,802930,Warangal (M Corp.) (Part),Census 2011 urban-name heuristic
28,540,4707,578158,Stambampalle (OG),Census 2011 urban-name heuristic
28,540,4707,578354,Gorrekunta (CT),Census 2011 urban-name heuristic
28,540,4707,578355,Dharmaram (OG),Census 2011 urban-name heuristic
28,540,4707,578356,Vasanthapur (OG),Census 2011 urban-name heuristic
28,540,4708,578369,Narsampet (CT),Census 2011 urban-name heuristic
28,540,4715,578549,Thorrur (CT),Census 2011 urban-name heuristic
28,540,4718,578603,Mahabubabad (CT),Census 2011 urban-name heuristic
28,540,4722,578679,Dornakal (CT),Census 2011 urban-name heuristic
28,541,4727,802932,Manugur (M),Census 2011 urban-name heuristic
28,541,4730,579086,Bhadrachalam (CT),Census 2011 urban-name heuristic
28,541,4736,579352,Sarapaka (CT),Census 2011 urban-name heuristic
28,541,4737,802933,Palwancha (M),Census 2011 urban-name heuristic
28,541,4738,579388,Laxmidevipalle (CT),Census 2011 urban-name heuristic
28,541,4738,579389,Chunchupalle (CT),Census 2011 urban-name heuristic
28,541,4738,579390,Garimellapadu (CT),Census 2011 urban-name heuristic
28,541,4738,802934,Kothagudem (M),Census 2011 urban-name heuristic
28,541,4740,579399,Romped (OG) (Part),Census 2011 urban-name heuristic
28,541,4740,579401,Sudimalla (OG) (Part),Census 2011 urban-name heuristic
28,541,4740,802935,Yellandu (M),Census 2011 urban-name heuristic
28,541,4751,802936,Sathupalle (NP),Census 2011 urban-name heuristic
28,541,4756,579664,Edulapuram (OG) (Part),Census 2011 urban-name heuristic
28,541,4757,579684,Ballepalle (CT),Census 2011 urban-name heuristic
28,541,4757,579685,Khanapuram Haveli (CT),Census 2011 urban-name heuristic
28,541,4757,802937,Khammam (M) (Part),Census 2011 urban-name heuristic
28,541,4757,802937,Khammam (M),Census 2011 urban-name heuristic
28,541,4766,579872,Madhira (CT),Census 2011 urban-name heuristic
28,542,4775,802938,Palasa Kasibugga (M),Census 2011 urban-name heuristic
28,542,4778,802939,Ichchapuram (M),Census 2011 urban-name heuristic
28,542,4780,580521,Sompeta (CT),Census 2011 urban-name heuristic
28,542,4783,580732,Hiramandalam (CT),Census 2011 urban-name heuristic
28,542,4784,580777,Palakonda (CT),Census 2011 urban-name heuristic
28,542,4789,581009,Tekkali (CT),Census 2011 urban-name heuristic
28,542,4796,802940,Rajam (NP),Census 2011 urban-name heuristic
28,542,4798,802941,Amadalavalasa (M),Census 2011 urban-name heuristic
28,542,4799,581460,Narasannapeta (CT),Census 2011 urban-name heuristic
28,542,4802,581544,Patrunivalasa (OG) (Part),Census 2011 urban-name heuristic
28,542,4802,581548,Patha Srikakulam (R) (OG) (Part),Census 2011 urban-name heuristic
28,542,4802,581553,Balaga (CT),Census 2011 urban-name heuristic
28,542,4802,581554,Arasavilli (R) (OG),Census 2011 urban-name heuristic
28,542,4802,802942,Srikakulam (M),Census 2011 urban-name heuristic
28,542,4803,581592,Ponduru (CT),Census 2011 urban-name heuristic
28,542,4806,581698,Kusalapuram (OG) (Part),Census 2011 urban-name heuristic
28,542,4806,581702,Thotapalem (OG) (Part),Census 2011 urban-name heuristic
28,543,4812,802943,Parvathipuram (M),Census 2011 urban-name heuristic
28,543,4816,802944,Bobbili (M),Census 2011 urban-name heuristic
28,543,4817,802945,Salur (M),Census 2011 urban-name heuristic
28,543,4825,582763,Gajapathinagaram (CT),Census 2011 urban-name heuristic
28,543,4826,582798,Sriramnagar (CT),Census 2011 urban-name heuristic
28,543,4827,582830,Cheepurupalle (CT),Census 2011 urban-name heuristic
28,543,4834,583085,Tummikapalle (CT),Census 2011 urban-name heuristic
28,543,4834,583086,Kothavalasa (CT),Census 2011 urban-name heuristic
28,543,4836,583129,Jammunarayanapuram ( R) (OG) (Part),Census 2011 urban-name heuristic
28,543,4836,583130,Kanapaka (CT),Census 2011 urban-name heuristic
28,543,4836,583131,Malicherla (CT),Census 2011 urban-name heuristic
28,543,4836,802946,Vizianagaram (M),Census 2011 urban-name heuristic
28,543,4837,583163,Jarjapupeta (CT),Census 2011 urban-name heuristic
28,543,4837,583164,Nellimarla (CT),Census 2011 urban-name heuristic
28,543,4839,583229,Chintalavalasa (CT),Census 2011 urban-name heuristic
28,544,4844,584103,Kantabamsuguda (CT),Census 2011 urban-name heuristic
28,544,4847,584800,Gudivada (CT),Census 2011 urban-name heuristic
28,544,4849,585377,Chintapalle (CT),Census 2011 urban-name heuristic
28,544,4854,585801,Narsipatnam (CT),Census 2011 urban-name heuristic
28,544,4854,585802,Peda Boddepalle (CT),Census 2011 urban-name heuristic
28,544,4865,586142,Tallavalsa (OG ) (Part),Census 2011 urban-name heuristic
28,544,4865,586149,Nerellavalasa (OG) (Part),Census 2011 urban-name heuristic
28,544,4865,586150,Mulakuddu (CT),Census 2011 urban-name heuristic
28,544,4865,802948,Bheemunipatnam (M),Census 2011 urban-name heuristic
28,544,4871,586202,Bowluvada (CT),Census 2011 urban-name heuristic
28,544,4871,802949,Anakapalle (M),Census 2011 urban-name heuristic
28,544,4872,586233,Chodavaram (CT),Census 2011 urban-name heuristic
28,544,4879,586424,Yelamanchili (CT),Census 2011 urban-name heuristic
28,544,4880,586455,Nakkapalle (CT),Census 2011 urban-name heuristic
28,544,4881,586474,Payakaraopeta (CT),Census 2011 urban-name heuristic
28,545,0,802952,Rajahmundry (M Corp. + OG),Census 2011 urban-name heuristic
28,545,0,802955,Kakinada (M Corp. + OG),Census 2011 urban-name heuristic
28,545,4890,802950,Tuni (M),Census 2011 urban-name heuristic
28,545,4892,587055,Arempudi (CT),Census 2011 urban-name heuristic
28,545,4895,587205,Rampachodavaram (CT),Census 2011 urban-name heuristic
28,545,4903,802951,Peddapuram (M),Census 2011 urban-name heuristic
28,545,4906,802952,Rajahmundry (M Corp. + OG) (Part),Census 2011 urban-name heuristic
28,545,4906,802952,Rajahmundry (M Corp.),Census 2011 urban-name heuristic
28,545,4907,587397,Katheru (CT),Census 2011 urban-name heuristic
28,545,4907,587398,Morampudi (CT),Census 2011 urban-name heuristic
28,545,4907,587399,Hukumpeta (CT),Census 2011 urban-name heuristic
28,545,4907,587400,Dowleswaram (CT),Census 2011 urban-name heuristic
28,545,4907,587401,Bommuru  (OG),Census 2011 urban-name heuristic
28,545,4907,587402,Rajahmundry  NMA  (OG),Census 2011 urban-name heuristic
28,545,4907,802952,Rajahmundry (M Corp. + OG) (Part),Census 2011 urban-name heuristic
28,545,4910,802953,Samalkot (M),Census 2011 urban-name heuristic
28,545,4911,587477,Kumarapuram (OG),Census 2011 urban-name heuristic
28,545,4911,802954,Pithapuram (M),Census 2011 urban-name heuristic
28,545,4913,587502,Ramanayyapeta (CT),Census 2011 urban-name heuristic
28,545,4913,587503,Suryaraopeta (CT),Census 2011 urban-name heuristic
28,545,4913,587504,Chidiga (CT),Census 2011 urban-name heuristic
28,545,4913,587505,Sarpavaram (OG),Census 2011 urban-name heuristic
28,545,4913,587506,Ganganapalle (OG),Census 2011 urban-name heuristic
28,545,4913,587507,Turangi  (OG),Census 2011 urban-name heuristic
28,545,4913,587508,Vakalapudi  (OG),Census 2011 urban-name heuristic
28,545,4913,802955,Kakinada (M Corp. + OG) (Part),Census 2011 urban-name heuristic
28,545,4914,802955,Kakinada (M Corp. + OG) (Part),Census 2011 urban-name heuristic
28,545,4914,802955,Kakinada (M Corp.),Census 2011 urban-name heuristic
28,545,4920,587583,Maredubaka (OG) (Part),Census 2011 urban-name heuristic
28,545,4920,802956,Mandapeta (M),Census 2011 urban-name heuristic
28,545,4924,802957,Ramachandrapuram (M),Census 2011 urban-name heuristic
28,545,4941,587890,Bandarulanka (CT),Census 2011 urban-name heuristic
28,545,4941,802958,Amalapuram (M),Census 2011 urban-name heuristic
28,546,4955,588238,Dwarakatirumala (CT),Census 2011 urban-name heuristic
28,546,4958,802959,Kovvur (M),Census 2011 urban-name heuristic
28,546,4960,802960,Nidadavole (M),Census 2011 urban-name heuristic
28,546,4961,588329,Kunchanapalle (OG) (Part),Census 2011 urban-name heuristic
28,546,4961,802961,Tadepalligudem (M),Census 2011 urban-name heuristic
28,546,4966,588420,Eluru (R) (OG) (Part),Census 2011 urban-name heuristic
28,546,4966,588421,Komadavolu (OG) (Part),Census 2011 urban-name heuristic
28,546,4966,588436,Sanivarapupeta (CT),Census 2011 urban-name heuristic
28,546,4966,588437,Satrampadu (CT),Census 2011 urban-name heuristic
28,546,4966,588438,Gavaravaram (CT),Census 2011 urban-name heuristic
28,546,4966,588439,Tangellamudi (CT),Census 2011 urban-name heuristic
28,546,4966,802962,Eluru (M Corp. + OG),Census 2011 urban-name heuristic
28,546,4966,802962,Eluru (M Corp.),Census 2011 urban-name heuristic
28,546,4972,588546,Mandapaka (OG) (Part),Census 2011 urban-name heuristic
28,546,4972,802963,Tanuku (M),Census 2011 urban-name heuristic
28,546,4984,588729,Chinamiram (OG) (Part),Census 2011 urban-name heuristic
28,546,4984,588730,Rayalam (R) (OG) (Part),Census 2011 urban-name heuristic
28,546,4984,802964,Bhimavaram (M),Census 2011 urban-name heuristic
28,546,4987,802965,Narasapur (M),Census 2011 urban-name heuristic
28,546,4988,588790,Ullamparru  (OG),Census 2011 urban-name heuristic
28,546,4988,588791,Poolapalle  (OG),Census 2011 urban-name heuristic
28,546,4988,588792,Palacole (R)  (OG),Census 2011 urban-name heuristic
28,546,4988,802966,Palacole (M),Census 2011 urban-name heuristic
28,547,0,802969,Vijayawada (M Corp. + OG),Census 2011 urban-name heuristic
28,547,4991,802967,Jaggaiahpet (M),Census 2011 urban-name heuristic
28,547,4997,588980,Nadim Tiruvuru (CT),Census 2011 urban-name heuristic
28,547,5003,589060,Tukkuluru (M),Census 2011 urban-name heuristic
28,547,5003,802968,Nuzvid (M),Census 2011 urban-name heuristic
28,547,5009,589205,Kondapalle (CT),Census 2011 urban-name heuristic
28,547,5009,589206,Ibrahimpatnam (CT),Census 2011 urban-name heuristic
28,547,5009,589207,Guntupalle (CT),Census 2011 urban-name heuristic
28,547,5010,802969,Vijayawada (M Corp.) (Part),Census 2011 urban-name heuristic
28,547,5011,589215,Ramavarappadu (CT),Census 2011 urban-name heuristic
28,547,5011,589216,Prasadampadu (CT),Census 2011 urban-name heuristic
28,547,5011,589217,Gollapudi (OG),Census 2011 urban-name heuristic
28,547,5011,589218,Jakkampudi (OG),Census 2011 urban-name heuristic
28,547,5011,589219,Ambapuram (OG),Census 2011 urban-name heuristic
28,547,5011,589220,Phiryadi Nainavaram (OG),Census 2011 urban-name heuristic
28,547,5011,589221,Pathapadu (OG),Census 2011 urban-name heuristic
28,547,5011,589222,Nunna (OG),Census 2011 urban-name heuristic
28,547,5011,589223,Enikepadu (OG),Census 2011 urban-name heuristic
28,547,5011,589224,Nidamanuru (OG),Census 2011 urban-name heuristic
28,547,5011,589225,Done Atkuru (OG),Census 2011 urban-name heuristic
28,547,5011,802969,Vijayawada (M Corp. + OG) (Part),Census 2011 urban-name heuristic
28,547,5011,802969,Vijayawada (M Corp.) (Part),Census 2011 urban-name heuristic
28,547,5021,802970,Gudivada (M),Census 2011 urban-name heuristic
28,547,5023,589503,Kankipadu (CT),Census 2011 urban-name heuristic
28,547,5024,589508,Kanuru (CT),Census 2011 urban-name heuristic
28,547,5024,589509,Poranki (CT),Census 2011 urban-name heuristic
28,547,5024,589510,Tadigadapa (CT),Census 2011 urban-name heuristic
28,547,5024,589511,Yenamalakuduru (CT),Census 2011 urban-name heuristic
28,547,5024,589512,Ganguru (OG),Census 2011 urban-name heuristic
28,547,5024,589513,Penamaluru (OG),Census 2011 urban-name heuristic
28,547,5024,802969,Vijayawada (M Corp. + OG) (Part),Census 2011 urban-name heuristic
28,547,5030,802971,Pedana (M),Census 2011 urban-name heuristic
28,547,5034,802972,Machilipatnam (M),Census 2011 urban-name heuristic
28,548,5040,802973,Macherla (M),Census 2011 urban-name heuristic
28,548,5047,802974,Piduguralla (NP),Census 2011 urban-name heuristic
28,548,5054,589981,Vaddeswaram (CT),Census 2011 urban-name heuristic
28,548,5054,589982,Undavalli (OG),Census 2011 urban-name heuristic
28,548,5054,802975,Tadepalle (M),Census 2011 urban-name heuristic
28,548,5055,589992,Navuluru (OG),Census 2011 urban-name heuristic
28,548,5055,589993,Atmakur (OG),Census 2011 urban-name heuristic
28,548,5055,802976,Mangalagiri (M),Census 2011 urban-name heuristic
28,548,5058,802977,Sattenapalle (M),Census 2011 urban-name heuristic
28,548,5062,590081,Brahmanapalle (OG) (Part),Census 2011 urban-name heuristic
28,548,5062,802978,Vinukonda (M),Census 2011 urban-name heuristic
28,548,5067,590154,Narasaraopet (R) (OG) (Part),Census 2011 urban-name heuristic
28,548,5067,590155,Lingamguntla Agraharam (OG) (Part),Census 2011 urban-name heuristic
28,548,5067,802979,Narasaraopet (M),Census 2011 urban-name heuristic
28,548,5070,802980,Chilakaluripet (M),Census 2011 urban-name heuristic
28,548,5074,590239,Peda Palakaluru (OG) (Part),Census 2011 urban-name heuristic
28,548,5074,590241,Gorantla (OG) (Part),Census 2011 urban-name heuristic
28,548,5074,802981,Guntur (M Corp. + OG),Census 2011 urban-name heuristic
28,548,5074,802981,Guntur (M Corp.),Census 2011 urban-name heuristic
28,548,5078,802982,Tenali (M),Census 2011 urban-name heuristic
28,548,5084,802983,Ponnur (M),Census 2011 urban-name heuristic
28,548,5093,802984,Bapatla (M),Census 2011 urban-name heuristic
28,548,5096,802985,Repalle (M),Census 2011 urban-name heuristic
28,549,5115,802986,Markapur (M),Census 2011 urban-name heuristic
28,549,5117,590896,Cumbum (CT),Census 2011 urban-name heuristic
28,549,5120,590988,Podili (CT),Census 2011 urban-name heuristic
28,549,5123,591016,Ipurupalem (OG) (Part),Census 2011 urban-name heuristic
28,549,5123,591018,Chirala (CT),Census 2011 urban-name heuristic
28,549,5123,802987,Chirala (M),Census 2011 urban-name heuristic
28,549,5124,591021,Kothapeta (OG) (Part),Census 2011 urban-name heuristic
28,549,5124,591023,Vetapalem (CT),Census 2011 urban-name heuristic
28,549,5133,591202,Giddaluru (CT),Census 2011 urban-name heuristic
28,549,5136,591289,Kanigiri (U) (CT),Census 2011 urban-name heuristic
28,549,5138,591317,Pernametta (OG) (Part),Census 2011 urban-name heuristic
28,549,5139,802988,Ongole (M),Census 2011 urban-name heuristic
28,549,5146,591504,Pamur (CT),Census 2011 urban-name heuristic
28,549,5148,802989,Kandukur (M),Census 2011 urban-name heuristic
28,549,5149,591552,Mulaguntapadu (CT),Census 2011 urban-name heuristic
28,549,5149,591553,Singarayakonda (RS) (CT),Census 2011 urban-name heuristic
28,550,5158,591711,Maddurupadu (OG) (Part),Census 2011 urban-name heuristic
28,550,5158,591720,Musunuru (OG) (Part),Census 2011 urban-name heuristic
28,550,5158,802990,Kavali (M),Census 2011 urban-name heuristic
28,550,5177,592097,Allipuram (OG) (Part),Census 2011 urban-name heuristic
28,550,5177,592100,Chintareddypalem (OG) (Part),Census 2011 urban-name heuristic
28,550,5177,592101,Gundlapalem (OG) (Part),Census 2011 urban-name heuristic
28,550,5177,592105,Buja Buja Nellore (CT),Census 2011 urban-name heuristic
28,550,5177,592106,Nellore (Bit.1) (OG),Census 2011 urban-name heuristic
28,550,5177,592107,Kallurpalle (OG),Census 2011 urban-name heuristic
28,550,5177,592108,Visavaviletipadu (OG),Census 2011 urban-name heuristic
28,550,5177,802991,Nellore (M Corp. + OG),Census 2011 urban-name heuristic
28,550,5177,802991,Nellore (M Corp.),Census 2011 urban-name heuristic
28,550,5184,592212,Chennur-II (OG) (Part),Census 2011 urban-name heuristic
28,550,5184,592213,Nellatur (OG) (Part),Census 2011 urban-name heuristic
28,550,5184,592230,Guduru (East) (OG),Census 2011 urban-name heuristic
28,550,5184,592231,Guduru  (west) (OG),Census 2011 urban-name heuristic
28,550,5187,592348,Somasanigunta (OG) (Part),Census 2011 urban-name heuristic
28,550,5187,802993,Venkatagiri (M),Census 2011 urban-name heuristic
28,550,5190,592487,Chillakuru (OG) (Part),Census 2011 urban-name heuristic
28,550,5194,592649,Vinnamala (CT),Census 2011 urban-name heuristic
28,550,5194,592650,L.A.Sagaram (CT),Census 2011 urban-name heuristic
28,550,5197,592765,Yerrabalem (CT),Census 2011 urban-name heuristic
28,550,5197,592766,Sulluru (Sullurpeta) (CT),Census 2011 urban-name heuristic
28,550,5198,592791,Tada Khandrika (CT),Census 2011 urban-name heuristic
28,551,0,802994,Badvel (M),Census 2011 urban-name heuristic
28,551,0,802998,Kadapa (M Corp. + OG),Census 2011 urban-name heuristic
28,551,5200,592856,Veparala (CT),Census 2011 urban-name heuristic
28,551,5200,592857,Dommara Nandyala (CT),Census 2011 urban-name heuristic
28,551,5210,802994,Badvel (M) (Part),Census 2011 urban-name heuristic
28,551,5211,802994,Badvel (M) (Part),Census 2011 urban-name heuristic
28,551,5214,593134,Gopavaram (CT),Census 2011 urban-name heuristic
28,551,5214,593135,Modameedipalle (CT),Census 2011 urban-name heuristic
28,551,5214,593136,Rameswaram (CT),Census 2011 urban-name heuristic
28,551,5214,593137,Bollavaram (R ) (OG),Census 2011 urban-name heuristic
28,551,5214,802995,Proddatur (M),Census 2011 urban-name heuristic
28,551,5215,593157,Moragudi (CT),Census 2011 urban-name heuristic
28,551,5215,802996,Jammalamadugu (NP),Census 2011 urban-name heuristic
28,551,5216,593180,Muddanur (CT),Census 2011 urban-name heuristic
28,551,5219,802997,Pulivendla (M),Census 2011 urban-name heuristic
28,551,5223,593289,Yerraguntla (CT),Census 2011 urban-name heuristic
28,551,5226,593342,Ramanapalle (OG) (Part),Census 2011 urban-name heuristic
28,551,5226,802998,Kadapa (M Corp. + OG) (Part),Census 2011 urban-name heuristic
28,551,5230,802998,Kadapa (M Corp.) (Part),Census 2011 urban-name heuristic
28,551,5231,593415,C.K.Dinne (OG) (Part),Census 2011 urban-name heuristic
28,551,5231,593417,Boggalapalle (OG) (Part),Census 2011 urban-name heuristic
28,551,5231,802998,Kadapa (M Corp. + OG) (Part),Census 2011 urban-name heuristic
28,551,5231,802998,Kadapa (M Corp.) (Part),Census 2011 urban-name heuristic
28,551,5239,593543,Chennamukkapalle (CT),Census 2011 urban-name heuristic
28,551,5239,802999,Rayachoti (M),Census 2011 urban-name heuristic
28,551,5243,593597,Nagireddipalle (CT),Census 2011 urban-name heuristic
28,551,5246,593655,Rajampet (R) (OG) (Part),Census 2011 urban-name heuristic
28,551,5246,803000,Rajampet (NP + OG),Census 2011 urban-name heuristic
28,551,5246,803000,Rajampet (NP),Census 2011 urban-name heuristic
28,551,5248,593708,Mangampeta (CT),Census 2011 urban-name heuristic
28,552,0,803002,Kurnool (M Corp. + OG),Census 2011 urban-name heuristic
28,552,5254,803001,Yemmiganur (M),Census 2011 urban-name heuristic
28,552,5258,593887,Laxmipuram (OG) (Part),Census 2011 urban-name heuristic
28,552,5258,593901,Peddapadu (OG),Census 2011 urban-name heuristic
28,552,5258,593902,Pandipadu (OG),Census 2011 urban-name heuristic
28,552,5258,803002,Kurnool (M Corp. + OG) (Part),Census 2011 urban-name heuristic
28,552,5259,593915,Rudravaram (OG) (Part),Census 2011 urban-name heuristic
28,552,5259,593921,Mamidalapadu (CT),Census 2011 urban-name heuristic
28,552,5259,593922,B. Thandrapadu (OG),Census 2011 urban-name heuristic
28,552,5259,593923,Dinnadevarapadu (OG),Census 2011 urban-name heuristic
28,552,5259,593924,Pasupula (OG),Census 2011 urban-name heuristic
28,552,5259,803002,Kurnool (M Corp. + OG) (Part),Census 2011 urban-name heuristic
28,552,5259,803002,Kurnool (M Corp.) (Part),Census 2011 urban-name heuristic
28,552,5271,594101,Mandagiri (OG),Census 2011 urban-name heuristic
28,552,5271,594102,Isvi (OG),Census 2011 urban-name heuristic
28,552,5271,594103,V.Kondapuram (OG),Census 2011 urban-name heuristic
28,552,5271,594104,Basapuram (OG),Census 2011 urban-name heuristic
28,552,5271,594105,Dhanapuram (OG),Census 2011 urban-name heuristic
28,552,5271,594106,Gonabavi (OG),Census 2011 urban-name heuristic
28,552,5271,803003,Adoni (M),Census 2011 urban-name heuristic
28,552,5279,594245,Bethamcherla (CT),Census 2011 urban-name heuristic
28,552,5284,594309,Udumalpuram (R) (OG) (Part),Census 2011 urban-name heuristic
28,552,5284,594317,Ayyalur (OG) (Part),Census 2011 urban-name heuristic
28,552,5284,594318,Moolasagaram (R) (OG),Census 2011 urban-name heuristic
28,552,5284,594319,Noonepalle (R) (OG),Census 2011 urban-name heuristic
28,552,5284,803004,Nandyal (M),Census 2011 urban-name heuristic
28,552,5288,594393,Banaganapalle (CT),Census 2011 urban-name heuristic
28,552,5288,594394,Banumukkala (CT),Census 2011 urban-name heuristic
28,552,5289,803005,Dhone (NP),Census 2011 urban-name heuristic
28,552,5295,594493,Ramapuram (CT),Census 2011 urban-name heuristic
28,552,5301,594601,Thummalamenta (CT),Census 2011 urban-name heuristic
28,553,0,803009,Anantapur (M Corp. + OG),Census 2011 urban-name heuristic
28,553,5305,803006,Rayadurg (M),Census 2011 urban-name heuristic
28,553,5309,803007,Guntakal (M),Census 2011 urban-name heuristic
28,553,5310,594760,Gooty (CT),Census 2011 urban-name heuristic
28,553,5313,803008,Tadpatri (M),Census 2011 urban-name heuristic
28,553,5317,594902,Uravakonda (CT),Census 2011 urban-name heuristic
28,553,5321,594956,Kalyandurg (CT),Census 2011 urban-name heuristic
28,553,5330,595096,Narayanapuram (CT),Census 2011 urban-name heuristic
28,553,5330,595097,Papampeta (CT),Census 2011 urban-name heuristic
28,553,5330,595098,Anantapur (CT),Census 2011 urban-name heuristic
28,553,5330,595099,Kakkalapalle (CT),Census 2011 urban-name heuristic
28,553,5330,803009,Anantapur (M Corp. + OG) (Part),Census 2011 urban-name heuristic
28,553,5330,803009,Anantapur (M Corp.),Census 2011 urban-name heuristic
28,553,5331,595101,Raptadu (OG) (Part),Census 2011 urban-name heuristic
28,553,5331,803009,Anantapur (M Corp. + OG) (Part),Census 2011 urban-name heuristic
28,553,5336,803010,Dharmavaram (M),Census 2011 urban-name heuristic
28,553,5343,803011,Kadiri (M),Census 2011 urban-name heuristic
28,553,5357,595452,Yenumalapalle (CT),Census 2011 urban-name heuristic
28,553,5363,595553,Somandepalle (CT),Census 2011 urban-name heuristic
28,553,5364,803012,Hindupur (M),Census 2011 urban-name heuristic
28,554,0,803014,Tirupati (M Corp. + OG),Census 2011 urban-name heuristic
28,554,5375,595719,Thummala Gunta (OG) (Part),Census 2011 urban-name heuristic
28,554,5375,595738,Cherlopalle (CT),Census 2011 urban-name heuristic
28,554,5375,595739,Perur (CT),Census 2011 urban-name heuristic
28,554,5375,595740,Avilala (CT),Census 2011 urban-name heuristic
28,554,5375,595741,Tiruchanur (CT),Census 2011 urban-name heuristic
28,554,5375,803014,Tirupati (M Corp. + OG) (Part),Census 2011 urban-name heuristic
28,554,5376,595773,Renigunta (CT),Census 2011 urban-name heuristic
28,554,5378,803013,Srikalahasti (M),Census 2011 urban-name heuristic
28,554,5383,596010,Tirumala (CT),Census 2011 urban-name heuristic
28,554,5383,596011,Tirupati (NMA) (CT),Census 2011 urban-name heuristic
28,554,5383,596012,Akkarampalle (CT),Census 2011 urban-name heuristic
28,554,5383,596013,Mangalam (CT),Census 2011 urban-name heuristic
28,554,5383,596014,Settipalle (OG),Census 2011 urban-name heuristic
28,554,5383,596015,Timminaidupalle  (OG),Census 2011 urban-name heuristic
28,554,5383,803014,Tirupati (M Corp. + OG) (Part),Census 2011 urban-name heuristic
28,554,5383,803014,Tirupati (M Corp.),Census 2011 urban-name heuristic
28,554,5386,596063,Pileru (CT),Census 2011 urban-name heuristic
28,554,5392,596131,Kollabaylu (OG) (Part),Census 2011 urban-name heuristic
28,554,5392,596132,Ponnetipalem (OG) (Part),Census 2011 urban-name heuristic
28,554,5392,596137,Madanapalle (R) (OG) (Part),Census 2011 urban-name heuristic
28,554,5392,596142,Basinikonda (OG) (Part),Census 2011 urban-name heuristic
28,554,5392,596145,Chippili (OG),Census 2011 urban-name heuristic
28,554,5392,596146,Venkappakota (OG),Census 2011 urban-name heuristic
28,554,5392,596147,Ankisettipalle (OG),Census 2011 urban-name heuristic
28,554,5392,596148,Pamaiahgaripalle (OG),Census 2011 urban-name heuristic
28,554,5392,596149,PappireddiPalle (OG),Census 2011 urban-name heuristic
28,554,5392,803015,Madanapalle (M),Census 2011 urban-name heuristic
28,554,5400,596289,Narayanavanam (CT),Census 2011 urban-name heuristic
28,554,5406,803016,Nagari (M),Census 2011 urban-name heuristic
28,554,5407,803017,Puttur (M),Census 2011 urban-name heuristic
28,554,5415,803018,Punganur (M),Census 2011 urban-name heuristic
28,554,5417,596593,Gangavaram (OG) (Part),Census 2011 urban-name heuristic
28,554,5421,596693,Tenabanda (OG) (Part),Census 2011 urban-name heuristic
28,554,5421,596706,Anupalle (OG) (Part),Census 2011 urban-name heuristic
28,554,5421,596725,Mangasamudram (CT),Census 2011 urban-name heuristic
28,554,5421,596726,Murakambattu (CT),Census 2011 urban-name heuristic
28,554,5421,596727,Doddipalle (OG),Census 2011 urban-name heuristic
28,554,5421,803019,Chittoor (M),Census 2011 urban-name heuristic
28,554,5422,596734,Moram (OG) (Part),Census 2011 urban-name heuristic
28,554,5422,803020,Palamaner (M),Census 2011 urban-name heuristic
28,554,5427,596973,Kuppam (CT),Census 2011 urban-name heuristic
29,555,5434,597300,Athni (OG) (Part),Census 2011 urban-name heuristic
29,555,5436,803029,Gokak Falls (NAC),Census 2011 urban-name heuristic
29,555,5438,597691,Goundawad (OG) (Part),Census 2011 urban-name heuristic
29,555,5438,597766,Shindoli (OG) (Part),Census 2011 urban-name heuristic
29,555,5438,597792,Kakati (CT),Census 2011 urban-name heuristic
29,555,5438,597793,Hindalgi (CT),Census 2011 urban-name heuristic
29,555,5438,597794,Kangrali (KH) (CT),Census 2011 urban-name heuristic
29,555,5438,597795,Kangrali (BK) (CT),Census 2011 urban-name heuristic
29,555,5438,597796,Sulebhavi (CT),Census 2011 urban-name heuristic
29,555,5438,597797,Sambra (CT),Census 2011 urban-name heuristic
29,555,5438,597798,Mutga (CT),Census 2011 urban-name heuristic
29,555,5438,597799,Benakanahalli (CT),Census 2011 urban-name heuristic
29,555,5438,597800,Peeranwadi (CT),Census 2011 urban-name heuristic
29,555,5438,597801,Machche (CT),Census 2011 urban-name heuristic
29,555,5438,597802,Yellur (CT),Census 2011 urban-name heuristic
29,555,5438,803033,Belgaum (M Corp. + OG),Census 2011 urban-name heuristic
29,555,5438,803033,Belgaum (M Corp.),Census 2011 urban-name heuristic
29,555,5438,803034,Belgaum Cantonment (CB),Census 2011 urban-name heuristic
29,555,5439,598021,Mouje Nandgad (CT),Census 2011 urban-name heuristic
29,555,5439,598022,Londa (CT),Census 2011 urban-name heuristic
29,555,5442,598376,Turanur (OG) (Part),Census 2011 urban-name heuristic
29,555,5442,598377,Kilabanur (OG) (Part),Census 2011 urban-name heuristic
29,556,5448,599026,Kamatgi (CT),Census 2011 urban-name heuristic
29,556,5448,599027,Aminagad (CT),Census 2011 urban-name heuristic
29,556,5448,599028,Gudur (CT),Census 2011 urban-name heuristic
29,558,5456,600120,Kamalnagar (CT),Census 2011 urban-name heuristic
29,558,5457,600255,Bag - E - Karanja (OG),Census 2011 urban-name heuristic
29,558,5457,600256,Aliabad (OG),Census 2011 urban-name heuristic
29,559,5459,600535,Hatti (CT),Census 2011 urban-name heuristic
29,559,5459,803065,Hatti Gold Mines(NAC),Census 2011 urban-name heuristic
29,559,5461,600884,Shaktinagar (CT),Census 2011 urban-name heuristic
29,560,5465,601485,Basapur(M),Census 2011 urban-name heuristic
29,560,5465,601490,Gudadur(M),Census 2011 urban-name heuristic
29,560,5465,601511,Rampur(M),Census 2011 urban-name heuristic
29,560,5466,601708,Waddarhatti (OG),Census 2011 urban-name heuristic
29,560,5467,601860,Munirabad Project Area (CT),Census 2011 urban-name heuristic
29,562,99999,803083,Hubli-Dharwad (M Corp.),Census 2011 urban-name heuristic
29,563,5478,602628,Kadwad (CT),Census 2011 urban-name heuristic
29,563,5478,602629,Chitakula (OG),Census 2011 urban-name heuristic
29,563,5480,602879,Ambikanagara (CT),Census 2011 urban-name heuristic
29,563,5482,603095,Tattilli (Mundgod) (CT),Census 2011 urban-name heuristic
29,563,5484,603404,Aversa (CT),Census 2011 urban-name heuristic
29,563,5484,603405,Bobruwada (CT),Census 2011 urban-name heuristic
29,563,5484,603406,Shirkuli (OG),Census 2011 urban-name heuristic
29,563,5484,603407,Tenkankeri (OG),Census 2011 urban-name heuristic
29,563,5484,603408,Laxmeshwar (OG),Census 2011 urban-name heuristic
29,563,5484,603409,Vandige (OG),Census 2011 urban-name heuristic
29,563,5485,603436,Holanagadde (OG) (Part),Census 2011 urban-name heuristic
29,563,5485,603452,Hegde (OG) (Part),Census 2011 urban-name heuristic
29,563,5485,603528,Kalbagh (OG),Census 2011 urban-name heuristic
29,563,5488,603877,Venkatapura (CT),Census 2011 urban-name heuristic
29,563,5488,603878,Jali (CT),Census 2011 urban-name heuristic
29,564,5491,604043,Neeralgi (M) Adur,Census 2011 urban-name heuristic
29,564,5491,604057,Basapur (M) Nidasangi,Census 2011 urban-name heuristic
29,564,5491,604078,Thimmapur (M) Nidasangi,Census 2011 urban-name heuristic
29,564,5491,604083,Shirmapur (M) Adur,Census 2011 urban-name heuristic
29,564,5491,604139,Channapur (M) Adur,Census 2011 urban-name heuristic
29,564,5491,604146,Lakamapur (M) Adur,Census 2011 urban-name heuristic
29,564,5491,604160,Basapur (M) Adur,Census 2011 urban-name heuristic
29,564,5491,604189,Yathinhalli (M) Tilavalli,Census 2011 urban-name heuristic
29,564,5495,604582,Kawalettu (CT),Census 2011 urban-name heuristic
29,564,5495,604583,Kodiyal (CT),Census 2011 urban-name heuristic
29,565,5500,803114,Bellary (M Corp.),Census 2011 urban-name heuristic
29,565,5501,605045,Donimalai Township (CT),Census 2011 urban-name heuristic
29,565,5501,605046,Vaddu (CT),Census 2011 urban-name heuristic
29,565,5501,605047,Kurekuppa (CT),Census 2011 urban-name heuristic
29,566,5505,605585,Medehalli (OG) (Part),Census 2011 urban-name heuristic
29,566,5505,605618,Matadakurubarahatti (CT),Census 2011 urban-name heuristic
29,566,5506,605820,Chikkajajur (CT),Census 2011 urban-name heuristic
29,567,5509,606288,Haralapura (CT),Census 2011 urban-name heuristic
29,567,5509,606289,Amaravathi (CT),Census 2011 urban-name heuristic
29,567,5509,606290,Guttur  (OG),Census 2011 urban-name heuristic
29,567,5512,803127,Davanagere (M Corp.),Census 2011 urban-name heuristic
29,569,5522,608758,Koteshwar (CT),Census 2011 urban-name heuristic
29,569,5523,608845,Varamballi (CT),Census 2011 urban-name heuristic
29,569,5523,608846,52 Heroor (CT),Census 2011 urban-name heuristic
29,569,5523,608847,Tonse East (CT),Census 2011 urban-name heuristic
29,569,5523,608848,Tenkanidyoor (CT),Census 2011 urban-name heuristic
29,569,5523,608849,Korangrapady (CT),Census 2011 urban-name heuristic
29,569,5523,608850,Badagabettu (No.80) (CT),Census 2011 urban-name heuristic
29,569,5523,608851,Alevoor (CT),Census 2011 urban-name heuristic
29,569,5523,608852,Udyavara (CT),Census 2011 urban-name heuristic
29,569,5523,608853,Manipura (CT),Census 2011 urban-name heuristic
29,569,5523,608854,Yenagudde (CT),Census 2011 urban-name heuristic
29,569,5523,608855,Moodabettu (CT),Census 2011 urban-name heuristic
29,569,5523,608856,Mallar (CT),Census 2011 urban-name heuristic
29,569,5523,608857,Bada (CT),Census 2011 urban-name heuristic
29,569,5523,608858,Nadsal (CT),Census 2011 urban-name heuristic
29,569,5523,608859,Kelarkalabettu (OG),Census 2011 urban-name heuristic
29,569,5523,608860,Moodanidambur (OG),Census 2011 urban-name heuristic
29,569,5523,608861,Ambalpady (OG),Census 2011 urban-name heuristic
29,569,5523,608862,Kidiyoor (OG),Census 2011 urban-name heuristic
29,569,5523,608863,Kadekar (OG),Census 2011 urban-name heuristic
29,569,5523,608864,Kuthpady  (OG),Census 2011 urban-name heuristic
29,569,5524,608914,Sanoor (CT),Census 2011 urban-name heuristic
29,570,5531,803151,Kudremukh (NAC),Census 2011 urban-name heuristic
29,571,5532,610265,Huliyar (CT),Census 2011 urban-name heuristic
29,571,5540,612434,Adityapatna (CT),Census 2011 urban-name heuristic
29,572,5542,612822,Kodigehalli (OG) (Part),Census 2011 urban-name heuristic
29,572,5542,612948,Kadigenahalli (CT),Census 2011 urban-name heuristic
29,572,5542,612949,Hunasamaranahalli (CT),Census 2011 urban-name heuristic
29,572,5542,612950,Chikkabanavara (CT),Census 2011 urban-name heuristic
29,572,5542,612951,Madanaiyakanahalli (CT),Census 2011 urban-name heuristic
29,572,5542,612952,Chikkabidarakallu (CT),Census 2011 urban-name heuristic
29,572,5542,612953,Suggatta  (OG),Census 2011 urban-name heuristic
29,572,5542,612954,Vaderapura (OG),Census 2011 urban-name heuristic
29,572,5542,612955,Guddahalli (OG),Census 2011 urban-name heuristic
29,572,5542,612956,Totadaguddadahalli (OG),Census 2011 urban-name heuristic
29,572,5542,612957,Srikantapura Anchepalya (OG),Census 2011 urban-name heuristic
29,572,5542,613058,Doddathoguru (OG),Census 2011 urban-name heuristic
29,572,5543,613062,Kumbalagodu (CT),Census 2011 urban-name heuristic
29,572,5543,613063,Konappana Agrahara (CT),Census 2011 urban-name heuristic
29,572,5543,613064,Ramasandra (OG),Census 2011 urban-name heuristic
29,572,5544,613124,Kannur (OG),Census 2011 urban-name heuristic
29,572,5544,613125,Chikkagubbi (OG),Census 2011 urban-name heuristic
29,572,5544,613126,Doddagubbi (OG),Census 2011 urban-name heuristic
29,572,5545,613354,Dommasandra (CT),Census 2011 urban-name heuristic
29,572,5545,613355,Hebbagodi (CT),Census 2011 urban-name heuristic
29,572,5545,613356,Maragondahalli (CT),Census 2011 urban-name heuristic
29,572,5545,613357,Bommasandra (CT),Census 2011 urban-name heuristic
29,572,5545,613358,Sarjapura (CT),Census 2011 urban-name heuristic
29,572,5545,613359,Attibele (CT),Census 2011 urban-name heuristic
29,572,5545,613360,Jigani (CT),Census 2011 urban-name heuristic
29,572,99999,803162,BBMP (M Corp. + OG),Census 2011 urban-name heuristic
29,572,99999,803162,BBMP (M Corp.),Census 2011 urban-name heuristic
29,573,5546,613635,Hosur (M),Census 2011 urban-name heuristic
29,573,5549,614310,Hongalli (CT),Census 2011 urban-name heuristic
29,573,5551,614653,Mellahalli (CT),Census 2011 urban-name heuristic
29,574,5555,615695,Henjagundanahalli (OG) (Part),Census 2011 urban-name heuristic
29,574,5555,615696,Arsikere (OG) (Part),Census 2011 urban-name heuristic
29,574,5555,615841,Gundukanahalli (OG),Census 2011 urban-name heuristic
29,574,5556,616046,Chikkakondagola (OG) (Part),Census 2011 urban-name heuristic
29,574,5556,616047,Thamlapura (OG) (Part),Census 2011 urban-name heuristic
29,574,5556,616227,Haralahalli (CT),Census 2011 urban-name heuristic
29,574,5556,616228,Satyamangala (CT),Census 2011 urban-name heuristic
29,574,5556,616229,Chikka Honnenahalli (OG),Census 2011 urban-name heuristic
29,574,5556,616230,B.Kattihalli (OG),Census 2011 urban-name heuristic
29,574,5556,616231,Guddenahalli (OG),Census 2011 urban-name heuristic
29,574,5556,616232,Doddamandiganahalli (OG),Census 2011 urban-name heuristic
29,574,5556,616233,Chikkamandiganahalli (OG),Census 2011 urban-name heuristic
29,574,5560,617422,Shravanabelgola (CT),Census 2011 urban-name heuristic
29,574,5560,617423,Nagasamudra (OG),Census 2011 urban-name heuristic
29,574,5560,617424,Marenahalli (OG),Census 2011 urban-name heuristic
29,575,5561,617499,Talipady (CT),Census 2011 urban-name heuristic
29,575,5561,617500,Bajpe (CT),Census 2011 urban-name heuristic
29,575,5561,617501,Thokur-62 (CT),Census 2011 urban-name heuristic
29,575,5561,617502,Kenjar (CT),Census 2011 urban-name heuristic
29,575,5561,617503,Kolambe (CT),Census 2011 urban-name heuristic
29,575,5561,617504,Muduperar (CT),Census 2011 urban-name heuristic
29,575,5561,617505,Badagaulipady (CT),Census 2011 urban-name heuristic
29,575,5561,617506,Mudushedde (CT),Census 2011 urban-name heuristic
29,575,5561,617507,Mulur (CT),Census 2011 urban-name heuristic
29,575,5561,617508,Addur (CT),Census 2011 urban-name heuristic
29,575,5561,617509,Bondathila (CT),Census 2011 urban-name heuristic
29,575,5561,617510,Neermarga (CT),Census 2011 urban-name heuristic
29,575,5561,617511,Adyar (CT),Census 2011 urban-name heuristic
29,575,5561,617512,Arkula (CT),Census 2011 urban-name heuristic
29,575,5561,617513,Harekala (CT),Census 2011 urban-name heuristic
29,575,5561,617514,Konaje (CT),Census 2011 urban-name heuristic
29,575,5561,617515,Belma (CT),Census 2011 urban-name heuristic
29,575,5561,617516,Munnur (CT),Census 2011 urban-name heuristic
29,575,5561,617517,Someshwar (CT),Census 2011 urban-name heuristic
29,575,5561,617518,Kotekara (CT),Census 2011 urban-name heuristic
29,575,5561,617519,Talapady (CT),Census 2011 urban-name heuristic
29,575,5561,617520,Manjanady (CT),Census 2011 urban-name heuristic
29,575,5561,617521,Chelliru (OG),Census 2011 urban-name heuristic
29,575,5561,617522,Kuthethur (OG),Census 2011 urban-name heuristic
29,575,5561,617523,Bala (OG),Census 2011 urban-name heuristic
29,575,5561,617524,Padushedde (OG),Census 2011 urban-name heuristic
29,575,5561,803181,Mangalore (M Corp. + OG),Census 2011 urban-name heuristic
29,575,5561,803181,Mangalore (M Corp.),Census 2011 urban-name heuristic
29,575,5562,617597,Kariyangala (CT),Census 2011 urban-name heuristic
29,575,5562,617598,Pudu (CT),Census 2011 urban-name heuristic
29,575,5562,617599,Thumbe (CT),Census 2011 urban-name heuristic
29,575,5562,617600,Sajipanadu (CT),Census 2011 urban-name heuristic
29,575,5562,617601,Munnuru (CT),Census 2011 urban-name heuristic
29,575,5562,617602,Narikombu (CT),Census 2011 urban-name heuristic
29,575,5562,617603,Navoor (CT),Census 2011 urban-name heuristic
29,575,5562,617604,Kairangala (CT),Census 2011 urban-name heuristic
29,575,5562,617605,Vittal (CT),Census 2011 urban-name heuristic
29,575,5563,617685,Kuvettu (CT),Census 2011 urban-name heuristic
29,575,5564,617752,Uppinangady (CT),Census 2011 urban-name heuristic
29,576,5568,618089,Gonikoppal (CT),Census 2011 urban-name heuristic
29,577,5572,618825,Elwala (CT),Census 2011 urban-name heuristic
29,577,5572,618826,Koorgalli (CT),Census 2011 urban-name heuristic
29,577,5572,618827,Hutagalli (CT),Census 2011 urban-name heuristic
29,577,5572,618828,Belvata (CT),Census 2011 urban-name heuristic
29,577,5572,618829,Hinkal (CT),Census 2011 urban-name heuristic
29,577,5572,618830,Bhogadi (CT),Census 2011 urban-name heuristic
29,577,5572,618831,Srirampura (CT),Census 2011 urban-name heuristic
29,577,5572,618832,Kadakola (CT),Census 2011 urban-name heuristic
29,577,5572,618833,Hebbalu (OG),Census 2011 urban-name heuristic
29,577,5572,618834,Metagalli (OG),Census 2011 urban-name heuristic
29,577,5572,618835,Sathagalli (OG),Census 2011 urban-name heuristic
29,577,5572,618836,Alanahalli (OG),Census 2011 urban-name heuristic
29,577,5572,618837,Chamundibetta (OG),Census 2011 urban-name heuristic
29,577,5572,618838,Dattagalli (OG),Census 2011 urban-name heuristic
29,577,5572,618839,Lingambudi (OG),Census 2011 urban-name heuristic
29,577,5572,803194,Mysore (M Corp. + OG),Census 2011 urban-name heuristic
29,577,5572,803194,Mysore (M Corp.),Census 2011 urban-name heuristic
29,577,5575,619441,Gargeswari (CT),Census 2011 urban-name heuristic
29,577,5575,619442,Byrapura (CT),Census 2011 urban-name heuristic
29,579,5582,620266,Kusnoor (OG) (Part),Census 2011 urban-name heuristic
29,579,5582,620321,Rajapur (OG),Census 2011 urban-name heuristic
29,579,5582,620322,Kotnoor Darwesh (OG),Census 2011 urban-name heuristic
29,579,5582,803207,Gulbarga (M Corp. + OG),Census 2011 urban-name heuristic
29,579,5582,803207,Gulbarga (M Corp.),Census 2011 urban-name heuristic
29,579,5584,620472,Sangavi (M),Census 2011 urban-name heuristic
29,579,5584,620588,Kurgunta (CT),Census 2011 urban-name heuristic
29,579,5585,620714,Bhankur (OG),Census 2011 urban-name heuristic
29,579,5585,803211,Shahabad ACC (NAC + OG),Census 2011 urban-name heuristic
29,579,5585,803211,Shahabad ACC (NAC),Census 2011 urban-name heuristic
29,580,5588,621224,Gogipeth (CT),Census 2011 urban-name heuristic
29,580,5588,803216,Bhimarayanagudi (NAC),Census 2011 urban-name heuristic
29,580,5589,621388,Saidapur (CT),Census 2011 urban-name heuristic
29,581,5590,621487,Kurupalli (M),Census 2011 urban-name heuristic
29,581,5593,622755,Parandahalli (OG) (Part),Census 2011 urban-name heuristic
29,581,5593,622843,Bethamangala (CT),Census 2011 urban-name heuristic
29,581,5593,622844,Doddur Karpanhalli Plantation (OG),Census 2011 urban-name heuristic
29,581,5593,622845,Dasara Hosahalli (OG),Census 2011 urban-name heuristic
29,581,5593,622846,Kathihalli (OG),Census 2011 urban-name heuristic
29,581,5593,622847,Chinnakote (OG),Census 2011 urban-name heuristic
29,581,5593,622848,Devaganahalli (OG),Census 2011 urban-name heuristic
29,582,5595,623430,Allipura (CT),Census 2011 urban-name heuristic
29,582,5598,624015,Chelur (CT),Census 2011 urban-name heuristic
29,583,5601,624949,Arasinakunte (CT),Census 2011 urban-name heuristic
29,583,5602,625246,Basettihalli (CT),Census 2011 urban-name heuristic
29,583,5602,625247,Dargajogihalli (OG),Census 2011 urban-name heuristic
29,584,5605,626046,Kudur (CT),Census 2011 urban-name heuristic
29,584,5606,626186,Bidadi (CT),Census 2011 urban-name heuristic
30,585,5609,626658,Arambol (CT),Census 2011 urban-name heuristic
30,585,5609,626659,Mandrem (CT),Census 2011 urban-name heuristic
30,585,5609,626660,Parcem (CT),Census 2011 urban-name heuristic
30,585,5609,626661,Morjim (CT),Census 2011 urban-name heuristic
30,585,5609,803241,Pernem (M Cl),Census 2011 urban-name heuristic
30,585,5610,626690,Siolim (CT),Census 2011 urban-name heuristic
30,585,5610,626691,Colvale (CT),Census 2011 urban-name heuristic
30,585,5610,626692,Moira (CT),Census 2011 urban-name heuristic
30,585,5610,626693,Guirim (CT),Census 2011 urban-name heuristic
30,585,5610,626694,Anjuna (CT),Census 2011 urban-name heuristic
30,585,5610,626695,Calangute (CT),Census 2011 urban-name heuristic
30,585,5610,626696,Saligao (CT),Census 2011 urban-name heuristic
30,585,5610,626697,Candolim (CT),Census 2011 urban-name heuristic
30,585,5610,626698,Nerul (CT),Census 2011 urban-name heuristic
30,585,5610,626699,Reis Magos (CT),Census 2011 urban-name heuristic
30,585,5610,626700,Pilerne (CT),Census 2011 urban-name heuristic
30,585,5610,626701,Penha-de-Franca (CT),Census 2011 urban-name heuristic
30,585,5610,626702,Salvador do Mundo (CT),Census 2011 urban-name heuristic
30,585,5610,626703,Socorro (CT),Census 2011 urban-name heuristic
30,585,5610,626704,Aldona (CT),Census 2011 urban-name heuristic
30,585,5610,803242,Mapusa (M Cl),Census 2011 urban-name heuristic
30,585,5611,626727,Jua (CT),Census 2011 urban-name heuristic
30,585,5611,626728,Cumbarjua (CT),Census 2011 urban-name heuristic
30,585,5611,626729,Corlim (CT),Census 2011 urban-name heuristic
30,585,5611,626730,Chimbel (CT),Census 2011 urban-name heuristic
30,585,5611,626731,Murda (CT),Census 2011 urban-name heuristic
30,585,5611,626732,Calapor (CT),Census 2011 urban-name heuristic
30,585,5611,626733,Bambolim (CT),Census 2011 urban-name heuristic
30,585,5611,626734,Goa Velha (CT),Census 2011 urban-name heuristic
30,585,5611,626735,Mercurim (CT),Census 2011 urban-name heuristic
30,585,5611,626736,Panelim (OG),Census 2011 urban-name heuristic
30,585,5611,626737,Morambi-O-Grande (Merces) (OG),Census 2011 urban-name heuristic
30,585,5611,626738,Renovadi (OG),Census 2011 urban-name heuristic
30,585,5611,626739,Morambi-O-Pequeno (Merces) (OG),Census 2011 urban-name heuristic
30,585,5611,626740,Cujira (OG),Census 2011 urban-name heuristic
30,585,5611,645598,Taleigao (OG) (Part),Census 2011 urban-name heuristic
30,585,5611,645599,Durgawadi (OG) (Part),Census 2011 urban-name heuristic
30,585,5611,803243,Panaji (M Cl + OG),Census 2011 urban-name heuristic
30,585,5611,803243,Panaji (M Cl),Census 2011 urban-name heuristic
30,585,5612,626763,Carapur (CT),Census 2011 urban-name heuristic
30,585,5612,626764,Pale (CT),Census 2011 urban-name heuristic
30,585,5612,803244,Bicholim (M Cl),Census 2011 urban-name heuristic
30,585,5612,803245,Sanquelim (M Cl),Census 2011 urban-name heuristic
30,585,5613,626842,Onda (CT),Census 2011 urban-name heuristic
30,585,5613,803246,Valpoi (M Cl),Census 2011 urban-name heuristic
30,585,5614,626865,Candola (CT),Census 2011 urban-name heuristic
30,585,5614,626866,Orgao (CT),Census 2011 urban-name heuristic
30,585,5614,626867,Marcaim (CT),Census 2011 urban-name heuristic
30,585,5614,626868,Priol (CT),Census 2011 urban-name heuristic
30,585,5614,626869,Bandora (CT),Census 2011 urban-name heuristic
30,585,5614,626870,Curti (CT),Census 2011 urban-name heuristic
30,585,5614,626871,Quela (CT),Census 2011 urban-name heuristic
30,585,5614,626872,Borim (CT),Census 2011 urban-name heuristic
30,585,5614,626873,Usgao (CT),Census 2011 urban-name heuristic
30,585,5614,803247,Ponda (M Cl),Census 2011 urban-name heuristic
30,586,5615,626885,Chicalim (CT),Census 2011 urban-name heuristic
30,586,5615,626886,Sancoale (CT),Census 2011 urban-name heuristic
30,586,5615,626887,Cortalim (CT),Census 2011 urban-name heuristic
30,586,5615,803248,Mormugao (M Cl),Census 2011 urban-name heuristic
30,586,5616,626923,Verna (CT),Census 2011 urban-name heuristic
30,586,5616,626924,Nuvem (CT),Census 2011 urban-name heuristic
30,586,5616,626925,Raia (CT),Census 2011 urban-name heuristic
30,586,5616,626926,Curtorim (CT),Census 2011 urban-name heuristic
30,586,5616,626927,Sao Jose de Areal (CT),Census 2011 urban-name heuristic
30,586,5616,626928,Davorlim (CT),Census 2011 urban-name heuristic
30,586,5616,626929,Aquem (CT),Census 2011 urban-name heuristic
30,586,5616,626930,Navelim (CT),Census 2011 urban-name heuristic
30,586,5616,626931,Benaulim (CT),Census 2011 urban-name heuristic
30,586,5616,626932,Varca (CT),Census 2011 urban-name heuristic
30,586,5616,626933,Chinchinim (CT),Census 2011 urban-name heuristic
30,586,5616,803249,Margao (M Cl),Census 2011 urban-name heuristic
30,586,5616,803250,Cuncolim (M Cl),Census 2011 urban-name heuristic
30,586,5617,626969,Xeldem (CT),Census 2011 urban-name heuristic
30,586,5617,803251,Quepem (M Cl),Census 2011 urban-name heuristic
30,586,5617,803252,Curchorem-Cacora (M Cl),Census 2011 urban-name heuristic
30,586,5618,627021,Sanvordem (CT),Census 2011 urban-name heuristic
30,586,5618,803253,Sanguem (M Cl),Census 2011 urban-name heuristic
30,586,5619,803254,Canacona (M Cl),Census 2011 urban-name heuristic
31,587,5620,627030,Amini (CT),Census 2011 urban-name heuristic
31,587,5624,627034,Kadmat (CT),Census 2011 urban-name heuristic
31,587,5625,627038,Kavaratti (CT),Census 2011 urban-name heuristic
31,587,5627,627046,Andrott (CT),Census 2011 urban-name heuristic
31,587,5628,627054,Kalpeni (CT),Census 2011 urban-name heuristic
31,587,5629,627056,Minicoy (CT),Census 2011 urban-name heuristic
32,588,5630,627121,Kunjathur (CT),Census 2011 urban-name heuristic
32,588,5630,627122,Manjeshwar (CT),Census 2011 urban-name heuristic
32,588,5630,627123,Hosabettu (CT),Census 2011 urban-name heuristic
32,588,5630,627124,Bangra Manjeshwar (CT),Census 2011 urban-name heuristic
32,588,5630,627125,Uppala (CT),Census 2011 urban-name heuristic
32,588,5630,627126,Mangalpady (CT),Census 2011 urban-name heuristic
32,588,5630,627127,Shiriya (CT),Census 2011 urban-name heuristic
32,588,5630,627128,Koipady (CT),Census 2011 urban-name heuristic
32,588,5630,627129,Mogral (CT),Census 2011 urban-name heuristic
32,588,5630,627130,Puthur (CT),Census 2011 urban-name heuristic
32,588,5630,627131,Shiribagilu (CT),Census 2011 urban-name heuristic
32,588,5630,627132,Madhur (CT),Census 2011 urban-name heuristic
32,588,5630,627133,Kudlu (CT),Census 2011 urban-name heuristic
32,588,5630,627134,Chengala (CT),Census 2011 urban-name heuristic
32,588,5630,627135,Chemnad (CT),Census 2011 urban-name heuristic
32,588,5630,803255,Kasaragod (M),Census 2011 urban-name heuristic
32,588,5631,627165,Bare (CT),Census 2011 urban-name heuristic
32,588,5631,627166,Udma (CT),Census 2011 urban-name heuristic
32,588,5631,627167,Pallikkara (CT),Census 2011 urban-name heuristic
32,588,5631,627168,Keekan (CT),Census 2011 urban-name heuristic
32,588,5631,627169,Ajanur (CT),Census 2011 urban-name heuristic
32,588,5631,627170,Perole (CT),Census 2011 urban-name heuristic
32,588,5631,627171,Pilicode (CT),Census 2011 urban-name heuristic
32,588,5631,627172,Maniyat (CT),Census 2011 urban-name heuristic
32,588,5631,627173,North Thrikkaripur (CT),Census 2011 urban-name heuristic
32,588,5631,627174,South Thrikkaripur (CT),Census 2011 urban-name heuristic
32,588,5631,627175,Nileshwar (OG),Census 2011 urban-name heuristic
32,588,5631,627176,Cheruvathur (OG),Census 2011 urban-name heuristic
32,588,5631,803256,Kanhangad (M),Census 2011 urban-name heuristic
32,589,5632,627209,Karivellur (CT),Census 2011 urban-name heuristic
32,589,5632,627210,Pariyaram (CT),Census 2011 urban-name heuristic
32,589,5632,627211,Kurumathur (CT),Census 2011 urban-name heuristic
32,589,5632,627212,Irikkur (CT),Census 2011 urban-name heuristic
32,589,5632,627213,Kuttiattoor (CT),Census 2011 urban-name heuristic
32,589,5632,627214,Mayyil (CT),Census 2011 urban-name heuristic
32,589,5632,627215,Kolacherry (CT),Census 2011 urban-name heuristic
32,589,5632,627216,Cheleri (CT),Census 2011 urban-name heuristic
32,589,5632,627217,Maniyoor (CT),Census 2011 urban-name heuristic
32,589,5632,803257,Payyannur (M),Census 2011 urban-name heuristic
32,589,5632,803258,Taliparamba (M),Census 2011 urban-name heuristic
32,589,5633,627220,Kunhimangalam (CT),Census 2011 urban-name heuristic
32,589,5633,627221,Cheruthazham (CT),Census 2011 urban-name heuristic
32,589,5633,627222,Kadannappalli (CT),Census 2011 urban-name heuristic
32,589,5633,627223,Ezhome (CT),Census 2011 urban-name heuristic
32,589,5633,627224,Madayi (CT),Census 2011 urban-name heuristic
32,589,5633,627225,Cherukunnu (CT),Census 2011 urban-name heuristic
32,589,5633,627226,Kannapuram (CT),Census 2011 urban-name heuristic
32,589,5633,627227,Narath (CT),Census 2011 urban-name heuristic
32,589,5633,627228,Pappinisseri (CT),Census 2011 urban-name heuristic
32,589,5633,627229,Kalliasseri (CT),Census 2011 urban-name heuristic
32,589,5633,627230,Azhikode North (CT),Census 2011 urban-name heuristic
32,589,5633,627231,Azhikode South (CT),Census 2011 urban-name heuristic
32,589,5633,627232,Valapattanam (CT),Census 2011 urban-name heuristic
32,589,5633,627233,Chirakkal (CT),Census 2011 urban-name heuristic
32,589,5633,627234,Kannadiparamba (CT),Census 2011 urban-name heuristic
32,589,5633,627235,Munderi (CT),Census 2011 urban-name heuristic
32,589,5633,627236,Kanhirode (CT),Census 2011 urban-name heuristic
32,589,5633,627237,Varam (CT),Census 2011 urban-name heuristic
32,589,5633,627238,Puzhathi (CT),Census 2011 urban-name heuristic
32,589,5633,627239,Pallikkunnu (CT),Census 2011 urban-name heuristic
32,589,5633,627240,Elayavoor (CT),Census 2011 urban-name heuristic
32,589,5633,627241,Chelora (CT),Census 2011 urban-name heuristic
32,589,5633,627242,Ancharakandy (CT),Census 2011 urban-name heuristic
32,589,5633,627243,Iriveri (CT),Census 2011 urban-name heuristic
32,589,5633,627244,Chala (CT),Census 2011 urban-name heuristic
32,589,5633,627245,Thottada (CT),Census 2011 urban-name heuristic
32,589,5633,627246,Kadachira (CT),Census 2011 urban-name heuristic
32,589,5633,627247,Mavilayi (CT),Census 2011 urban-name heuristic
32,589,5633,627248,Peralassery (CT),Census 2011 urban-name heuristic
32,589,5633,627249,Muzhappilangad (CT),Census 2011 urban-name heuristic
32,589,5633,803259,Kannur (M),Census 2011 urban-name heuristic
32,589,5633,803260,Kannur Cantonment (CB),Census 2011 urban-name heuristic
32,589,5634,627272,Koodali (CT),Census 2011 urban-name heuristic
32,589,5634,627273,Keezhallur (CT),Census 2011 urban-name heuristic
32,589,5634,627274,Paduvilayi (CT),Census 2011 urban-name heuristic
32,589,5634,627275,Pathiriyad (CT),Census 2011 urban-name heuristic
32,589,5634,627276,Mangattidam (CT),Census 2011 urban-name heuristic
32,589,5634,627277,Kandamkunnu (CT),Census 2011 urban-name heuristic
32,589,5634,627278,Manantheri (CT),Census 2011 urban-name heuristic
32,589,5634,627279,Kottayam-Malabar (CT),Census 2011 urban-name heuristic
32,589,5634,627280,Eruvatti (CT),Census 2011 urban-name heuristic
32,589,5634,627281,Pinarayi (CT),Census 2011 urban-name heuristic
32,589,5634,627282,Dharmadom (CT),Census 2011 urban-name heuristic
32,589,5634,627283,Eranholi (CT),Census 2011 urban-name heuristic
32,589,5634,627284,Kadirur (CT),Census 2011 urban-name heuristic
32,589,5634,627285,Pattiom (CT),Census 2011 urban-name heuristic
32,589,5634,627286,Mokeri (CT),Census 2011 urban-name heuristic
32,589,5634,627287,Kolavelloor (CT),Census 2011 urban-name heuristic
32,589,5634,627288,Panoor (CT),Census 2011 urban-name heuristic
32,589,5634,627289,Panniyannur (CT),Census 2011 urban-name heuristic
32,589,5634,627290,New Mahe (CT),Census 2011 urban-name heuristic
32,589,5634,627291,Chockli (CT),Census 2011 urban-name heuristic
32,589,5634,627292,Peringathur (CT),Census 2011 urban-name heuristic
32,589,5634,803261,Mattannur (M),Census 2011 urban-name heuristic
32,589,5634,803262,Koothuparamba (M),Census 2011 urban-name heuristic
32,589,5634,803263,Thalassery (M),Census 2011 urban-name heuristic
32,590,5637,803264,Kalpetta (M),Census 2011 urban-name heuristic
32,591,5638,627353,Valayam (CT),Census 2011 urban-name heuristic
32,591,5638,627354,Chekkiad (CT),Census 2011 urban-name heuristic
32,591,5638,627355,Thuneri (CT),Census 2011 urban-name heuristic
32,591,5638,627356,Kunnummal (CT),Census 2011 urban-name heuristic
32,591,5638,627357,Nadapuram (CT),Census 2011 urban-name heuristic
32,591,5638,627358,Edacheri (CT),Census 2011 urban-name heuristic
32,591,5638,627359,Eramala (CT),Census 2011 urban-name heuristic
32,591,5638,627360,Azhiyur (CT),Census 2011 urban-name heuristic
32,591,5638,627361,Chorode (CT),Census 2011 urban-name heuristic
32,591,5638,627362,Ayancheri (CT),Census 2011 urban-name heuristic
32,591,5638,627363,Kottappally (CT),Census 2011 urban-name heuristic
32,591,5638,627364,Villiappally (CT),Census 2011 urban-name heuristic
32,591,5638,627365,Palayad (CT),Census 2011 urban-name heuristic
32,591,5638,627366,Maniyur (CT),Census 2011 urban-name heuristic
32,591,5638,803265,Vadakara (M),Census 2011 urban-name heuristic
32,591,5639,627386,Iringal (CT),Census 2011 urban-name heuristic
32,591,5639,627387,Eravattur (CT),Census 2011 urban-name heuristic
32,591,5639,627388,Koothali (CT),Census 2011 urban-name heuristic
32,591,5639,627389,Menhaniam (CT),Census 2011 urban-name heuristic
32,591,5639,627390,Meppayyur (CT),Census 2011 urban-name heuristic
32,591,5639,627391,Kozhukkallur (CT),Census 2011 urban-name heuristic
32,591,5639,627392,Thurayur (CT),Census 2011 urban-name heuristic
32,591,5639,627393,Thikkody (CT),Census 2011 urban-name heuristic
32,591,5639,627394,Keezhariyur (CT),Census 2011 urban-name heuristic
32,591,5639,627395,Naduvannur (CT),Census 2011 urban-name heuristic
32,591,5639,627396,Panangad (CT),Census 2011 urban-name heuristic
32,591,5639,627397,Balusseri (CT),Census 2011 urban-name heuristic
32,591,5639,627398,Ulliyeri (CT),Census 2011 urban-name heuristic
32,591,5639,627399,Chemancheri (CT),Census 2011 urban-name heuristic
32,591,5639,627400,Atholi (CT),Census 2011 urban-name heuristic
32,591,5639,803266,Quilandy (M),Census 2011 urban-name heuristic
32,591,5640,627421,Nanmanda (CT),Census 2011 urban-name heuristic
32,591,5640,627422,Chelannur (CT),Census 2011 urban-name heuristic
32,591,5640,627423,Thalakkulathur (CT),Census 2011 urban-name heuristic
32,591,5640,627424,Kakkodi (CT),Census 2011 urban-name heuristic
32,591,5640,627425,Kuruvattur (CT),Census 2011 urban-name heuristic
32,591,5640,627426,Kunnamangalam (CT),Census 2011 urban-name heuristic
32,591,5640,627427,Poolacode (CT),Census 2011 urban-name heuristic
32,591,5640,627428,Thazhecode (CT),Census 2011 urban-name heuristic
32,591,5640,627429,Mavoor (CT),Census 2011 urban-name heuristic
32,591,5640,627430,Peruvayal (CT),Census 2011 urban-name heuristic
32,591,5640,627431,Kuttikkattoor (CT),Census 2011 urban-name heuristic
32,591,5640,627432,Olavanna (CT),Census 2011 urban-name heuristic
32,591,5640,627433,Pantheeramkavu (CT),Census 2011 urban-name heuristic
32,591,5640,627434,Perumanna (CT),Census 2011 urban-name heuristic
32,591,5640,627435,Ramanattukara (CT),Census 2011 urban-name heuristic
32,591,5640,627436,Cheruvannur (CT),Census 2011 urban-name heuristic
32,591,5640,627437,Beypore (CT),Census 2011 urban-name heuristic
32,591,5640,627438,Karuvanthuruthy (CT),Census 2011 urban-name heuristic
32,591,5640,627439,Feroke (CT),Census 2011 urban-name heuristic
32,591,5640,627440,Koduvally (OG),Census 2011 urban-name heuristic
32,591,5640,627441,Elathur (OG),Census 2011 urban-name heuristic
32,591,5640,627442,Kadalundi (OG),Census 2011 urban-name heuristic
32,591,5640,645600,Puthiyangadi (OG) (Part),Census 2011 urban-name heuristic
32,591,5640,803267,Kozhikode (M Corp. + OG),Census 2011 urban-name heuristic
32,591,5640,803267,Kozhikode (M Corp.),Census 2011 urban-name heuristic
32,592,5641,627465,Kizhuparamba (CT),Census 2011 urban-name heuristic
32,592,5641,627466,Vazhayur (CT),Census 2011 urban-name heuristic
32,592,5641,627467,Cherukavu (CT),Census 2011 urban-name heuristic
32,592,5641,627468,Kondotty (CT),Census 2011 urban-name heuristic
32,592,5641,627469,Anakkayam (OG),Census 2011 urban-name heuristic
32,592,5641,803268,Manjeri (M),Census 2011 urban-name heuristic
32,592,5641,803269,Malappuram (M),Census 2011 urban-name heuristic
32,592,5642,627488,Nilambur (CT),Census 2011 urban-name heuristic
32,592,5643,627509,Koottilangadi (CT),Census 2011 urban-name heuristic
32,592,5643,627510,Kodur (CT),Census 2011 urban-name heuristic
32,592,5643,803270,Perinthalmanna (M),Census 2011 urban-name heuristic
32,592,5644,627527,Kottakkal (CT),Census 2011 urban-name heuristic
32,592,5644,627528,Perumanna (CT),Census 2011 urban-name heuristic
32,592,5644,627529,Ponmundam (CT),Census 2011 urban-name heuristic
32,592,5644,627530,Tanalur (CT),Census 2011 urban-name heuristic
32,592,5644,627531,Cheriyamundam (CT),Census 2011 urban-name heuristic
32,592,5644,627532,Kattipparuthi (CT),Census 2011 urban-name heuristic
32,592,5644,627533,Talakkad (CT),Census 2011 urban-name heuristic
32,592,5644,627534,Triprangode (CT),Census 2011 urban-name heuristic
32,592,5644,627535,Thirunavaya (CT),Census 2011 urban-name heuristic
32,592,5644,627536,Naduvattom (CT),Census 2011 urban-name heuristic
32,592,5644,627537,Kuttippuram (CT),Census 2011 urban-name heuristic
32,592,5644,627538,Irimbiliyam (CT),Census 2011 urban-name heuristic
32,592,5644,803271,Tirur (M),Census 2011 urban-name heuristic
32,592,5645,627541,Chelambra (CT),Census 2011 urban-name heuristic
32,592,5645,627542,Pallikal (CT),Census 2011 urban-name heuristic
32,592,5645,627543,Thenhippalam (CT),Census 2011 urban-name heuristic
32,592,5645,627544,Ariyallur (CT),Census 2011 urban-name heuristic
32,592,5645,627545,Moonniyur (CT),Census 2011 urban-name heuristic
32,592,5645,627546,Peruvallur (CT),Census 2011 urban-name heuristic
32,592,5645,627547,Kannamangalam (CT),Census 2011 urban-name heuristic
32,592,5645,627548,Urakam (CT),Census 2011 urban-name heuristic
32,592,5645,627549,Othukkungal (CT),Census 2011 urban-name heuristic
32,592,5645,627550,Parappur (CT),Census 2011 urban-name heuristic
32,592,5645,627551,Vengara (CT),Census 2011 urban-name heuristic
32,592,5645,627552,Abdu Rahiman Nagar (CT),Census 2011 urban-name heuristic
32,592,5645,627553,Tirurangadi (CT),Census 2011 urban-name heuristic
32,592,5645,627554,Neduva (CT),Census 2011 urban-name heuristic
32,592,5645,627555,Nannambra (CT),Census 2011 urban-name heuristic
32,592,5645,627556,Thennala (CT),Census 2011 urban-name heuristic
32,592,5646,627562,Kalady (CT),Census 2011 urban-name heuristic
32,592,5646,627563,Edappal (CT),Census 2011 urban-name heuristic
32,592,5646,627564,Alamcode (CT),Census 2011 urban-name heuristic
32,592,5646,627565,Marancheri (CT),Census 2011 urban-name heuristic
32,592,5646,803272,Ponnani (M),Census 2011 urban-name heuristic
32,593,5647,627596,Ongallur -II (CT),Census 2011 urban-name heuristic
32,593,5647,627597,Ongallur -I (CT),Census 2011 urban-name heuristic
32,593,5647,627598,Pattambi (CT),Census 2011 urban-name heuristic
32,593,5647,627599,Muthuthala (CT),Census 2011 urban-name heuristic
32,593,5647,627600,Thrithala (CT),Census 2011 urban-name heuristic
32,593,5647,627601,Vaniyamkulam- II (CT),Census 2011 urban-name heuristic
32,593,5647,627602,Thirumittacode -II (CT),Census 2011 urban-name heuristic
32,593,5647,803273,Shoranur (M),Census 2011 urban-name heuristic
32,593,5647,803274,Ottappalam (M),Census 2011 urban-name heuristic
32,593,5648,627627,Mannarkad-I (CT),Census 2011 urban-name heuristic
32,593,5649,627648,Puthuppariyaram (CT),Census 2011 urban-name heuristic
32,593,5649,627649,Hemambikanagar (CT),Census 2011 urban-name heuristic
32,593,5649,627650,Pudussery Central (CT),Census 2011 urban-name heuristic
32,593,5649,627651,Pudussery West (CT),Census 2011 urban-name heuristic
32,593,5649,627652,Marutharode (CT),Census 2011 urban-name heuristic
32,593,5649,627653,Pirayiri (CT),Census 2011 urban-name heuristic
32,593,5649,803275,Palakkad (M),Census 2011 urban-name heuristic
32,593,5650,627682,Koduvayur (CT),Census 2011 urban-name heuristic
32,593,5650,627683,Puthunagaram (CT),Census 2011 urban-name heuristic
32,593,5650,803276,Chittur-Thathamangalam (M),Census 2011 urban-name heuristic
32,593,5651,627713,Alathur (CT),Census 2011 urban-name heuristic
32,594,5652,627756,Kaniyarkode (CT),Census 2011 urban-name heuristic
32,594,5652,627757,Cheruthuruthi (CT),Census 2011 urban-name heuristic
32,594,5652,627758,Nedumpura (CT),Census 2011 urban-name heuristic
32,594,5652,627759,Desamangalam (CT),Census 2011 urban-name heuristic
32,594,5652,627760,Kadavallur (CT),Census 2011 urban-name heuristic
32,594,5652,627761,Kattakampal (CT),Census 2011 urban-name heuristic
32,594,5652,627762,Pazhanji (CT),Census 2011 urban-name heuristic
32,594,5652,627763,Karikkad (CT),Census 2011 urban-name heuristic
32,594,5652,627764,Nelluwaya (CT),Census 2011 urban-name heuristic
32,594,5652,627765,Kottappuram (CT),Census 2011 urban-name heuristic
32,594,5652,627766,Chittanda (CT),Census 2011 urban-name heuristic
32,594,5652,627767,Kumaranellur (CT),Census 2011 urban-name heuristic
32,594,5652,627768,Chelakkara (CT),Census 2011 urban-name heuristic
32,594,5652,627769,Enkakkad (CT),Census 2011 urban-name heuristic
32,594,5652,627770,Wadakkanchery (CT),Census 2011 urban-name heuristic
32,594,5652,627771,Kariyannur (CT),Census 2011 urban-name heuristic
32,594,5652,627772,Eyyal (CT),Census 2011 urban-name heuristic
32,594,5652,627773,Chiramanangad (CT),Census 2011 urban-name heuristic
32,594,5652,627774,Akathiyoor (CT),Census 2011 urban-name heuristic
32,594,5652,627775,Porkulam (CT),Census 2011 urban-name heuristic
32,594,5652,627776,Choondal (CT),Census 2011 urban-name heuristic
32,594,5652,627777,Chiranellur (CT),Census 2011 urban-name heuristic
32,594,5652,627778,Velur (CT),Census 2011 urban-name heuristic
32,594,5652,627779,Mundathikode (CT),Census 2011 urban-name heuristic
32,594,5652,627780,Peringandoor (CT),Census 2011 urban-name heuristic
32,594,5652,627781,Minalur (CT),Census 2011 urban-name heuristic
32,594,5652,627782,Eranellur (CT),Census 2011 urban-name heuristic
32,594,5652,627783,Alur (CT),Census 2011 urban-name heuristic
32,594,5652,627784,Kandanassery (CT),Census 2011 urban-name heuristic
32,594,5652,803277,Kunnamkulam (M),Census 2011 urban-name heuristic
32,594,5653,627792,Kadikkad (CT),Census 2011 urban-name heuristic
32,594,5653,627793,Punnayurkulam (CT),Census 2011 urban-name heuristic
32,594,5653,627794,Vadakkekad (CT),Census 2011 urban-name heuristic
32,594,5653,627795,Punnayur (CT),Census 2011 urban-name heuristic
32,594,5653,627796,Edakkazhiyur (CT),Census 2011 urban-name heuristic
32,594,5653,627797,Vylathur (CT),Census 2011 urban-name heuristic
32,594,5653,627798,Pookode (CT),Census 2011 urban-name heuristic
32,594,5653,627799,Iringaprom (CT),Census 2011 urban-name heuristic
32,594,5653,627800,Perakam (CT),Census 2011 urban-name heuristic
32,594,5653,627801,Orumanayur (CT),Census 2011 urban-name heuristic
32,594,5653,627802,Paluvai (CT),Census 2011 urban-name heuristic
32,594,5653,627803,Thaikkad (CT),Census 2011 urban-name heuristic
32,594,5653,627804,Brahmakulam (CT),Census 2011 urban-name heuristic
32,594,5653,627805,Elavally (CT),Census 2011 urban-name heuristic
32,594,5653,627806,Pavaratty (CT),Census 2011 urban-name heuristic
32,594,5653,627807,Venmanad (CT),Census 2011 urban-name heuristic
32,594,5653,627808,Mullassery (CT),Census 2011 urban-name heuristic
32,594,5653,627809,Venkitangu (CT),Census 2011 urban-name heuristic
32,594,5653,627810,Vadanappally (CT),Census 2011 urban-name heuristic
32,594,5653,627811,Talikkulam (CT),Census 2011 urban-name heuristic
32,594,5653,803278,Guruvayoor (M),Census 2011 urban-name heuristic
32,594,5653,803279,Chavakkad (M),Census 2011 urban-name heuristic
32,594,5654,627825,Killannur (CT),Census 2011 urban-name heuristic
32,594,5654,627826,Thangalur (CT),Census 2011 urban-name heuristic
32,594,5654,627827,Avanur (CT),Census 2011 urban-name heuristic
32,594,5654,627828,Anjur (CT),Census 2011 urban-name heuristic
32,594,5654,627829,Kaiparamba (CT),Census 2011 urban-name heuristic
32,594,5654,627830,Tholur (CT),Census 2011 urban-name heuristic
32,594,5654,627831,Edakkalathur (CT),Census 2011 urban-name heuristic
32,594,5654,627832,Peramangalam (CT),Census 2011 urban-name heuristic
32,594,5654,627833,Choolissery (CT),Census 2011 urban-name heuristic
32,594,5654,627834,Pottore (CT),Census 2011 urban-name heuristic
32,594,5654,627835,Kolazhy (CT),Census 2011 urban-name heuristic
32,594,5654,627836,Kurichikkara (CT),Census 2011 urban-name heuristic
32,594,5654,627837,Vellanikkara (CT),Census 2011 urban-name heuristic
32,594,5654,627838,Kuttoor (CT),Census 2011 urban-name heuristic
32,594,5654,627839,Puzhakkal (CT),Census 2011 urban-name heuristic
32,594,5654,627840,Puranattukara (CT),Census 2011 urban-name heuristic
32,594,5654,627841,Chittilappilly (CT),Census 2011 urban-name heuristic
32,594,5654,627842,Adat (CT),Census 2011 urban-name heuristic
32,594,5654,627843,Kozhukkully (CT),Census 2011 urban-name heuristic
32,594,5654,627844,Kainoor (CT),Census 2011 urban-name heuristic
32,594,5654,627845,Nadathara (CT),Census 2011 urban-name heuristic
32,594,5654,627846,Parakkad (CT),Census 2011 urban-name heuristic
32,594,5654,627847,Karamuck (CT),Census 2011 urban-name heuristic
32,594,5654,627848,Manalur (CT),Census 2011 urban-name heuristic
32,594,5654,627849,Eravu (CT),Census 2011 urban-name heuristic
32,594,5654,627850,Veluthur (CT),Census 2011 urban-name heuristic
32,594,5654,627851,Manakkody (CT),Census 2011 urban-name heuristic
32,594,5654,627852,Marathakkara (CT),Census 2011 urban-name heuristic
32,594,5654,627853,Puthur (CT),Census 2011 urban-name heuristic
32,594,5654,627854,Avinissery (CT),Census 2011 urban-name heuristic
32,594,5654,627855,Palissery (CT),Census 2011 urban-name heuristic
32,594,5654,627856,Venginissery (CT),Census 2011 urban-name heuristic
32,594,5654,627857,Kodannur (CT),Census 2011 urban-name heuristic
32,594,5654,627858,Anthicad (CT),Census 2011 urban-name heuristic
32,594,5654,627859,Padiyam (CT),Census 2011 urban-name heuristic
32,594,5654,627860,Vadakkummuri (CT),Census 2011 urban-name heuristic
32,594,5654,627861,Kizhakkummuri (CT),Census 2011 urban-name heuristic
32,594,5654,627862,Cherpu (CT),Census 2011 urban-name heuristic
32,594,5654,627863,Paralam (CT),Census 2011 urban-name heuristic
32,594,5654,627864,Chevvoor (CT),Census 2011 urban-name heuristic
32,594,5654,627865,Vallachira (CT),Census 2011 urban-name heuristic
32,594,5654,627866,Oorakam (CT),Census 2011 urban-name heuristic
32,594,5654,627867,Kurumpilavu (CT),Census 2011 urban-name heuristic
32,594,5654,627868,Kizhuppillikkara (CT),Census 2011 urban-name heuristic
32,594,5654,627869,Thanniyam (CT),Census 2011 urban-name heuristic
32,594,5654,803280,Thrissur (M Corp.),Census 2011 urban-name heuristic
32,594,5655,627873,Edathiruthy (CT),Census 2011 urban-name heuristic
32,594,5655,627874,Chendrappini (CT),Census 2011 urban-name heuristic
32,594,5655,627875,Kaipamangalam (CT),Census 2011 urban-name heuristic
32,594,5655,627876,Perinjanam (CT),Census 2011 urban-name heuristic
32,594,5655,627877,Pappinivattom (CT),Census 2011 urban-name heuristic
32,594,5655,627878,Panangad (CT),Census 2011 urban-name heuristic
32,594,5655,627879,Edavilangu (CT),Census 2011 urban-name heuristic
32,594,5655,627880,Ala (CT),Census 2011 urban-name heuristic
32,594,5655,627881,Pallippuram (CT),Census 2011 urban-name heuristic
32,594,5655,627882,Methala (CT),Census 2011 urban-name heuristic
32,594,5655,627883,Poyya (CT),Census 2011 urban-name heuristic
32,594,5655,627884,Madathumpady (CT),Census 2011 urban-name heuristic
32,594,5655,627885,Eriyad (OG),Census 2011 urban-name heuristic
32,594,5655,803281,Kodungallur (M),Census 2011 urban-name heuristic
32,594,5656,627919,Trikkur (CT),Census 2011 urban-name heuristic
32,594,5656,627920,Nenmenikkara (CT),Census 2011 urban-name heuristic
32,594,5656,627921,Amballur (CT),Census 2011 urban-name heuristic
32,594,5656,627922,Puthukkad (CT),Census 2011 urban-name heuristic
32,594,5656,627923,Parappukkara (CT),Census 2011 urban-name heuristic
32,594,5656,627924,Kattur (CT),Census 2011 urban-name heuristic
32,594,5656,627925,Porathissery (CT),Census 2011 urban-name heuristic
32,594,5656,627926,Madayikonam (CT),Census 2011 urban-name heuristic
32,594,5656,627927,Kallettumkara (CT),Census 2011 urban-name heuristic
32,594,5656,627928,Pullur (CT),Census 2011 urban-name heuristic
32,594,5656,627929,Manavalassery (CT),Census 2011 urban-name heuristic
32,594,5656,627930,Edathirinji (CT),Census 2011 urban-name heuristic
32,594,5656,627931,Vellookkara (CT),Census 2011 urban-name heuristic
32,594,5656,627932,Vadakkumkara (CT),Census 2011 urban-name heuristic
32,594,5656,627933,Poomangalam (CT),Census 2011 urban-name heuristic
32,594,5656,627934,Padiyur (CT),Census 2011 urban-name heuristic
32,594,5656,627935,Thekkumkara (CT),Census 2011 urban-name heuristic
32,594,5656,627936,Muringur Vadakkummuri (CT),Census 2011 urban-name heuristic
32,594,5656,627937,Koratty (CT),Census 2011 urban-name heuristic
32,594,5656,627938,Kallur Vadakkummuri (CT),Census 2011 urban-name heuristic
32,594,5656,627939,Vadama (CT),Census 2011 urban-name heuristic
32,594,5656,627940,Kallur Thekkummuri (CT),Census 2011 urban-name heuristic
32,594,5656,803282,Irinjalakuda (M),Census 2011 urban-name heuristic
32,594,5656,803283,Chalakudy (M),Census 2011 urban-name heuristic
32,595,0,803288,Kochi (M Corp.),Census 2011 urban-name heuristic
32,595,5657,627956,Koovappady (CT),Census 2011 urban-name heuristic
32,595,5657,627957,Chelamattom (CT),Census 2011 urban-name heuristic
32,595,5657,627958,Marampilly(CT),Census 2011 urban-name heuristic
32,595,5657,627959,Vazhakulam (CT),Census 2011 urban-name heuristic
32,595,5657,627960,Vengola (CT),Census 2011 urban-name heuristic
32,595,5657,627961,Perumbavoor (CT),Census 2011 urban-name heuristic
32,595,5657,627962,Kunnathunad (CT),Census 2011 urban-name heuristic
32,595,5657,627963,Puthencruz (CT),Census 2011 urban-name heuristic
32,595,5657,803284,Perumbavoor (M),Census 2011 urban-name heuristic
32,595,5658,627971,Kalady (CT),Census 2011 urban-name heuristic
32,595,5658,627972,Mattoor (CT),Census 2011 urban-name heuristic
32,595,5658,627973,Vadakkumbhagom (CT),Census 2011 urban-name heuristic
32,595,5658,627974,Chowwara (CT),Census 2011 urban-name heuristic
32,595,5658,627975,Nedumbassery (CT),Census 2011 urban-name heuristic
32,595,5658,627976,Chengamanad (CT),Census 2011 urban-name heuristic
32,595,5658,627977,Kizhakkumbhagom (CT),Census 2011 urban-name heuristic
32,595,5658,627978,Thekkumbhagom (CT),Census 2011 urban-name heuristic
32,595,5658,627979,Edathala (CT),Census 2011 urban-name heuristic
32,595,5658,627980,Choornikkara (CT),Census 2011 urban-name heuristic
32,595,5658,803285,Angamaly (M),Census 2011 urban-name heuristic
32,595,5658,803286,Aluva (M),Census 2011 urban-name heuristic
32,595,5659,627983,Puthenvelikkara (CT),Census 2011 urban-name heuristic
32,595,5659,627984,Chendamangalam (CT),Census 2011 urban-name heuristic
32,595,5659,627985,Moothakunnam (CT),Census 2011 urban-name heuristic
32,595,5659,627986,Vadakkekara (CT),Census 2011 urban-name heuristic
32,595,5659,627987,Karumalloor (CT),Census 2011 urban-name heuristic
32,595,5659,627988,Kadungalloor (CT),Census 2011 urban-name heuristic
32,595,5659,627989,Alangad (CT),Census 2011 urban-name heuristic
32,595,5659,627990,Kottuvally (CT),Census 2011 urban-name heuristic
32,595,5659,627991,Varappuzha (CT),Census 2011 urban-name heuristic
32,595,5659,627992,Eloor (CT),Census 2011 urban-name heuristic
32,595,5659,645601,Kedamangalam (OG) (Part),Census 2011 urban-name heuristic
32,595,5659,803287,Paravur (M),Census 2011 urban-name heuristic
32,595,5659,803288,Kochi (M Corp. + OG) (Part),Census 2011 urban-name heuristic
32,595,5660,627998,Njarackal (CT),Census 2011 urban-name heuristic
32,595,5660,627999,Elamkunnapuzha (CT),Census 2011 urban-name heuristic
32,595,5660,628000,Puthuvype (CT),Census 2011 urban-name heuristic
32,595,5660,628001,Kumbalangy (CT),Census 2011 urban-name heuristic
32,595,5660,645602,Cheriyakadavu (OG) (Part),Census 2011 urban-name heuristic
32,595,5660,803288,Kochi (M Corp. + OG) (Part),Census 2011 urban-name heuristic
32,595,5660,803288,Kochi (M Corp.) (Part),Census 2011 urban-name heuristic
32,595,5661,628007,Kakkanad (CT),Census 2011 urban-name heuristic
32,595,5661,628008,Vazhakkala (CT),Census 2011 urban-name heuristic
32,595,5661,628009,Cheranallur (CT),Census 2011 urban-name heuristic
32,595,5661,628010,Kadamakkudy (CT),Census 2011 urban-name heuristic
32,595,5661,628011,Mulavukad (CT),Census 2011 urban-name heuristic
32,595,5661,628012,Thiruvankulam (CT),Census 2011 urban-name heuristic
32,595,5661,628013,Kanayannur (CT),Census 2011 urban-name heuristic
32,595,5661,628014,Kureekkad (CT),Census 2011 urban-name heuristic
32,595,5661,628015,Maradu (CT),Census 2011 urban-name heuristic
32,595,5661,628016,Kumbalam (CT),Census 2011 urban-name heuristic
32,595,5661,628017,Manakunnam (CT),Census 2011 urban-name heuristic
32,595,5661,628018,Mulamthuruthy (CT),Census 2011 urban-name heuristic
32,595,5661,628019,Amballur (CT),Census 2011 urban-name heuristic
32,595,5661,803288,Kochi (M Corp. + OG) (Part),Census 2011 urban-name heuristic
32,595,5661,803288,Kochi (M Corp.) (Part),Census 2011 urban-name heuristic
32,595,5661,803289,Kalamassery (M),Census 2011 urban-name heuristic
32,595,5661,803290,Thrippunithura (M),Census 2011 urban-name heuristic
32,595,5662,628037,Velloorkunnam (CT),Census 2011 urban-name heuristic
32,595,5662,803291,Muvattupuzha (M),Census 2011 urban-name heuristic
32,595,5663,628048,Eramalloor (CT),Census 2011 urban-name heuristic
32,595,5663,803292,Kothamangalam (M),Census 2011 urban-name heuristic
32,596,5666,803293,Thodupuzha (M),Census 2011 urban-name heuristic
32,597,5668,628138,Erattupetta (CT),Census 2011 urban-name heuristic
32,597,5668,803294,Palai (M),Census 2011 urban-name heuristic
32,597,5669,803295,Vaikom (M),Census 2011 urban-name heuristic
32,597,5670,628171,Ettumanoor (CT),Census 2011 urban-name heuristic
32,597,5670,628172,Athirampuzha (CT),Census 2011 urban-name heuristic
32,597,5670,628173,Aimanam (CT),Census 2011 urban-name heuristic
32,597,5670,628174,Perumbaikad (CT),Census 2011 urban-name heuristic
32,597,5670,628175,Vijayapuram (CT),Census 2011 urban-name heuristic
32,597,5670,628176,Chengalam South (CT),Census 2011 urban-name heuristic
32,597,5670,628177,Nattakam (CT),Census 2011 urban-name heuristic
32,597,5670,628178,Panachikkad (CT),Census 2011 urban-name heuristic
32,597,5670,628179,Puthuppally (CT),Census 2011 urban-name heuristic
32,597,5670,803296,Kottayam (M),Census 2011 urban-name heuristic
32,597,5671,628191,Chethipuzha (CT),Census 2011 urban-name heuristic
32,597,5671,628192,Thrikkodithanam (CT),Census 2011 urban-name heuristic
32,597,5671,628193,Paippad (CT),Census 2011 urban-name heuristic
32,597,5671,803297,Changanassery (M),Census 2011 urban-name heuristic
32,598,5673,628214,Arookutty (CT),Census 2011 urban-name heuristic
32,598,5673,628215,Aroor (CT),Census 2011 urban-name heuristic
32,598,5673,628216,Ezhupunna (CT),Census 2011 urban-name heuristic
32,598,5673,628217,Kodamthuruth (CT),Census 2011 urban-name heuristic
32,598,5673,628218,Thaikattussery (CT),Census 2011 urban-name heuristic
32,598,5673,628219,Kuthiathode (CT),Census 2011 urban-name heuristic
32,598,5673,628220,Vayalar (CT),Census 2011 urban-name heuristic
32,598,5673,628221,Pallippuram (CT),Census 2011 urban-name heuristic
32,598,5673,628222,Thanneermukkam (CT),Census 2011 urban-name heuristic
32,598,5673,628223,Kokkothamangalam (CT),Census 2011 urban-name heuristic
32,598,5673,628224,Kanjikkuzhi (CT),Census 2011 urban-name heuristic
32,598,5673,628225,Muhamma (CT),Census 2011 urban-name heuristic
32,598,5673,803298,Cherthala (M),Census 2011 urban-name heuristic
32,598,5674,628232,Mannanchery (CT),Census 2011 urban-name heuristic
32,598,5674,628233,Pathirappally (CT),Census 2011 urban-name heuristic
32,598,5674,628234,Komalapuram (CT),Census 2011 urban-name heuristic
32,598,5674,628235,Punnapra (OG),Census 2011 urban-name heuristic
32,598,5674,645603,Kalarkode (OG) (Part),Census 2011 urban-name heuristic
32,598,5674,803299,Alappuzha (M),Census 2011 urban-name heuristic
32,598,5676,628256,Haripad (CT),Census 2011 urban-name heuristic
32,598,5676,628257,Kumarapuram (CT),Census 2011 urban-name heuristic
32,598,5676,628258,Karthikappally (CT),Census 2011 urban-name heuristic
32,598,5676,628259,Chingoli (CT),Census 2011 urban-name heuristic
32,598,5676,628260,Cheppad (CT),Census 2011 urban-name heuristic
32,598,5676,628261,Pathiyoor (CT),Census 2011 urban-name heuristic
32,598,5676,628262,Keerikkad (CT),Census 2011 urban-name heuristic
32,598,5676,628263,Muthukulam (CT),Census 2011 urban-name heuristic
32,598,5676,628264,Kandalloor (CT),Census 2011 urban-name heuristic
32,598,5676,628265,Puthuppally (CT),Census 2011 urban-name heuristic
32,598,5676,628266,Krishnapuram (CT),Census 2011 urban-name heuristic
32,598,5676,803300,Kayamkulam (M),Census 2011 urban-name heuristic
32,598,5677,628276,Mannar (CT),Census 2011 urban-name heuristic
32,598,5677,628277,Kurattissery (CT),Census 2011 urban-name heuristic
32,598,5677,803301,Chengannur (M),Census 2011 urban-name heuristic
32,598,5678,628287,Kannamangalam (CT),Census 2011 urban-name heuristic
32,598,5678,628288,Chennithala (CT),Census 2011 urban-name heuristic
32,598,5678,628289,Thazhakara (CT),Census 2011 urban-name heuristic
32,598,5678,628290,Bharanikkavu (CT),Census 2011 urban-name heuristic
32,598,5678,628291,Kattanam (CT),Census 2011 urban-name heuristic
32,598,5678,803302,Mavelikkara (M),Census 2011 urban-name heuristic
32,599,5679,803303,Thiruvalla (M),Census 2011 urban-name heuristic
32,599,5682,628342,Kozhenchery (CT),Census 2011 urban-name heuristic
32,599,5682,803304,Pathanamthitta (M),Census 2011 urban-name heuristic
32,599,5683,803305,Adoor (M),Census 2011 urban-name heuristic
32,600,0,803306,Kollam (M Corp. + OG),Census 2011 urban-name heuristic
32,600,5684,628363,Oachira (CT),Census 2011 urban-name heuristic
32,600,5684,628364,Kulasekharapuram (CT),Census 2011 urban-name heuristic
32,600,5684,628365,Adinad (CT),Census 2011 urban-name heuristic
32,600,5684,628366,Thodiyoor (CT),Census 2011 urban-name heuristic
32,600,5684,628367,Kallelibhagom (CT),Census 2011 urban-name heuristic
32,600,5684,628368,Karunagappally (CT),Census 2011 urban-name heuristic
32,600,5684,628369,Ayanivelikulangara (CT),Census 2011 urban-name heuristic
32,600,5684,628370,Vadakkumthala (CT),Census 2011 urban-name heuristic
32,600,5684,628371,Panmana (CT),Census 2011 urban-name heuristic
32,600,5684,628372,Chavara (CT),Census 2011 urban-name heuristic
32,600,5684,628373,Neendakara (OG),Census 2011 urban-name heuristic
32,600,5684,803306,Kollam (M Corp. + OG) (Part),Census 2011 urban-name heuristic
32,600,5686,803307,Punalur (M),Census 2011 urban-name heuristic
32,600,5687,628430,Kottarakkara (CT),Census 2011 urban-name heuristic
32,600,5688,628374,Eravipuram (OG) (Part),Census 2011 urban-name heuristic
32,600,5688,628439,Thrikkaruva (CT),Census 2011 urban-name heuristic
32,600,5688,628440,Panayam (CT),Census 2011 urban-name heuristic
32,600,5688,628441,Perinad (CT),Census 2011 urban-name heuristic
32,600,5688,628442,Elampalloor (CT),Census 2011 urban-name heuristic
32,600,5688,628443,Nedumpana (CT),Census 2011 urban-name heuristic
32,600,5688,628444,Kottamkara (CT),Census 2011 urban-name heuristic
32,600,5688,628445,Thrikkadavoor (CT),Census 2011 urban-name heuristic
32,600,5688,628446,Thrikkovilvattom (CT),Census 2011 urban-name heuristic
32,600,5688,628447,Adichanalloor (CT),Census 2011 urban-name heuristic
32,600,5688,628448,Thazhuthala (CT),Census 2011 urban-name heuristic
32,600,5688,628449,Mayyanad (CT),Census 2011 urban-name heuristic
32,600,5688,628450,Meenad (CT),Census 2011 urban-name heuristic
32,600,5688,628451,Poothakkulam (CT),Census 2011 urban-name heuristic
32,600,5688,803306,Kollam (M Corp. + OG) (Part),Census 2011 urban-name heuristic
32,600,5688,803306,Kollam (M Corp.) (Part),Census 2011 urban-name heuristic
32,600,5688,803308,Paravoor (M),Census 2011 urban-name heuristic
32,601,0,803312,Thiruvananthapuram (M Corp. + OG),Census 2011 urban-name heuristic
32,601,5689,628473,Alamcode (CT),Census 2011 urban-name heuristic
32,601,5689,628474,Keezhattingal (CT),Census 2011 urban-name heuristic
32,601,5689,628475,Vakkom (CT),Census 2011 urban-name heuristic
32,601,5689,628476,Kizhuvalam-Koonthalloor (CT),Census 2011 urban-name heuristic
32,601,5689,628477,Edakkode (CT),Census 2011 urban-name heuristic
32,601,5689,628478,Azhoor (CT),Census 2011 urban-name heuristic
32,601,5689,803309,Varkala (M),Census 2011 urban-name heuristic
32,601,5689,803310,Attingal (M),Census 2011 urban-name heuristic
32,601,5690,628503,Vattappara (CT),Census 2011 urban-name heuristic
32,601,5690,628504,Karakulam (CT),Census 2011 urban-name heuristic
32,601,5690,803311,Nedumangad (M),Census 2011 urban-name heuristic
32,601,5691,628510,Veiloor (CT),Census 2011 urban-name heuristic
32,601,5691,628511,Pallippuram (CT),Census 2011 urban-name heuristic
32,601,5691,628512,Iroopara (CT),Census 2011 urban-name heuristic
32,601,5691,628513,Uliyazhathura (CT),Census 2011 urban-name heuristic
32,601,5691,628514,Sreekaryam (CT),Census 2011 urban-name heuristic
32,601,5691,628515,Kudappanakkunnu (CT),Census 2011 urban-name heuristic
32,601,5691,628516,Vattiyoorkavu (CT),Census 2011 urban-name heuristic
32,601,5691,628517,Kalliyoor (CT),Census 2011 urban-name heuristic
32,601,5691,628518,Venganoor (CT),Census 2011 urban-name heuristic
32,601,5691,628519,Kazhakkoottam(OG),Census 2011 urban-name heuristic
32,601,5691,803312,Thiruvananthapuram (M Corp. + OG) (Part),Census 2011 urban-name heuristic
32,601,5692,628538,Kovalam (OG) (Part),Census 2011 urban-name heuristic
32,601,5692,628539,Vilappil (CT),Census 2011 urban-name heuristic
32,601,5692,628540,Kulathummal (CT),Census 2011 urban-name heuristic
32,601,5692,628541,Malayinkeezhu (CT),Census 2011 urban-name heuristic
32,601,5692,628542,Vilavoorkkal (CT),Census 2011 urban-name heuristic
32,601,5692,628543,Pallichal (CT),Census 2011 urban-name heuristic
32,601,5692,628544,Athiyannur (CT),Census 2011 urban-name heuristic
32,601,5692,628545,Kanjiramkulam (CT),Census 2011 urban-name heuristic
32,601,5692,628546,Parasuvaikkal (CT),Census 2011 urban-name heuristic
32,601,5692,628547,Parassala (CT),Census 2011 urban-name heuristic
32,601,5692,803312,Thiruvananthapuram (M Corp. + OG) (Part),Census 2011 urban-name heuristic
32,601,5692,803313,Neyyattinkara (M),Census 2011 urban-name heuristic
33,602,5693,628628,Madaharpakkam (CT),Census 2011 urban-name heuristic
33,602,5693,628629,Peddikuppam (CT),Census 2011 urban-name heuristic
33,602,5694,628769,Athipattu (CT),Census 2011 urban-name heuristic
33,602,5694,628770,Nallur (CT),Census 2011 urban-name heuristic
33,602,5694,628771,Alamathi (CT),Census 2011 urban-name heuristic
33,602,5694,628772,Padianallur (CT),Census 2011 urban-name heuristic
33,602,5694,628773,Edayanchavadi (CT),Census 2011 urban-name heuristic
33,602,5696,803319,Tiruttani (M),Census 2011 urban-name heuristic
33,602,5697,628977,Kodivalasa (CT),Census 2011 urban-name heuristic
33,602,5697,628978,Vanganur (CT),Census 2011 urban-name heuristic
33,602,5697,628979,Ammavarikuppam (CT),Census 2011 urban-name heuristic
33,602,5697,628980,Srikalikapuram (CT),Census 2011 urban-name heuristic
33,602,5698,629119,Kakkalur (CT),Census 2011 urban-name heuristic
33,602,5698,629120,Thozhur (CT),Census 2011 urban-name heuristic
33,602,5698,629121,Vengathur (CT),Census 2011 urban-name heuristic
33,602,5698,629122,Kadambathur (CT),Census 2011 urban-name heuristic
33,602,5698,629123,Perambakkam (CT),Census 2011 urban-name heuristic
33,602,5698,803322,Thiruvallur (M),Census 2011 urban-name heuristic
33,602,5699,629152,Nadukuthagai (CT),Census 2011 urban-name heuristic
33,602,5699,629153,Nemilicheri (CT),Census 2011 urban-name heuristic
33,602,5699,629154,Kannapalayam (CT),Census 2011 urban-name heuristic
33,602,5699,629155,Senneerkuppam (CT),Census 2011 urban-name heuristic
33,602,5699,629156,Nazarathpettai (CT),Census 2011 urban-name heuristic
33,602,5699,629157,Kattupakkam (CT),Census 2011 urban-name heuristic
33,602,5699,629158,Varadarajapuram (OG),Census 2011 urban-name heuristic
33,602,5699,629177,Adayalampattu (OG),Census 2011 urban-name heuristic
33,602,5699,803323,Avadi (M),Census 2011 urban-name heuristic
33,602,5699,803325,Tiruverkadu (M),Census 2011 urban-name heuristic
33,602,5699,803327,Poonamallee (M),Census 2011 urban-name heuristic
33,602,5700,629171,Ayappakkam (CT),Census 2011 urban-name heuristic
33,602,5700,629172,Nolambur (CT),Census 2011 urban-name heuristic
33,602,5700,629173,Nerkunram (CT),Census 2011 urban-name heuristic
33,602,5700,629174,Vanagaram (CT),Census 2011 urban-name heuristic
33,602,5700,629175,Karambakkam (CT),Census 2011 urban-name heuristic
33,602,5700,629176,Ramapuram (CT),Census 2011 urban-name heuristic
33,602,5700,803328,Ambattur (M),Census 2011 urban-name heuristic
33,602,5700,803329,Maduravoyal (M),Census 2011 urban-name heuristic
33,602,5700,803330,Valasaravakkam (M),Census 2011 urban-name heuristic
33,602,5701,629195,Theerthagiriyampattu (CT),Census 2011 urban-name heuristic
33,602,5701,629196,Mathur (CT),Census 2011 urban-name heuristic
33,602,5701,629197,Kadhirvedu (CT),Census 2011 urban-name heuristic
33,602,5701,629198,Soorapattu (CT),Census 2011 urban-name heuristic
33,602,5701,629199,Puthagaram (CT),Census 2011 urban-name heuristic
33,602,5701,803332,Kattivakkam (M),Census 2011 urban-name heuristic
33,602,5701,803333,Tiruvottiyur (M),Census 2011 urban-name heuristic
33,602,5701,803334,Manali (M),Census 2011 urban-name heuristic
33,602,5701,803337,Madavaram (M),Census 2011 urban-name heuristic
33,603,99999,803339,Chennai (M Corp.),Census 2011 urban-name heuristic
33,604,5702,629345,Ayyappanthangal (CT),Census 2011 urban-name heuristic
33,604,5702,629346,Mevalurkuppam (CT),Census 2011 urban-name heuristic
33,604,5702,629347,Paraniputhur (CT),Census 2011 urban-name heuristic
33,604,5702,629348,Mugalivakkam (CT),Census 2011 urban-name heuristic
33,604,5702,629349,Sikkarayapuram (CT),Census 2011 urban-name heuristic
33,604,5702,629350,Kovur (CT),Census 2011 urban-name heuristic
33,604,5702,629351,Gerugambakkam (CT),Census 2011 urban-name heuristic
33,604,5702,629352,Manapakkam (CT),Census 2011 urban-name heuristic
33,604,5702,629353,Sirukalathur (CT),Census 2011 urban-name heuristic
33,604,5702,629354,Molachur (CT),Census 2011 urban-name heuristic
33,604,5702,629355,Padappai (CT),Census 2011 urban-name heuristic
33,604,5702,629356,Madambakkam (CT),Census 2011 urban-name heuristic
33,604,5702,629357,Periyapanicheri (OG),Census 2011 urban-name heuristic
33,604,5702,629360,Thandalam (OG),Census 2011 urban-name heuristic
33,604,5702,629361,Tharapakkam (OG),Census 2011 urban-name heuristic
33,604,5702,629362,Irandankattalai (OG),Census 2011 urban-name heuristic
33,604,5703,629370,Tiruvancheri (OG),Census 2011 urban-name heuristic
33,604,5703,803345,Tambaram (M),Census 2011 urban-name heuristic
33,604,5704,629358,Mowlivakkam (OG),Census 2011 urban-name heuristic
33,604,5704,629359,Kolapakkam (OG),Census 2011 urban-name heuristic
33,604,5704,629371,Polichalur (CT),Census 2011 urban-name heuristic
33,604,5704,629372,Tirusulam (CT),Census 2011 urban-name heuristic
33,604,5704,629373,Moovarasampettai (CT),Census 2011 urban-name heuristic
33,604,5704,629374,Cowl Bazaar (OG),Census 2011 urban-name heuristic
33,604,5704,629391,Nanmangalam (OG),Census 2011 urban-name heuristic
33,604,5704,803350,St.Thomas Mount-cum-Pallavaram (CB),Census 2011 urban-name heuristic
33,604,5704,803351,Alandur (M),Census 2011 urban-name heuristic
33,604,5704,803353,Anakaputhur (M),Census 2011 urban-name heuristic
33,604,5704,803354,Pammal (M),Census 2011 urban-name heuristic
33,604,5704,803356,Pallavaram (M),Census 2011 urban-name heuristic
33,604,5705,629381,Kottivakkam (CT),Census 2011 urban-name heuristic
33,604,5705,629382,Madippakkam (CT),Census 2011 urban-name heuristic
33,604,5705,629383,Palavakkam (CT),Census 2011 urban-name heuristic
33,604,5705,629384,Neelankarai (CT),Census 2011 urban-name heuristic
33,604,5705,629385,Oggiyamduraipakkam (CT),Census 2011 urban-name heuristic
33,604,5705,629386,Koilambakkam (CT),Census 2011 urban-name heuristic
33,604,5705,629387,Medavakkam (CT),Census 2011 urban-name heuristic
33,604,5705,629388,Injambakkam (CT),Census 2011 urban-name heuristic
33,604,5705,629389,Jalladiampet (CT),Census 2011 urban-name heuristic
33,604,5705,629390,Vengavasal (CT),Census 2011 urban-name heuristic
33,604,5705,629392,Karapakkam (OG),Census 2011 urban-name heuristic
33,604,5705,803357,Puzhithivakkam (Ullagaram) (M),Census 2011 urban-name heuristic
33,604,5706,629566,Vandalur (CT),Census 2011 urban-name heuristic
33,604,5706,629567,Nedungundram (CT),Census 2011 urban-name heuristic
33,604,5706,629568,Urapakkam (CT),Census 2011 urban-name heuristic
33,604,5706,629569,Muthukadu (CT),Census 2011 urban-name heuristic
33,604,5706,629570,Kovalam (CT),Census 2011 urban-name heuristic
33,604,5706,629571,Singaperumalkoil (CT),Census 2011 urban-name heuristic
33,604,5706,629572,Vallam (CT),Census 2011 urban-name heuristic
33,604,5706,629573,Alapakkam (CT),Census 2011 urban-name heuristic
33,604,5706,803362,Maraimalainagar (M),Census 2011 urban-name heuristic
33,604,5706,803364,Chengalpattu (M),Census 2011 urban-name heuristic
33,604,5707,629740,Konerikuppam (CT),Census 2011 urban-name heuristic
33,604,5707,629741,Sirukaveripakkam (CT),Census 2011 urban-name heuristic
33,604,5707,629742,Nattapettai (CT),Census 2011 urban-name heuristic
33,604,5707,629743,Ayyampettai (CT),Census 2011 urban-name heuristic
33,604,5707,629744,Thenambakkam (CT),Census 2011 urban-name heuristic
33,604,5707,629745,Orikkai (CT),Census 2011 urban-name heuristic
33,604,5707,803365,Kancheepuram (M),Census 2011 urban-name heuristic
33,604,5709,629963,Pudupattinam (CT),Census 2011 urban-name heuristic
33,604,5710,803372,Maduranthakam (M),Census 2011 urban-name heuristic
33,605,5712,630365,Kondasamudram (CT),Census 2011 urban-name heuristic
33,605,5712,630366,Sevur (CT),Census 2011 urban-name heuristic
33,605,5712,630367,Sathkar (CT),Census 2011 urban-name heuristic
33,605,5712,630368,Valathur (CT),Census 2011 urban-name heuristic
33,605,5712,803375,Gudiyatham (M),Census 2011 urban-name heuristic
33,605,5712,803376,Pernampattu (M),Census 2011 urban-name heuristic
33,605,5713,630469,Senur (CT),Census 2011 urban-name heuristic
33,605,5713,630470,Kilvaithinankuppam (CT),Census 2011 urban-name heuristic
33,605,5713,630471,Virudampattu (CT),Census 2011 urban-name heuristic
33,605,5713,630472,Kangeyanallur (CT),Census 2011 urban-name heuristic
33,605,5713,803379,Dharapadavedu (M),Census 2011 urban-name heuristic
33,605,5714,630546,Narasingapuram (CT),Census 2011 urban-name heuristic
33,605,5714,630547,Chettithangal (CT),Census 2011 urban-name heuristic
33,605,5714,630548,Vanapadi (CT),Census 2011 urban-name heuristic
33,605,5714,630549,Navlock Garden (CT),Census 2011 urban-name heuristic
33,605,5714,630550,Vannivedu (OG),Census 2011 urban-name heuristic
33,605,5714,803384,Walajapet (M),Census 2011 urban-name heuristic
33,605,5714,803385,Ranipettai (M),Census 2011 urban-name heuristic
33,605,5714,803386,Melvisharam (M),Census 2011 urban-name heuristic
33,605,5715,630689,Sembedu (CT),Census 2011 urban-name heuristic
33,605,5715,630690,Ammanur (CT),Census 2011 urban-name heuristic
33,605,5715,630691,Thirumalpur (CT),Census 2011 urban-name heuristic
33,605,5715,803387,Arakonam (M),Census 2011 urban-name heuristic
33,605,5716,630790,Tajpura (CT),Census 2011 urban-name heuristic
33,605,5716,803392,Arcot (M),Census 2011 urban-name heuristic
33,605,5717,630906,Alamelumangapuram (CT),Census 2011 urban-name heuristic
33,605,5717,630907,Karugampattur (CT),Census 2011 urban-name heuristic
33,605,5717,630908,Kilmanavur (CT),Census 2011 urban-name heuristic
33,605,5717,630909,Virinchipuram (CT),Census 2011 urban-name heuristic
33,605,5717,630910,Konavattam (CT),Census 2011 urban-name heuristic
33,605,5717,630911,Virupakshipuram (CT),Census 2011 urban-name heuristic
33,605,5717,630912,Palavansathu (CT),Census 2011 urban-name heuristic
33,605,5717,630913,Ariyur (CT),Census 2011 urban-name heuristic
33,605,5717,630914,Kaniyambadi (CT),Census 2011 urban-name heuristic
33,605,5717,803396,Sathuvachari (M),Census 2011 urban-name heuristic
33,605,5718,630968,Jaffrabad (CT),Census 2011 urban-name heuristic
33,605,5718,630969,Valayambattu (CT),Census 2011 urban-name heuristic
33,605,5718,630970,Devasthanam (CT),Census 2011 urban-name heuristic
33,605,5718,803404,Vaniyambadi (M),Census 2011 urban-name heuristic
33,605,5719,631065,Kailasagiri (CT),Census 2011 urban-name heuristic
33,605,5719,631066,Thuthipattu (CT),Census 2011 urban-name heuristic
33,605,5719,803406,Ambur (M),Census 2011 urban-name heuristic
33,605,5720,631158,Damalerimuthur (CT),Census 2011 urban-name heuristic
33,605,5720,631159,Pachchal (CT),Census 2011 urban-name heuristic
33,605,5720,631160,Periagaram (CT),Census 2011 urban-name heuristic
33,605,5720,631161,Tirupattur (CT),Census 2011 urban-name heuristic
33,605,5720,631162,SuPallipattu (CT),Census 2011 urban-name heuristic
33,605,5720,631163,Kasinayagampatti  (CT),Census 2011 urban-name heuristic
33,605,5720,803409,Jolarpet (M),Census 2011 urban-name heuristic
33,605,5720,803410,Tirupathur (M),Census 2011 urban-name heuristic
33,606,5721,631212,Sevur (CT),Census 2011 urban-name heuristic
33,606,5721,631213,Sathiyavijayanagaram (CT),Census 2011 urban-name heuristic
33,606,5721,631214,Paiyur (CT),Census 2011 urban-name heuristic
33,606,5721,631215,Mullipattu (CT),Census 2011 urban-name heuristic
33,606,5721,631216,Devikapuram (CT),Census 2011 urban-name heuristic
33,606,5721,803412,Arani (M),Census 2011 urban-name heuristic
33,606,5722,631434,Dusi (CT),Census 2011 urban-name heuristic
33,606,5722,631435,Kilpudupakkam (CT),Census 2011 urban-name heuristic
33,606,5722,803413,Tiruvethipuram (M),Census 2011 urban-name heuristic
33,606,5723,803415,Vandavasi (M),Census 2011 urban-name heuristic
33,606,5727,632266,Vengikkal (CT),Census 2011 urban-name heuristic
33,606,5727,803422,Tiruvannamalai (M),Census 2011 urban-name heuristic
33,607,5729,803427,Tindivanam (M),Census 2011 urban-name heuristic
33,607,5731,633050,Salamedu (CT),Census 2011 urban-name heuristic
33,607,5731,803431,Viluppuram (M),Census 2011 urban-name heuristic
33,607,5734,803440,Kallakkurichi (M),Census 2011 urban-name heuristic
33,608,5736,633798,Avadattur (CT),Census 2011 urban-name heuristic
33,608,5736,633799,Doramangalam (CT),Census 2011 urban-name heuristic
33,608,5736,803446,Mettur (M),Census 2011 urban-name heuristic
33,608,5737,633890,Kottagoundampatty (CT),Census 2011 urban-name heuristic
33,608,5737,633891,Vellakkalpatty (CT),Census 2011 urban-name heuristic
33,608,5737,633892,Kurukkupatti (CT),Census 2011 urban-name heuristic
33,608,5737,633893,Karukkalvadi (CT),Census 2011 urban-name heuristic
33,608,5738,803456,Edappadi (M),Census 2011 urban-name heuristic
33,608,5739,633955,Thappakuttai (CT),Census 2011 urban-name heuristic
33,608,5739,633956,Naduvaneri (CT),Census 2011 urban-name heuristic
33,608,5739,633957,Eranapuram (CT),Census 2011 urban-name heuristic
33,608,5740,634053,Kondappanaickenpatti (CT),Census 2011 urban-name heuristic
33,608,5740,634054,Dasanaickenpatti (CT),Census 2011 urban-name heuristic
33,608,5740,634055,Mallamooppampatti (CT),Census 2011 urban-name heuristic
33,608,5740,634056,Dalavaipatti (CT),Census 2011 urban-name heuristic
33,608,5740,634057,Majaragollappatti (CT),Census 2011 urban-name heuristic
33,608,5740,634058,Maramangalathupatti (CT),Census 2011 urban-name heuristic
33,608,5740,634059,Tirumalaigiri (CT),Census 2011 urban-name heuristic
33,608,5740,634060,Selathampatti (CT),Census 2011 urban-name heuristic
33,608,5740,634061,Sanniyasigundu (CT),Census 2011 urban-name heuristic
33,608,5740,634062,Erumapalayam (CT),Census 2011 urban-name heuristic
33,608,5740,634063,Kondalampatti (CT),Census 2011 urban-name heuristic
33,608,5740,634064,Puthur Agraharam (CT),Census 2011 urban-name heuristic
33,608,5740,634065,Neykkarappatti (CT),Census 2011 urban-name heuristic
33,608,5740,634066,Kalparapatti (CT),Census 2011 urban-name heuristic
33,608,5740,634067,Perumagoundampatti (CT),Census 2011 urban-name heuristic
33,608,5740,634068,Vembadithalam (CT),Census 2011 urban-name heuristic
33,608,5740,634069,Rajapalayam (CT),Census 2011 urban-name heuristic
33,608,5740,634070,Chennagiri (CT),Census 2011 urban-name heuristic
33,608,5740,634071,Papparapatti (CT),Census 2011 urban-name heuristic
33,608,5740,803463,Salem (M Corp.),Census 2011 urban-name heuristic
33,608,5741,634158,Yercaud (CT),Census 2011 urban-name heuristic
33,608,5742,634225,Masinaickenpatty (CT),Census 2011 urban-name heuristic
33,608,5743,803473,Attur (M),Census 2011 urban-name heuristic
33,608,5743,803474,Narasingapuram (M),Census 2011 urban-name heuristic
33,609,5745,634470,Thathankuttai (CT),Census 2011 urban-name heuristic
33,609,5745,634471,Ellandaikuttai (CT),Census 2011 urban-name heuristic
33,609,5745,634472,Periyamanali (CT),Census 2011 urban-name heuristic
33,609,5745,634473,Pallipalayam Agraharam (CT),Census 2011 urban-name heuristic
33,609,5745,634474,Pudupalayam Agraharam (CT),Census 2011 urban-name heuristic
33,609,5745,803482,Kumarapalayam (M),Census 2011 urban-name heuristic
33,609,5745,803484,Tiruchengode (M),Census 2011 urban-name heuristic
33,609,5745,803486,Pallipalayam (M),Census 2011 urban-name heuristic
33,609,5746,803493,Rasipuram (M),Census 2011 urban-name heuristic
33,609,5747,634702,Nallipalayam (CT),Census 2011 urban-name heuristic
33,609,5747,634703,Chinnamudalaipatti (CT),Census 2011 urban-name heuristic
33,609,5747,634704,Kosavampatti (CT),Census 2011 urban-name heuristic
33,609,5747,634705,Periyapatti (CT),Census 2011 urban-name heuristic
33,609,5747,634706,Kondichettipatti (CT),Census 2011 urban-name heuristic
33,609,5747,803497,Namakkal (M),Census 2011 urban-name heuristic
33,610,5749,803505,Sathyamangalam (M),Census 2011 urban-name heuristic
33,610,5749,803509,Punjaipuliampatti (M),Census 2011 urban-name heuristic
33,610,5750,634896,Kuruppanaickenpalayam (CT),Census 2011 urban-name heuristic
33,610,5750,803517,Bhavani (M),Census 2011 urban-name heuristic
33,610,5751,803523,Gobichettipalayam (M),Census 2011 urban-name heuristic
33,610,5752,635019,Vijayapuri (CT),Census 2011 urban-name heuristic
33,610,5752,635020,Mukasipidariyur (CT),Census 2011 urban-name heuristic
33,610,5752,635021,Ottapparai (CT),Census 2011 urban-name heuristic
33,610,5753,635078,Mettunasuvanpalayam (CT),Census 2011 urban-name heuristic
33,610,5753,635079,Thindal (CT),Census 2011 urban-name heuristic
33,610,5753,803539,Periyasemur (M),Census 2011 urban-name heuristic
33,610,5753,803541,Veerappanchatiram (M),Census 2011 urban-name heuristic
33,610,5753,803543,Surampatti (M),Census 2011 urban-name heuristic
33,610,5753,803544,Kasipalayam  (E) (M),Census 2011 urban-name heuristic
33,611,5754,803558,Nelliyalam (M),Census 2011 urban-name heuristic
33,611,5755,803560,Gudalur (M),Census 2011 urban-name heuristic
33,611,5756,803564,Udhagamandalam (M),Census 2011 urban-name heuristic
33,611,5758,635115,Aravankad (TS) (CT),Census 2011 urban-name heuristic
33,611,5758,635116,Hubbathala (CT),Census 2011 urban-name heuristic
33,611,5758,803567,Wellington (CB),Census 2011 urban-name heuristic
33,611,5758,803570,Coonoor (M),Census 2011 urban-name heuristic
33,612,5760,635174,Chinnakalayamputhur (CT),Census 2011 urban-name heuristic
33,612,5760,635175,Sivagiripatti (CT),Census 2011 urban-name heuristic
33,612,5760,803576,Palani (M),Census 2011 urban-name heuristic
33,612,5764,635409,Silapadi  (CT),Census 2011 urban-name heuristic
33,612,5764,635410,Chettinaickenpatti (CT),Census 2011 urban-name heuristic
33,612,5764,635411,Kurumbapatti (CT),Census 2011 urban-name heuristic
33,612,5764,635412,Balakrishnapuram (CT),Census 2011 urban-name heuristic
33,612,5764,635413,Adiyanuthu (CT),Census 2011 urban-name heuristic
33,612,5764,803589,Dindigul (M),Census 2011 urban-name heuristic
33,612,5766,803595,Kodaikanal (M),Census 2011 urban-name heuristic
33,613,5769,635581,Minampalli-Pachamadevi (CT),Census 2011 urban-name heuristic
33,613,5769,635582,Kadaparai (CT),Census 2011 urban-name heuristic
33,613,5769,635583,Andankoil  East (CT),Census 2011 urban-name heuristic
33,613,5769,635584,Senapiratti (CT),Census 2011 urban-name heuristic
33,613,5769,803606,Inam Karur (M),Census 2011 urban-name heuristic
33,613,5769,803607,Karur (M),Census 2011 urban-name heuristic
33,613,5769,803609,Thanthoni (M),Census 2011 urban-name heuristic
33,613,5771,803613,Kulithalai (M),Census 2011 urban-name heuristic
33,614,5775,803623,Thuraiyur (M),Census 2011 urban-name heuristic
33,614,5776,635874,Pichandarkovil (CT),Census 2011 urban-name heuristic
33,614,5777,635962,Thalakudi (CT),Census 2011 urban-name heuristic
33,614,5778,636012,Nagamangalam (CT),Census 2011 urban-name heuristic
33,614,5778,636013,Kulathur (CT),Census 2011 urban-name heuristic
33,614,5779,803631,Tiruchirappalli (M Corp.),Census 2011 urban-name heuristic
33,614,5780,636033,Pappankurichi (CT),Census 2011 urban-name heuristic
33,614,5780,636034,Ellakkudy (CT),Census 2011 urban-name heuristic
33,614,5780,636035,Krishnasamudram (CT),Census 2011 urban-name heuristic
33,614,5780,636036,Valavandankottai (CT),Census 2011 urban-name heuristic
33,614,5780,636037,Navalpattu (CT),Census 2011 urban-name heuristic
33,614,5780,636038,Palaganangudy (CT),Census 2011 urban-name heuristic
33,614,5780,803634,Thuvakudi  (M),Census 2011 urban-name heuristic
33,614,5781,803635,Manapparai (M),Census 2011 urban-name heuristic
33,615,5783,803639,Perambalur (M),Census 2011 urban-name heuristic
33,616,5786,803643,Jayankondam (M),Census 2011 urban-name heuristic
33,616,5787,803645,Ariyalur (M),Census 2011 urban-name heuristic
33,617,5788,636612,Lakshminarayanapuram (CT),Census 2011 urban-name heuristic
33,617,5788,803648,Nellikuppam (M),Census 2011 urban-name heuristic
33,617,5788,803649,Panruti (M),Census 2011 urban-name heuristic
33,617,5789,636682,Kondur (CT),Census 2011 urban-name heuristic
33,617,5789,636683,Gunduuppalavadi (CT),Census 2011 urban-name heuristic
33,617,5789,636684,Padirikuppam (CT),Census 2011 urban-name heuristic
33,617,5789,803650,Cuddalore (M),Census 2011 urban-name heuristic
33,617,5790,636738,Neyveli (TS) (CT),Census 2011 urban-name heuristic
33,617,5791,636913,Pallippadai (CT),Census 2011 urban-name heuristic
33,617,5791,636914,Chidambaram  (Nm) (CT),Census 2011 urban-name heuristic
33,617,5791,636915,Usuppur (CT),Census 2011 urban-name heuristic
33,617,5791,803657,Chidambaram (M),Census 2011 urban-name heuristic
33,617,5793,637226,Periyakurichi (CT),Census 2011 urban-name heuristic
33,617,5793,803664,Virudhachalam (M),Census 2011 urban-name heuristic
33,618,5795,803667,Sirkali (M),Census 2011 urban-name heuristic
33,618,5796,803670,Mayiladuthurai (M),Census 2011 urban-name heuristic
33,618,5799,637707,Manjakollai (CT),Census 2011 urban-name heuristic
33,618,5799,637708,Poravacheri (CT),Census 2011 urban-name heuristic
33,618,5799,803674,Nagapattinam (M),Census 2011 urban-name heuristic
33,618,5802,803678,Vedaranyam (M),Census 2011 urban-name heuristic
33,619,5806,803684,Thiruvarur (M),Census 2011 urban-name heuristic
33,619,5807,803686,Kuthanallur (M),Census 2011 urban-name heuristic
33,619,5808,803687,Mannargudi (M),Census 2011 urban-name heuristic
33,619,5809,803688,Thiruthuraipoondi (M),Census 2011 urban-name heuristic
33,620,5811,638573,Perumandi (CT),Census 2011 urban-name heuristic
33,620,5811,638574,Ullur (CT),Census 2011 urban-name heuristic
33,620,5811,638575,Annalagraharam (CT),Census 2011 urban-name heuristic
33,620,5811,638576,Natchiarkoil (CT),Census 2011 urban-name heuristic
33,620,5811,803697,Kumbakonam (M),Census 2011 urban-name heuristic
33,620,5812,638683,Chakkarapalli (CT),Census 2011 urban-name heuristic
33,620,5814,638845,Pudupattinam (CT),Census 2011 urban-name heuristic
33,620,5814,638846,Nanjikottai (CT),Census 2011 urban-name heuristic
33,620,5814,638847,Neelagiri (CT),Census 2011 urban-name heuristic
33,620,5814,638848,Vilar (CT),Census 2011 urban-name heuristic
33,620,5814,803707,Thanjavur (M),Census 2011 urban-name heuristic
33,620,5816,803711,Pattukkottai (M),Census 2011 urban-name heuristic
33,621,5818,639295,Viralimalai (CT),Census 2011 urban-name heuristic
33,621,5821,639446,Nathampannai (CT),Census 2011 urban-name heuristic
33,621,5821,639447,Pudukkottai (CT),Census 2011 urban-name heuristic
33,621,5821,803718,Pudukkottai (M),Census 2011 urban-name heuristic
33,621,5824,639647,Kallangudy (CT),Census 2011 urban-name heuristic
33,621,5826,803724,Aranthangi (M),Census 2011 urban-name heuristic
33,621,5827,639867,Ammapattinam (CT),Census 2011 urban-name heuristic
33,621,5827,639868,Keelamanjakudi (CT),Census 2011 urban-name heuristic
33,622,5830,640126,Sankarapuram (CT),Census 2011 urban-name heuristic
33,622,5830,803733,Karaikkudi (M),Census 2011 urban-name heuristic
33,622,5831,803734,Devakottai (M),Census 2011 urban-name heuristic
33,622,5832,803736,Sivaganga (M),Census 2011 urban-name heuristic
33,623,5835,803741,Melur (M),Census 2011 urban-name heuristic
33,623,5836,640706,Arumbanur (CT),Census 2011 urban-name heuristic
33,623,5836,640707,Samayanallur (CT),Census 2011 urban-name heuristic
33,623,5836,640708,Thiruppalai (CT),Census 2011 urban-name heuristic
33,623,5836,640709,Narasingam (CT),Census 2011 urban-name heuristic
33,623,5836,640710,Kannanendal (CT),Census 2011 urban-name heuristic
33,623,5836,640711,Nagavakulam (CT),Census 2011 urban-name heuristic
33,623,5836,640712,Othakadai (CT),Census 2011 urban-name heuristic
33,623,5836,640713,Melamadai (CT),Census 2011 urban-name heuristic
33,623,5836,640714,Vandiyur (CT),Census 2011 urban-name heuristic
33,623,5836,640715,Sakkimangalam (CT),Census 2011 urban-name heuristic
33,623,5836,803742,Anaiyur (M),Census 2011 urban-name heuristic
33,623,5838,803749,Usilampatti (M),Census 2011 urban-name heuristic
33,623,5840,803753,Thirumangalam (M),Census 2011 urban-name heuristic
33,623,5841,641061,Nagamalaipudukottai (CT),Census 2011 urban-name heuristic
33,623,5841,641062,Karadipatti (CT),Census 2011 urban-name heuristic
33,623,5841,641063,Vilacheri (CT),Census 2011 urban-name heuristic
33,623,5841,641064,Iravadanallur (CT),Census 2011 urban-name heuristic
33,623,5841,641065,Viraganur (CT),Census 2011 urban-name heuristic
33,623,5841,641066,Chinna Anuppanadi (CT),Census 2011 urban-name heuristic
33,623,5841,641067,Thanakkankulam (CT),Census 2011 urban-name heuristic
33,623,5841,641068,Silaiman (CT),Census 2011 urban-name heuristic
33,623,5841,641069,Samanatham (CT),Census 2011 urban-name heuristic
33,623,5841,641070,Nilaiyur  (I Bit) (CT),Census 2011 urban-name heuristic
33,623,5841,641071,Tirupparankundram (OG),Census 2011 urban-name heuristic
33,623,5841,803754,Madurai (M Corp.),Census 2011 urban-name heuristic
33,623,5841,803756,Avaniapuram (M),Census 2011 urban-name heuristic
33,623,5841,803757,Thiruparankundram (M),Census 2011 urban-name heuristic
33,624,5842,803760,Bodinayakanur (M),Census 2011 urban-name heuristic
33,624,5843,803767,Periyakulam (M),Census 2011 urban-name heuristic
33,624,5844,803769,Theni Allinagaram (M),Census 2011 urban-name heuristic
33,624,5845,803777,Chinnamanur (M),Census 2011 urban-name heuristic
33,624,5845,803783,Kambam (M),Census 2011 urban-name heuristic
33,624,5845,803784,Gudalur (M),Census 2011 urban-name heuristic
33,625,5847,641208,Samusigapuram (CT),Census 2011 urban-name heuristic
33,625,5847,641209,Ramalingapuram (CT),Census 2011 urban-name heuristic
33,625,5847,641210,Dhalavoipuram (CT),Census 2011 urban-name heuristic
33,625,5847,803787,Rajapalayam (M),Census 2011 urban-name heuristic
33,625,5848,641267,Padikkasu vaithanpatti (CT),Census 2011 urban-name heuristic
33,625,5848,803794,Srivilliputhur (M),Census 2011 urban-name heuristic
33,625,5849,641310,Sengamalanachiarpatti (CT),Census 2011 urban-name heuristic
33,625,5849,641311,Pallapatti (CT),Census 2011 urban-name heuristic
33,625,5849,641312,Naranapuram (CT),Census 2011 urban-name heuristic
33,625,5849,641313,Anaiyur (CT),Census 2011 urban-name heuristic
33,625,5849,641314,Sithurajapuram (CT),Census 2011 urban-name heuristic
33,625,5849,641315,Viswanatham (CT),Census 2011 urban-name heuristic
33,625,5849,641316,Anuppankulam (CT),Census 2011 urban-name heuristic
33,625,5849,641317,Alangulam (CT),Census 2011 urban-name heuristic
33,625,5849,803796,Thiruthangal (M),Census 2011 urban-name heuristic
33,625,5849,803797,Sivakasi (M),Census 2011 urban-name heuristic
33,625,5850,641365,Sivagnanapuram (CT),Census 2011 urban-name heuristic
33,625,5850,641366,Chathirareddipatti (CT),Census 2011 urban-name heuristic
33,625,5850,641367,Pavali (CT),Census 2011 urban-name heuristic
33,625,5850,641368,Amathur (CT),Census 2011 urban-name heuristic
33,625,5850,641369,Rosalpatti (CT),Census 2011 urban-name heuristic
33,625,5850,641370,Kooraikundu (CT),Census 2011 urban-name heuristic
33,625,5850,641371,Vadi (CT),Census 2011 urban-name heuristic
33,625,5850,803798,Virudhunagar (M),Census 2011 urban-name heuristic
33,625,5853,641698,Kullursandai (CT),Census 2011 urban-name heuristic
33,625,5853,641699,Palayampatti (CT),Census 2011 urban-name heuristic
33,625,5853,641700,Soolakkarai (CT),Census 2011 urban-name heuristic
33,625,5853,641701,Athipatti (CT),Census 2011 urban-name heuristic
33,625,5853,803801,Aruppukkottai (M),Census 2011 urban-name heuristic
33,625,5854,641763,Mettamalai (CT),Census 2011 urban-name heuristic
33,625,5854,641764,Venkatachalapuram (CT),Census 2011 urban-name heuristic
33,625,5854,641765,Padandal (CT),Census 2011 urban-name heuristic
33,625,5854,641766,Chatrapatti (CT),Census 2011 urban-name heuristic
33,625,5854,641767,Elayirampannai (CT),Census 2011 urban-name heuristic
33,625,5854,803802,Sattur (M),Census 2011 urban-name heuristic
33,626,5855,641862,Sundarapandianpattinam (CT),Census 2011 urban-name heuristic
33,626,5856,641956,Melaparthibanur (CT),Census 2011 urban-name heuristic
33,626,5856,803805,Paramakudi (M),Census 2011 urban-name heuristic
33,626,5860,642162,Devipattinam  (CT),Census 2011 urban-name heuristic
33,626,5860,642163,Sakkarakottai (CT),Census 2011 urban-name heuristic
33,626,5860,642164,Pattinamkattan (CT),Census 2011 urban-name heuristic
33,626,5860,642165,Periapattinam  (CT),Census 2011 urban-name heuristic
33,626,5860,803810,Ramanathapuram (M),Census 2011 urban-name heuristic
33,626,5860,803812,Keelakarai (M),Census 2011 urban-name heuristic
33,626,5861,803813,Rameswaram (M),Census 2011 urban-name heuristic
33,627,5862,642240,Iluppaiyurani (CT),Census 2011 urban-name heuristic
33,627,5862,642241,Tittangulam (CT),Census 2011 urban-name heuristic
33,627,5862,642242,Inam Maniyachi (CT),Census 2011 urban-name heuristic
33,627,5862,642243,Pandavarmangalam (CT),Census 2011 urban-name heuristic
33,627,5862,642244,Manthithoppu (CT),Census 2011 urban-name heuristic
33,627,5862,803814,Kovilpatti (M),Census 2011 urban-name heuristic
33,627,5865,642449,Pudiyamputhur (CT),Census 2011 urban-name heuristic
33,627,5866,642475,Sankaraperi (CT),Census 2011 urban-name heuristic
33,627,5866,642476,Mappilaiurani (CT),Census 2011 urban-name heuristic
33,627,5866,642477,Milavittan (CT),Census 2011 urban-name heuristic
33,627,5866,642478,Muttayyapuram (CT),Census 2011 urban-name heuristic
33,627,5866,642479,Kumaragiri (CT),Census 2011 urban-name heuristic
33,627,5866,642480,Athimarapatti (CT),Census 2011 urban-name heuristic
33,627,5866,803821,Thoothukkudi (M Corp.),Census 2011 urban-name heuristic
33,627,5868,642593,Veerapandianpattinam (Town) (CT),Census 2011 urban-name heuristic
33,627,5868,803826,Kayalpattinam (M),Census 2011 urban-name heuristic
33,628,5870,803839,Puliankudi (M),Census 2011 urban-name heuristic
33,628,5871,803841,Sankarankoil (M),Census 2011 urban-name heuristic
33,628,5873,803843,Kadayanallur (M),Census 2011 urban-name heuristic
33,628,5873,803846,Tenkasi (M),Census 2011 urban-name heuristic
33,628,5874,642790,Sumaitheerthapuram (CT),Census 2011 urban-name heuristic
33,628,5874,803855,Shenkottai (M),Census 2011 urban-name heuristic
33,628,5875,642822,Nallur (CT),Census 2011 urban-name heuristic
33,628,5876,803860,Tirunelveli (M Corp.),Census 2011 urban-name heuristic
33,628,5878,642991,Kadayam (CT),Census 2011 urban-name heuristic
33,628,5878,642992,Kila Ambur (CT),Census 2011 urban-name heuristic
33,628,5878,642993,Sivanthipuram (CT),Census 2011 urban-name heuristic
33,628,5878,803863,Vikramasingapuram (M),Census 2011 urban-name heuristic
33,628,5878,803864,Ambasamudram (M),Census 2011 urban-name heuristic
33,628,5880,643089,Terkukallikulam (CT),Census 2011 urban-name heuristic
33,628,5880,643090,Vaddakkankulam (CT),Census 2011 urban-name heuristic
33,628,5880,643091,Overi (CT),Census 2011 urban-name heuristic
33,628,5880,643092,Kuthankuzhi (CT),Census 2011 urban-name heuristic
33,629,5881,643101,Puliyoorsalai (CT),Census 2011 urban-name heuristic
33,629,5881,643102,Manjalumoodu (CT),Census 2011 urban-name heuristic
33,629,5881,643103,Muzhucode (CT),Census 2011 urban-name heuristic
33,629,5881,643104,Malayadi (CT),Census 2011 urban-name heuristic
33,629,5881,643105,Vanniyoor (CT),Census 2011 urban-name heuristic
33,629,5881,643106,Maruthancode (CT),Census 2011 urban-name heuristic
33,629,5881,643107,Vellamcode (CT),Census 2011 urban-name heuristic
33,629,5881,643108,Kulappuram  (CT),Census 2011 urban-name heuristic
33,629,5881,643109,Adaikkakuzhi (CT),Census 2011 urban-name heuristic
33,629,5881,643110,Methukummal (CT),Census 2011 urban-name heuristic
33,629,5881,643111,Vilavancode (CT),Census 2011 urban-name heuristic
33,629,5881,643112,Choozhal (CT),Census 2011 urban-name heuristic
33,629,5881,643113,Nadaikavu (CT),Census 2011 urban-name heuristic
33,629,5881,643114,Vavarai (CT),Census 2011 urban-name heuristic
33,629,5881,643115,Mancad (CT),Census 2011 urban-name heuristic
33,629,5881,643116,Vilathurai (CT),Census 2011 urban-name heuristic
33,629,5881,643117,Nattalam  (CT),Census 2011 urban-name heuristic
33,629,5881,643118,Painkulam  (CT),Census 2011 urban-name heuristic
33,629,5881,643119,Paloor (CT),Census 2011 urban-name heuristic
33,629,5881,643120,Midalam (CT),Census 2011 urban-name heuristic
33,629,5881,643121,Mathicode (CT),Census 2011 urban-name heuristic
33,629,5881,803886,Kuzhithurai (M),Census 2011 urban-name heuristic
33,629,5882,643139,Ayacode (CT),Census 2011 urban-name heuristic
33,629,5882,643140,Kattathurai (CT),Census 2011 urban-name heuristic
33,629,5882,643141,Kannanoor (CT),Census 2011 urban-name heuristic
33,629,5882,643142,Thikkanamcode (CT),Census 2011 urban-name heuristic
33,629,5882,643143,Nullivilai (CT),Census 2011 urban-name heuristic
33,629,5882,643144,Athivilai (CT),Census 2011 urban-name heuristic
33,629,5882,643145,Kattimancode (CT),Census 2011 urban-name heuristic
33,629,5882,803907,Padmanabhapuram (M),Census 2011 urban-name heuristic
33,629,5882,803917,Colachel (M),Census 2011 urban-name heuristic
33,629,5883,643164,Thadikarankonam (CT),Census 2011 urban-name heuristic
33,629,5883,643165,Chenbagaramanputhur  (CT),Census 2011 urban-name heuristic
33,629,5884,643186,Putheri (CT),Census 2011 urban-name heuristic
33,629,5884,643187,Gandipuram (CT),Census 2011 urban-name heuristic
33,629,5884,643188,Peruvilai (CT),Census 2011 urban-name heuristic
33,629,5884,643189,Dharamapuram  (CT),Census 2011 urban-name heuristic
33,629,5884,643190,Pallanthurai (CT),Census 2011 urban-name heuristic
33,629,5884,643191,Manakudi (CT),Census 2011 urban-name heuristic
33,629,5884,803927,Nagercoil (M),Census 2011 urban-name heuristic
33,630,5888,643626,Hale-Dharmapuri (CT),Census 2011 urban-name heuristic
33,630,5888,643627,Lakkiampatti (CT),Census 2011 urban-name heuristic
33,630,5888,803948,Dharmapuri (M),Census 2011 urban-name heuristic
33,631,5890,643848,Zuzuvadi (CT),Census 2011 urban-name heuristic
33,631,5890,643849,Avalapalli (CT),Census 2011 urban-name heuristic
33,631,5890,643850,Mookondapalli (CT),Census 2011 urban-name heuristic
33,631,5890,803951,Hosur (M),Census 2011 urban-name heuristic
33,631,5891,643997,Venkatapuram (CT),Census 2011 urban-name heuristic
33,631,5891,643998,Kattiganapalli (CT),Census 2011 urban-name heuristic
33,631,5891,803954,Krishnagiri (M),Census 2011 urban-name heuristic
33,632,5895,803961,Mettupalayam (M),Census 2011 urban-name heuristic
33,632,5896,644400,Kaniyur (CT),Census 2011 urban-name heuristic
33,632,5896,644401,Arasur (CT),Census 2011 urban-name heuristic
33,632,5896,644402,K.Madapur (CT),Census 2011 urban-name heuristic
33,632,5896,644403,Muthugoundam Pudur (CT),Census 2011 urban-name heuristic
33,632,5896,644404,Neelambur (CT),Census 2011 urban-name heuristic
33,632,5896,644405,Chinniam palayam (CT),Census 2011 urban-name heuristic
33,632,5896,644406,Pattanam (CT),Census 2011 urban-name heuristic
33,632,5897,644442,Kurudampalayam (CT),Census 2011 urban-name heuristic
33,632,5897,644443,Ashokapuram (CT),Census 2011 urban-name heuristic
33,632,5897,644444,Chinnathadagam (CT),Census 2011 urban-name heuristic
33,632,5897,644445,Vilankurichi (CT),Census 2011 urban-name heuristic
33,632,5897,644446,Somayampalayam (CT),Census 2011 urban-name heuristic
33,632,5897,803981,Goundampalayam (M),Census 2011 urban-name heuristic
33,632,5898,644473,Perur Chettipalayam (CT),Census 2011 urban-name heuristic
33,632,5898,644474,Malumichampatti (CT),Census 2011 urban-name heuristic
33,632,5898,803984,Coimbatore (M Corp.),Census 2011 urban-name heuristic
33,632,5898,803989,Kurichi (M),Census 2011 urban-name heuristic
33,632,5898,803990,Kuniyamuthur (M),Census 2011 urban-name heuristic
33,632,5899,644591,Koil palayam (CT),Census 2011 urban-name heuristic
33,632,5899,644592,Achipatti (CT),Census 2011 urban-name heuristic
33,632,5899,644593,Chinnampalayam (CT),Census 2011 urban-name heuristic
33,632,5899,644594,Makkinampatti (CT),Census 2011 urban-name heuristic
33,632,5899,804002,Pollachi (M),Census 2011 urban-name heuristic
33,632,5900,804010,Valparai (M),Census 2011 urban-name heuristic
33,633,5901,804013,Vellakoil (M),Census 2011 urban-name heuristic
33,633,5902,804018,Dharapuram (M),Census 2011 urban-name heuristic
33,633,5903,644772,Vellaravalli (CT),Census 2011 urban-name heuristic
33,633,5903,644773,Perumanallur (CT),Census 2011 urban-name heuristic
33,633,5903,644774,Palangarai (CT),Census 2011 urban-name heuristic
33,633,5903,644775,Sembianallur (CT),Census 2011 urban-name heuristic
33,633,5903,644776,Velayudampalayam (CT),Census 2011 urban-name heuristic
33,633,5903,644777,Chengappalli (CT),Census 2011 urban-name heuristic
33,633,5903,644778,Morattupalayam (CT),Census 2011 urban-name heuristic
33,633,5903,644779,Sircar Periapalayam (CT),Census 2011 urban-name heuristic
33,633,5904,644790,Kanakkampalayam (CT),Census 2011 urban-name heuristic
33,633,5904,644791,Neripperichal (CT),Census 2011 urban-name heuristic
33,633,5904,644792,Chettipalayam (CT),Census 2011 urban-name heuristic
33,633,5904,644793,Thottipalayam (CT),Census 2011 urban-name heuristic
33,633,5904,644794,Mannarai (CT),Census 2011 urban-name heuristic
33,633,5904,644795,Mangalam (CT),Census 2011 urban-name heuristic
33,633,5904,644796,Andipalayam (CT),Census 2011 urban-name heuristic
33,633,5904,644797,Iduvai (CT),Census 2011 urban-name heuristic
33,633,5904,644798,Muruganpalayam (CT),Census 2011 urban-name heuristic
33,633,5904,644799,Muthanampalayam (CT),Census 2011 urban-name heuristic
33,633,5904,644800,Veerapandi (CT),Census 2011 urban-name heuristic
33,633,5904,804024,Velampalayam (M),Census 2011 urban-name heuristic
33,633,5904,804025,S.Nallur (M),Census 2011 urban-name heuristic
33,633,5905,644826,Karaipudur (CT),Census 2011 urban-name heuristic
33,633,5905,644827,Manickapuram (CT),Census 2011 urban-name heuristic
33,633,5905,644828,Semmipalayam (CT),Census 2011 urban-name heuristic
33,633,5905,804028,Palladam (M),Census 2011 urban-name heuristic
33,633,5906,644879,Periakottai (CT),Census 2011 urban-name heuristic
33,633,5906,644880,Kanakkampalayam (CT),Census 2011 urban-name heuristic
33,633,5906,644881,Poolankinar (CT),Census 2011 urban-name heuristic
33,633,5906,804029,Udumalaipettai  (M),Census 2011 urban-name heuristic
34,634,5908,804035,Yanam (M),Census 2011 urban-name heuristic
34,635,5909,644921,Ariankuppam (CT),Census 2011 urban-name heuristic
34,635,5909,644922,Manavely (CT),Census 2011 urban-name heuristic
34,635,5909,804036,Puducherry (M),Census 2011 urban-name heuristic
34,635,5910,804037,Ozhukarai (M),Census 2011 urban-name heuristic
34,635,5911,644959,Villianur (CT),Census 2011 urban-name heuristic
34,635,5911,644960,Odiampet (OG),Census 2011 urban-name heuristic
34,636,5913,804039,Mahe (M),Census 2011 urban-name heuristic
34,637,5914,644995,Thirumalairayanpattinam (CT),Census 2011 urban-name heuristic
34,637,5914,804040,Karaikal (M),Census 2011 urban-name heuristic
35,639,5921,645439,Bakultala (CT),Census 2011 urban-name heuristic
35,640,5922,645516,Bambooflat (CT),Census 2011 urban-name heuristic
35,640,5923,645550,Prothrapur (CT),Census 2011 urban-name heuristic
35,640,5923,645551,Garacharma (CT),Census 2011 urban-name heuristic
35,640,5923,804041,Port Blair (M Cl),Census 2011 urban-name heuristic
