id,state,district,region,latitude,longitude,altitude_m,popularity_score,accessibility,nearest_airport,nearest_railway_station,nearest_major_city,nearest_major_city_distance_km,road_connectivity,budget_category,mid_range_category,luxury_category,trip_types,primary_attractions,activities_available,unique_experiences,hidden_gems,best_seasons,avoid_seasons,peak_tourist_season,off_season,average_temperature,rainfall_pattern,ideal_for,ideal_for_why,special_considerations,minimum_days,ideal_days,maximum_days,suggested_itinerary,accommodation_types,food_scene,safety_rating,safety_notes,internet_connectivity,mobile_network,atm_availability,language_spoken,permits_required,local_culture,festivals_events,local_customs,shopping_highlights,local_cuisine_must_try,last_updated,data_sources,user_reviews_summary,recent_developments,sustainability_notes,destination_name,permits_details
1,Goa,"North Goa, South Goa",West India,15.3,73.8,50,9,Easy,"{""name"": ""Dabolim Airport"", ""distance_km"": 22}","{""name"": ""Margao Railway Station"", ""distance_km"": 35}",Bengaluru,600,Excellent,"{""accommodation_range"": [800, 1500], ""food_range"": [300, 600], ""activities_range"": [200, 500], ""local_transport_range"": [100, 200], ""total_daily_range"": [1400, 2800]}","{""accommodation_range"": [2000, 4000], ""food_range"": [600, 1200], ""activities_range"": [500, 1000], ""local_transport_range"": [200, 400], ""total_daily_range"": [3300, 6600]}","{""accommodation_range"": [8000, 20000], ""food_range"": [1500, 3000], ""activities_range"": [1000, 2500], ""local_transport_range"": [300, 600], ""total_daily_range"": [10800, 26100]}",Beach | Cultural | Food | Nightlife | Wellness | Photography,Baga Beach | Calangute Beach | Old Goa Churches | Fort Aguada | Dudhsagar Falls | Spice Plantations,Beach hopping | Water sports | Temple and church visits | Ayurveda spas | Nightlife | River cruise,"Indo-Portuguese heritage, vibrant nightlife, spice plantations, waterfall excursions",Palolem Beach | Agonda Beach | Arambol Beach | Morjim Beach | Netravali Lake | Tambdi Surla Temple,Winter | Post-Monsoon,Peak Monsoon,December-January,May-September,"{""winter"": ""20-32°C"", ""summer"": ""25-35°C"", ""monsoon"": ""22-30°C""}",Heavy monsoon June-September; coastal humidity high year-round,Solo | Couple | Family_with_kids | Family_with_elderly | Friends,"{""Couple"": ""Romantic sunsets, beach stays, quiet South Goa beaches"", ""Friends"": ""Nightlife, water sports, party beaches"", ""Solo"": ""Safe, easy to navigate, lots of hostels and social activities"", ""Family_with_kids"": ""Gentle beaches, resorts with pools and activities"", ""Family_with_elderly"": ""Good medical facilities, easy transport, plenty of relaxed sightseeing""}",Very crowded and expensive in Christmas–New Year week; respect dress codes in churches and temples.,2.0,5.0,10,"Day 1: Panjim & Old Goa churches; Day 2: North Goa beaches (Baga, Calangute, Aguada); Day 3: South Goa (Colva, Palolem); Day 4: Dudhsagar Falls & spice plantation; Day 5: Leisure, river cruise, shopping.",Hotels | Resorts | Homestays | Beach shacks (seasonal) | Hostels,"Excellent seafood, Goan cuisine, beach shacks, many vegetarian and international options.",7,Generally safe; occasional petty theft near crowded beaches and nightlife areas.,Excellent in main beach belts and towns.,Jio | Airtel | Vi,Widely available in towns and main beaches.,Konkani | Marathi | Hindi | English,False,Strong Catholic and Konkani traditions with visible Portuguese architectural influence.,"Carnival (Feb-Mar), Shigmo, Christmas and New Year celebrations, Feast of St. Francis Xavier.",Remove footwear in temples; modest clothing in churches; avoid loud behaviour in residential areas at night.,Spices | cashews | feni | handicrafts | beachwear.,Goan fish curry rice | Prawn balchao | Pork vindaloo | Bebinca | Feni,2026-01-12,web:185 | web:186 | web:188 | web:189 | web:192,"Great mix of beaches, nightlife, and heritage; best in winter; monsoon is quiet but very wet.",Improved coastal safety measures and upgraded tourism facilities in 2024–2025.,Plastic restrictions on several beaches; support eco-certified operators where possible.,Goa,Not required
2,Ladakh,"Leh, Kargil",North India,34.16,77.58,3505,9,Moderate,"{""name"": ""Kushok Bakula Rimpochee Airport (Leh)"", ""distance_km"": 5}","{""name"": ""Jammu Tawi"", ""distance_km"": 420}",Srinagar,420,Good but seasonal; highways via Manali and Srinagar close in peak winter.,"{""accommodation_range"": [600, 1500], ""food_range"": [400, 800], ""activities_range"": [300, 700], ""local_transport_range"": [200, 400], ""total_daily_range"": [1500, 3400]}","{""accommodation_range"": [2000, 4000], ""food_range"": [800, 1500], ""activities_range"": [700, 1500], ""local_transport_range"": [400, 700], ""total_daily_range"": [3900, 7700]}","{""accommodation_range"": [7000, 15000], ""food_range"": [1500, 3000], ""activities_range"": [1500, 3000], ""local_transport_range"": [700, 1500], ""total_daily_range"": [10700, 22500]}",Adventure | Nature | Cultural | Religious | Photography | Trekking,Leh Palace | Shanti Stupa | Pangong Tso | Nubra Valley | Khardung La | Tso Moriri | Hemis Monastery,High-altitude trekking | Motorbike touring | River rafting (Zanskar) | Monastery visits | Camping | 4x4 road trips,"High-altitude desert landscapes, monasteries, starry night skies, challenging mountain passes.",Turtuk (in Nubra region) | Alchi Monastery | Hemis National Park | Remote villages like Hanle,Summer | Early Autumn,Deep Winter,June-August,November-March,"{""winter"": ""-15 to -5°C"", ""summer"": ""10-25°C (day), can go below 5°C at night"", ""monsoon"": ""data_not_available""}",Very low rainfall; cold desert climate with snow in winter.,Adventure_seekers | Photographers | Trekking_enthusiasts | Couples | Friends,"{""Adventure_seekers"": ""High passes, remote valleys, rugged terrain."", ""Photographers"": ""Dramatic mountains, lakes, night skies."", ""Trekking_enthusiasts"": ""Multiple trekking routes and homestay trails.""}",Risk of altitude sickness; acclimatise 24–48 hours in Leh; some border areas require permits.,4.0,7.0,14,Day 1–2: Leh acclimatisation and local sights; Day 3–4: Nubra Valley; Day 5: Pangong day/overnight; Day 6: Monasteries; Day 7: Buffer/extra exploration.,Guesthouses | Hotels | Homestays | Luxury camps (seasonal),"Local Tibetan and Ladakhi dishes, basic North Indian, limited Western options.",8,"Low crime but high environmental risk (altitude, weather); keep permits handy in checkpost areas.",Improving in Leh town; patchy or absent in remote valleys.,Jio | Airtel | BSNL (spotty outside Leh),Several ATMs in Leh; carry cash for remote areas.,Ladakhi | Hindi | English,True,Tibetan Buddhist cultural region with monasteries and traditional villages.,"Hemis Festival, Losar (New Year), various monastery festivals.",Remove shoes in monasteries; ask before photographing locals or rituals; avoid loud behaviour.,Pashmina shawls | Handicrafts | Prayer flags | Thangka paintings,Momos | Thukpa | Butter tea | Skyu | Apricot products,2026-01-12,web:181 | web:184 | web:183,Spectacular but demanding destination; preparation for altitude and weather is essential.,Road and airport upgrades and new homestays have expanded options for visitors.,"Water is scarce; avoid plastic, use refillable bottles, and respect fragile high-altitude ecosystems.",Ladakh (Leh),"Inner Line Permits required for areas like Nubra, Pangong, Tso Moriri (check latest rules before travel)."
3,Rajasthan,Jaipur,North India,26.9124,75.7873,431,9,Easy,"{""name"": ""Jaipur International Airport"", ""distance_km"": 12}","{""name"": ""Jaipur Junction"", ""distance_km"": 3}",Delhi,280,Excellent via national highways from Delhi and other cities.,"{""accommodation_range"": [700, 1400], ""food_range"": [250, 500], ""activities_range"": [200, 400], ""local_transport_range"": [150, 300], ""total_daily_range"": [1300, 2600]}","{""accommodation_range"": [1500, 3500], ""food_range"": [400, 800], ""activities_range"": [300, 700], ""local_transport_range"": [300, 600], ""total_daily_range"": [2500, 5600]}","{""accommodation_range"": [6000, 18000], ""food_range"": [1000, 2500], ""activities_range"": [700, 2000], ""local_transport_range"": [600, 1200], ""total_daily_range"": [8300, 23700]}",Heritage | Cultural | Photography | Shopping | Food,Amer Fort | City Palace | Hawa Mahal | Jantar Mantar | Nahargarh Fort | Jaigarh Fort,Fort tours | Guided heritage walks | Food walks | Shopping in bazaars | Light and sound shows,"Pink city architecture, royal palaces, hilltop forts with city views.",Panna Meena ka Kund | Albert Hall Museum at night | Stone observatory corners at Jantar Mantar,Winter | Late Autumn,Peak Summer (April-June afternoons),November-February,May-September (hot and some monsoon showers),"{""winter"": ""10-25°C"", ""summer"": ""28-42°C"", ""monsoon"": ""25-32°C""}",Monsoon June-September with short but intense showers.,Families | Couples | History_buff | First_time_India_traveller,"{""History_buff"": ""Rich Rajput and Mughal architecture and museums."", ""Families"": ""Fort visits, elephant/jeep rides at Amer, easy logistics.""}",Forts and palaces involve stair climbing; hot afternoons in summer.,2.0,3.0,4,"Day 1: City Palace, Jantar Mantar, Hawa Mahal; Day 2: Amer Fort and Jaigarh; Day 3: Nahargarh Fort sunset and local markets.",Budget hotels | Havelis | Heritage hotels | Luxury hotels,"Strong Rajasthani cuisine, sweets, and street food; many vegetarian options.",8,Busy markets; watch for pickpockets in crowds and negotiate auto fares.,Good 4G and wired broadband in city.,Jio | Airtel | Vi,Very good coverage across the city.,Hindi | Rajasthani | English widely understood,False,Mix of Rajput royal heritage and vibrant local traditions.,"Jaipur Literature Festival, Teej, Holi, Diwali.",Dress modestly at religious places; bargaining common in bazaars.,Handicrafts | Block-printed textiles | Jewellery | Blue pottery,Dal Baati Churma | Ghewar | Kachori | Laal Maas (for non-vegetarians),2026-01-12,web:190 | web:193 | web:183,Highly recommended for first-time visitors to India and heritage lovers.,Tourism infrastructure and palace restoration projects have improved visitor facilities.,Support heritage conservation by using authorised guides and tickets.,Jaipur,Not required
4,Uttar Pradesh,Varanasi,North India,25.3176,82.9739,81,9,Easy,"{""name"": ""Lal Bahadur Shastri Airport"", ""distance_km"": 26}","{""name"": ""Varanasi Junction / Kashi"", ""distance_km"": 2}",Prayagraj,120,Good highway connections to major UP cities.,"{""accommodation_range"": [600, 1200], ""food_range"": [250, 500], ""activities_range"": [200, 400], ""local_transport_range"": [150, 300], ""total_daily_range"": [1200, 2400]}","{""accommodation_range"": [1500, 3000], ""food_range"": [400, 800], ""activities_range"": [300, 700], ""local_transport_range"": [250, 500], ""total_daily_range"": [2450, 5000]}","{""accommodation_range"": [5000, 15000], ""food_range"": [800, 2000], ""activities_range"": [700, 2000], ""local_transport_range"": [400, 800], ""total_daily_range"": [6900, 23800]}",Religious | Spiritual | Cultural | Photography,Dashashwamedh Ghat | Kashi Vishwanath Temple | Assi Ghat | Sarnath | Manikarnika Ghat | Ganga Aarti,Sunrise boat ride | Evening Ganga Aarti viewing | Temple visits | Old city walking tours | Sarnath day trip,"Ancient ghats, ritual bathing, cremation ghats and intense spiritual atmosphere.",Less crowded ghats upriver | Small akharas and ashrams | Quiet lanes behind ghats,Winter | Early Spring,Peak Summer (heat) | Days of very high river levels in heavy monsoon,November-March,May-June (very hot),"{""winter"": ""10-25°C"", ""summer"": ""30-42°C"", ""monsoon"": ""26-32°C""}",Monsoon June-September; Ganga level can rise significantly.,Pilgrims | Spiritual_seekers | Photographers | Culture_lovers,"{""Pilgrims"": ""Major Hindu tirtha with many temples and ghats."", ""Photographers"": ""Vivid scenes of daily ritual life along the river.""}",Crowds around main ghats and temple; strong sights and smells at cremation ghats; respect photography restrictions.,2.0,3.0,4,"Day 1: Evening Ganga Aarti and ghats; Day 2: Sunrise boat ride, Kashi Vishwanath and old city; Day 3: Sarnath excursion and quieter ghats.",Budget lodges | Ghatside guesthouses | Mid-range hotels | Luxury hotels,"Famous for vegetarian food, sweets, chaat and lassi; mostly budget-friendly.",7,Busy and crowded; keep valuables secure; be cautious with touts offering boat rides or ‘special darshan’.,Good in most central areas.,Jio | Airtel | Vi,Good coverage in central city and by major roads.,Hindi | Bhojpuri | English (in tourist areas),False,"One of the oldest continuously inhabited cities, with deep ritual and philosophical traditions.","Dev Deepawali, important Hindu festivals, and frequent local melas.",Dress modestly; remove shoes in temples; do not photograph cremations without explicit permission.,Banarasi silk sarees | Brassware | Rudraksha and religious items,Kachori-sabzi | Banarasi paan | Lassi | Street chaat,2026-01-12,web:191 | web:194 | web:183,Intense but unforgettable experience; spiritual and photogenic but can feel overwhelming.,Major riverfront and infrastructure upgrades as part of Kashi development projects.,River-cleaning and ghat conservation underway; support operators who follow waste and pollution norms.,Varanasi (Kashi),Not required
5,Uttar Pradesh,Agra,North India,27.1767,78.0081,171,10,Easy,"{""name"": ""Agra Airport (Pandit Deen Dayal Upadhyay)"", ""distance_km"": 7}","{""name"": ""Agra Cantt"", ""distance_km"": 3}",Delhi,220,Excellent via Yamuna Expressway and national highways.,"{""accommodation_range"": [700, 1400], ""food_range"": [250, 500], ""activities_range"": [300, 600], ""local_transport_range"": [150, 300], ""total_daily_range"": [1400, 2800]}","{""accommodation_range"": [1500, 3500], ""food_range"": [400, 800], ""activities_range"": [600, 1000], ""local_transport_range"": [300, 600], ""total_daily_range"": [2800, 5900]}","{""accommodation_range"": [5000, 16000], ""food_range"": [800, 2000], ""activities_range"": [800, 2000], ""local_transport_range"": [400, 800], ""total_daily_range"": [7000, 24800]}",Heritage | Photography | Short_break,Taj Mahal | Agra Fort | Mehtab Bagh | Itmad-ud-Daulah (Baby Taj),Sunrise Taj Mahal visit | Fort tours | Yamuna riverside views | Heritage walks,World-famous Taj Mahal views at sunrise and sunset.,Mehtab Bagh at sunset | Less-known viewpoints along Yamuna,Winter | Late Autumn,Hottest summer weeks,November-February,May-June,"{""winter"": ""8-24°C"", ""summer"": ""30-44°C"", ""monsoon"": ""26-32°C""}",Monsoon June-September.,First_time_visitors | Heritage_lovers | Day_trip_from_Delhi,"{""First_time_visitors"": ""Iconic UNESCO site and easy logistics."", ""Day_trip_from_Delhi"": ""Highway and express train connections.""}",Closed on some specific days for maintenance or official events; check Taj Mahal timings and ticket rules.,1.0,2.0,3,"Day 1: Taj Mahal at sunrise, Agra Fort, Mehtab Bagh in evening; Day 2: Itmad-ud-Daulah and local markets.",Budget hotels | Mid-range hotels | Luxury hotels with Taj views,North Indian cuisine with many budget and mid-range restaurants.,8,Tourist-heavy; common touts; use official guides where needed.,Good 4G coverage.,Jio | Airtel | Vi,Good in city and tourist areas.,Hindi | English widely used in tourism sector,False,Mughal heritage city with strong tourism orientation.,Taj Mahotsav cultural festival and standard Indian festivals.,Security checks at monuments; certain items not allowed inside Taj premises.,Marble handicrafts | Inlay work | Leather goods,Petha sweets | Mughlai dishes,2026-01-12,web:177 | web:183,Must-see for Taj Mahal; most visitors stay 1–2 nights.,Improved visitor facilities and e-ticketing systems.,Air-quality measures and traffic restrictions near Taj to protect the monument.,Agra,Not required
6,Rajasthan,Udaipur,West India,24.5854,73.7125,598,8,Moderate,"{""name"": ""Maharana Pratap Airport (Dabok)"", ""distance_km"": 22}","{""name"": ""Udaipur City"", ""distance_km"": 2}",Ahmedabad,260,Good highways from major Rajasthan and Gujarat cities.,"{""accommodation_range"": [800, 1500], ""food_range"": [250, 500], ""activities_range"": [200, 400], ""local_transport_range"": [150, 300], ""total_daily_range"": [1400, 2700]}","{""accommodation_range"": [1500, 3500], ""food_range"": [400, 800], ""activities_range"": [400, 900], ""local_transport_range"": [250, 500], ""total_daily_range"": [2550, 5700]}","{""accommodation_range"": [6000, 20000], ""food_range"": [800, 2500], ""activities_range"": [800, 2000], ""local_transport_range"": [400, 800], ""total_daily_range"": [8000, 25300]}",Heritage | Romantic | Photography,City Palace | Lake Pichola | Jag Mandir | Jagdish Temple | Fateh Sagar Lake,Boat rides | Palace tours | Sunset viewpoints | Heritage walks,"Lake city views, palace hotels and narrow old lanes.",Monsoon Palace (Sajjangarh) | Lesser-known ghats on Lake Pichola,Winter | Autumn,Peak summer afternoons,November-February,May-June,"{""winter"": ""10-25°C"", ""summer"": ""28-40°C"", ""monsoon"": ""24-30°C""}",Moderate monsoon July-September.,Couples | Families | Heritage_lovers,"{""Couples"": ""Romantic lakeside atmosphere and sunset boat rides."", ""Heritage_lovers"": ""Palaces, temples, traditional markets.""}",Hilly old city lanes; steep steps at some viewpoints.,2.0,3.0,4,Day 1: City Palace and old city; Day 2: Lake Pichola boat ride and Jag Mandir; Day 3: Monsoon Palace and Fateh Sagar.,Budget guesthouses | Havelis | Mid-range hotels | Luxury palace hotels,"Rajasthani and North Indian cuisine, lakeside cafes and rooftop restaurants.",8,Generally safe; traffic in narrow lanes can be busy.,Good in town and tourist belt.,Jio | Airtel | Vi,Good coverage in main city.,Hindi | Rajasthani | English (tourist areas),False,Mewar royal heritage with strong traditions and festivals.,"Mewar Festival, Shilpgram fair, Holi, Diwali.",Standard temple etiquette and modest dressing.,Miniature paintings | Handicrafts | Textiles | Jewellery,Dal Baati Churma | Mirchi vada | Mawa kachori,2026-01-12,web:177 | web:183,Popular romantic and heritage city with scenic lakes.,Lakefront beautification and improved tourist services.,Respect lake cleanliness and avoid littering on ghats.,Udaipur,Not required
7,Kerala,"Alappuzha, Kottayam",South India,9.4981,76.3388,1,9,Moderate,"{""name"": ""Cochin International Airport"", ""distance_km"": 83}","{""name"": ""Alappuzha / Kottayam"", ""distance_km"": 5}",Kochi,60,Good state highways from Kochi and Trivandrum.,"{""accommodation_range"": [800, 1600], ""food_range"": [250, 500], ""activities_range"": [300, 700], ""local_transport_range"": [200, 400], ""total_daily_range"": [1550, 3200]}","{""accommodation_range"": [1800, 4000], ""food_range"": [400, 800], ""activities_range"": [700, 1400], ""local_transport_range"": [300, 600], ""total_daily_range"": [3200, 6800]}","{""accommodation_range"": [6000, 20000], ""food_range"": [800, 2000], ""activities_range"": [1000, 2500], ""local_transport_range"": [400, 800], ""total_daily_range"": [8200, 25300]}",Nature | Wellness | Relaxation | Family,Vembanad Lake | Houseboat cruises | Alleppey canals | Kumarakom Bird Sanctuary,Houseboat overnight stay | Canoe rides | Village walks | Bird watching,"Sleeping on a houseboat, passing through narrow canals and village life by the water.",Smaller village-based homestays | Sunrise canoe rides in narrow canals,Winter | Post-Monsoon,Peak Monsoon for houseboats if heavy rain,November-February,June-August (heavier rain),"{""winter"": ""22-30°C"", ""summer"": ""26-34°C"", ""monsoon"": ""24-30°C""}",Heavy monsoon June-September; lush landscapes afterward.,Couples | Families | Relaxation_seekers,"{""Couples"": ""Romantic houseboat stays and sunsets."", ""Families"": ""Safe, slow-paced cruises with full-board options.""}",Check safety and operator licences for houseboats; mosquitoes at dusk; humidity high.,1.0,2.0,4,Day 1: Board houseboat and overnight cruise; Day 2: Village visits and canoe ride or Kumarakom bird sanctuary.,Houseboats | Backwater resorts | Homestays | Budget lodges in town,"Kerala cuisine with fresh fish and coconut-based dishes, often included in houseboat packages.",8,Generally safe; verify safety standards for boats.,Good in towns; variable on water depending on network.,Jio | Airtel | Vi,Available in towns like Alappuzha and Kumarakom.,Malayalam | Hindi (basic) | English (tourist sector),False,Traditional Keralite coastal and backwater lifestyle.,"Nehru Trophy Boat Race (Alleppey), Onam celebrations.",Respect local village privacy and dress modestly.,Coir products | Spices | Coconut-based products,Karimeen pollichathu | Meen curry | Appam with stew,2026-01-12,web:177 | web:180,Very relaxing and scenic; houseboat quality varies by operator.,Growth in eco-certified houseboat and homestay options.,Choose operators with waste-management practices to reduce water pollution.,Kerala Backwaters (Alappuzha & Kumarakom),Not required
8,Karnataka,Kodagu,South India,12.3375,75.8069,1150,7,Moderate,"{""name"": ""Kannur / Mangalore (via road)"", ""distance_km"": 120}","{""name"": ""Mysuru / Hassan (by road connections)"", ""distance_km"": 100}",Bengaluru,260,Good state highways; hilly roads but well-travelled.,"{""accommodation_range"": [800, 1500], ""food_range"": [250, 500], ""activities_range"": [200, 400], ""local_transport_range"": [200, 400], ""total_daily_range"": [1450, 2800]}","{""accommodation_range"": [1500, 3000], ""food_range"": [400, 800], ""activities_range"": [400, 800], ""local_transport_range"": [300, 600], ""total_daily_range"": [2600, 5200]}","{""accommodation_range"": [5000, 15000], ""food_range"": [800, 2000], ""activities_range"": [800, 1600], ""local_transport_range"": [400, 800], ""total_daily_range"": [7000, 19400]}",Nature | Coffee_estates | Family | Short_break,Coffee plantations | Abbey Falls | Raja's Seat | Dubare Elephant Camp | Talakaveri,Plantation walks | Short treks | Elephant interaction (check ethics) | Scooter/jeep tours,Staying in coffee estate homestays and misty hills.,Smaller private waterfalls (with permission) | Interior village trails,Winter | Post-Monsoon,Peak monsoon for trekking (slippery),October-February,June-August (heavier rains),"{""winter"": ""14-26°C"", ""summer"": ""20-32°C"", ""monsoon"": ""18-26°C""}",Heavy monsoon; very green afterwards.,Families | Couples | Nature_lovers,"{""Nature_lovers"": ""Green hills, waterfalls and estate stays."", ""Families"": ""Easy walks, scenic viewpoints and relaxed town.""}",Leeches on forest trails in monsoon; winding roads may affect motion-sensitive travellers.,2.0,3.0,4,Day 1: Madikeri sights and Raja's Seat; Day 2: Abbey Falls and Dubare; Day 3: Coffee estate experience.,Homestays | Resorts | Guesthouses,"Coorgi cuisine, South Indian meals, and homely food at homestays.",8,"Generally safe hill region; be cautious on wet, curvy roads.",Good in towns; moderate in estates.,Jio | Airtel | Vi (varies by valley),In main towns like Madikeri and Virajpet.,Kannada | Kodava Takk | Hindi (basic) | English in tourism),False,Distinct Kodava warrior culture with unique festivals and dress.,"Kailpodh, Puthari harvest festival.",Respect private estate boundaries; ask before entering plantation trails.,Coffee | Spices | Homemade chocolates,Pandi curry (pork) | Kadumbuttu (rice dumplings) | Noolputtu,2026-01-12,web:177 | web:182,Popular long-weekend destination from Bengaluru; peaceful and green.,More homestays and eco-resorts have opened across Kodagu.,Support low-impact estate stays and avoid litter on nature trails.,Coorg (Kodagu),Not required
9,Arunachal Pradesh,Lower Subansiri,Northeast India,27.5947,93.8385,1500,5,Difficult,"{""name"": ""Lilabari (Assam) / Donyi Polo (Itanagar)"", ""distance_km"": 120}","{""name"": ""Naharlagun / North Lakhimpur (via road)"", ""distance_km"": 100}",Itanagar,110,Hilly roads; long travel time; improved but still slow.,"{""accommodation_range"": [700, 1300], ""food_range"": [250, 500], ""activities_range"": [200, 400], ""local_transport_range"": [300, 600], ""total_daily_range"": [1450, 2800]}","{""accommodation_range"": [1300, 2500], ""food_range"": [400, 800], ""activities_range"": [400, 800], ""local_transport_range"": [500, 900], ""total_daily_range"": [2600, 5000]}","{""accommodation_range"": [3000, 7000], ""food_range"": [600, 1500], ""activities_range"": [600, 1500], ""local_transport_range"": [700, 1200], ""total_daily_range"": [4900, 11200]}",Culture | Nature | Offbeat | Festival,Rice fields and pine hills | Apatani tribal villages | Ziro Music Festival (annual),Village walks | Cultural immersion | Short hikes | Music festival attendance,Experiencing Apatani culture and staying in homestays in a high valley.,Smaller village trails | Local bamboo bridges | Farmer-led experiences,"Autumn (for festival) | Winter (cool, dry) | Spring",Peak monsoon due to heavy rain and road issues,Around Ziro Music Festival dates (usually September),Rainiest months when roads are difficult,"{""winter"": ""5-18°C"", ""summer"": ""15-26°C"", ""monsoon"": ""18-24°C""}",High rainfall in monsoon; misty conditions.,Offbeat_travellers | Culture_seekers | Backpackers,"{""Offbeat_travellers"": ""Relatively few visitors and immersive experiences."", ""Culture_seekers"": ""Unique Apatani culture and architecture.""}",Permits required for Arunachal; limited ATM and network availability; modest infrastructure.,3.0,4.0,6,Day 1: Arrive and acclimatise; Day 2–3: Village walks and valley exploration; extra days for festival or extended hikes.,Homestays | Guesthouses | Festival camps (seasonal),"Simple local food with rice, vegetables and meat; limited restaurant variety.",8,Generally safe but very remote; ensure local contacts and updated route info.,Limited and often slow.,Mostly BSNL; others patchy,Very limited; carry sufficient cash.,Apatani dialects | Hindi (some) | Basic English in tourism),True,Apatani tribe with distinctive farming and social customs.,Ziro Music Festival; local agricultural and religious festivals.,Ask before photographing people; respect village rules and privacy.,Local handicrafts | Bamboo and cane work,Local rice beer (for those who drink) | Apatani smoked meat and vegetable dishes,2026-01-12,web:177 | web:183,"Peaceful, culturally rich and remote; journey can be long but worthwhile.",Improved festival infrastructure and road works in recent years.,Culturally sensitive tourism is crucial to avoid disrupting traditional lifestyles.,Ziro Valley,Inner Line Permit (ILP) for Indians; Protected Area Permit (PAP) rules for foreigners.
10,Meghalaya,East Khasi Hills,Northeast India,25.2016,91.9193,1500,6,Moderate,"{""name"": ""Shillong / Guwahati"", ""distance_km"": 90}","{""name"": ""Guwahati"", ""distance_km"": 120}",Shillong,80,Hilly but decent roads from Shillong and Guwahati.,"{""accommodation_range"": [700, 1300], ""food_range"": [250, 500], ""activities_range"": [200, 400], ""local_transport_range"": [300, 600], ""total_daily_range"": [1450, 2800]}","{""accommodation_range"": [1300, 2500], ""food_range"": [400, 800], ""activities_range"": [400, 800], ""local_transport_range"": [500, 900], ""total_daily_range"": [2600, 5000]}","{""accommodation_range"": [3000, 7000], ""food_range"": [600, 1500], ""activities_range"": [600, 1500], ""local_transport_range"": [700, 1200], ""total_daily_range"": [4900, 11200]}",Nature | Eco_tourism | Offbeat | Short_break,Mawlynnong village (promoted as very clean) | Nearby living root bridges | Skywalk viewpoints over Bangladesh plains,Village walks | Short treks | Viewpoint climbs | Nature photography,Experiencing well-maintained village environment and traditional Khasi architecture.,Less-visited root bridges | Quiet walking paths around the village,Winter | Autumn | Spring,Heaviest monsoon weeks for road safety,October-February weekends and holidays,Intense monsoon periods,"{""winter"": ""10-22°C"", ""summer"": ""18-27°C"", ""monsoon"": ""18-24°C""}",High rainfall overall; Meghalaya known for heavy monsoon.,Families | Nature_lovers | Eco_travellers | Road_trip_planners,"{""Nature_lovers"": ""Lush greenery, forest trails, valley views."", ""Eco_travellers"": ""Village cleanliness and community-led tourism.""}",Accommodation mostly simple homestays; roads can be foggy and slippery in rain.,1.0,2.0,3,Day trip from Shillong or 1–2-night stay combining village time and root bridge hikes.,Homestays | Guesthouses | Basic lodges,"Simple local Khasi and basic Indian dishes, often in homestays.",8,Safe community; take care on steep and wet paths.,Limited; some mobile data in certain spots.,Mostly Jio and Airtel in patches,Nearest ATMs in larger towns on the way; carry cash.,Khasi | Hindi (some) | Basic English for tourists,False,Khasi matrilineal society with strong village-level organisation.,Local Khasi festivals and church gatherings.,Respect village cleanliness norms; use designated bins and avoid plastic.,Local bamboo handicrafts (limited scale) | Simple souvenirs,Jadoh (rice and meat dish where available) | Local snacks and tea,2026-01-12,web:177 | web:180,Charming and tidy village with nice views; can get day-trip crowds from Shillong.,Increase in homestays and small eateries catering to visitors.,Village-led cleanliness and waste management are key attractions; visitors should follow rules strictly.,Mawlynnong & nearby (including Living Root Bridges region),Not required
11,Himachal Pradesh,Shimla,North India,31.1048,77.1734,2200,8,Easy,"{""name"": ""Shimla Airport (Jubberhatti)"", ""distance_km"": 22}","{""name"": ""Kalka (for toy train) / Shimla"", ""distance_km"": 90}",Chandigarh,115,Good hill roads from Chandigarh and Delhi; frequent buses and taxis.,"{""accommodation_range"": [800, 1500], ""food_range"": [250, 500], ""activities_range"": [200, 400], ""local_transport_range"": [200, 400], ""total_daily_range"": [1450, 2800]}","{""accommodation_range"": [1500, 3000], ""food_range"": [400, 800], ""activities_range"": [400, 800], ""local_transport_range"": [300, 600], ""total_daily_range"": [2600, 5200]}","{""accommodation_range"": [5000, 15000], ""food_range"": [800, 2000], ""activities_range"": [800, 1600], ""local_transport_range"": [400, 800], ""total_daily_range"": [7000, 19400]}",Hill_station | Family | Short_break | Heritage,Mall Road | The Ridge | Jakhoo Temple | Christ Church | Kalka–Shimla Toy Train | Kufri (nearby),Leisure walks on Mall Road | Toy train ride | Temple visits | Short hikes | Snow activities in season (Kufri),Colonial hill station charm with views over the Himalayas.,Heritage walk around Viceregal Lodge area | Less crowded viewpoints beyond main Ridge,Spring | Summer | Autumn | Snowy winter (if roads clear),Peak monsoon for landslide risk,April–June and late December–early January,Monsoon months with heavier rain,"{""winter"": ""0-15°C (can drop below 0°C during snowfall)"", ""summer"": ""15-28°C"", ""monsoon"": ""15-22°C""}",Receives regular monsoon rain; occasional fog and drizzle common.,Families | Couples | First_time_hill_station_visitors,"{""Families"": ""Easy walks, toy train, viewpoints and accessible attractions."", ""First_time_hill_station_visitors"": ""Classic Himalayan hill town with full facilities.""}",Steep walks and stairs around Mall Road and Ridge; parking restrictions in core area.,2.0,3.0,4,"Day 1: Mall Road, Ridge, Christ Church; Day 2: Jakhoo Temple and Viceregal Lodge; Day 3: Kufri day trip for snow (in season).",Budget hotels | Mid-range hotels | Heritage properties | Resorts around town,"Plenty of North Indian and some Himachali food options, cafes along Mall Road.",8,Generally safe; watch footing on icy or wet roads.,Good 4G and broadband in main town.,Jio | Airtel | Vi,Many ATMs in central areas.,Hindi | Pahari dialects | English (tourist areas),False,Himachali hill town with colonial history and local temples.,"Summer Festival, standard pan-India festivals.","Temple etiquette (remove shoes, modest clothing).",Woollens | Handicrafts | Local jams and pickles | Wooden souvenirs,Siddu (local bread) | Madra | Traditional Himachali thali,2026-01-12,web:195 | web:196 | web:197 | web:199,"Classic, somewhat crowded hill station with easy access and many viewpoints.",Improved road links and tourism amenities; more organised toy-train and Kufri packages.,Overcrowding and waste in peak season; choose accommodations with waste management and avoid littering.,Shimla,Not required
12,Himachal Pradesh,Kangra,North India,32.219,76.3234,1450,7,Moderate,"{""name"": ""Kangra (Gaggal) Airport"", ""distance_km"": 15}","{""name"": ""Pathankot (major)"", ""distance_km"": 90}",Chandigarh,250,Good but hilly; overnight buses from Delhi and Chandigarh.,"{""accommodation_range"": [700, 1300], ""food_range"": [250, 500], ""activities_range"": [200, 500], ""local_transport_range"": [200, 400], ""total_daily_range"": [1350, 2700]}","{""accommodation_range"": [1300, 2500], ""food_range"": [400, 800], ""activities_range"": [400, 800], ""local_transport_range"": [300, 600], ""total_daily_range"": [2400, 4700]}","{""accommodation_range"": [4000, 12000], ""food_range"": [800, 2000], ""activities_range"": [800, 1600], ""local_transport_range"": [400, 800], ""total_daily_range"": [6000, 16400]}",Spiritual | Culture | Trekking | Hill_station | Short_break,McLeod Ganj main square | Tsuglagkhang (Dalai Lama temple) | Bhagsu Nag | Norbulingka Institute | Triund trek (nearby),Monastery visits | Short hikes | Triund day/overnight trek | Food and cafe hopping | Tibetan culture walks,"Blend of Tibetan exile community, monasteries and Himalayan scenery.",Norbulingka Institute gardens | Small cafes with valley views | Quieter trails beyond Bhagsu,Spring | Summer | Autumn,Peak monsoon for landslides | Mid-winter if heavy snow on roads,April–June and September–October,Monsoon months and coldest winter weeks,"{""winter"": ""2-15°C (colder nights)"", ""summer"": ""18-28°C"", ""monsoon"": ""16-24°C""}",Receives significant monsoon rainfall; mist and cloud common.,Backpackers | Spiritual_seekers | Trekking_enthusiasts | Café_culture_lovers,"{""Spiritual_seekers"": ""Tibetan monasteries, teachings and peaceful surroundings."", ""Trekking_enthusiasts"": ""Popular Triund trek and other local hikes.""}",Steep roads and alleys; Triund and other treks require basic fitness and weather awareness.,2.0,3.0,5,"Day 1: Dalai Lama temple and McLeod cafes; Day 2: Norbulingka and Bhagsu; Day 3: Triund trek (day trip or overnight, weather-permitting).",Budget guesthouses | Hostels | Mid-range hotels | Boutique stays,"Strong cafe culture with Tibetan, Israeli, Italian and Indian options.",8,Popular with solo travellers; take usual precautions on treks and at night.,Good in town centers; patchy on trekking trails.,Jio | Airtel | Vi (varies by slope),Available in McLeod Ganj and Dharamshala town.,Hindi | Tibetan | English (widely in tourist-facing areas),False,Tibetan Buddhist community-in-exile alongside local Himachali population.,"Tibetan New Year (Losar), Buddhist teachings and events, local fairs.",Respect monastery rules and silence; ask before taking close-up photos.,Tibetan handicrafts | Prayer flags | Woollens | Art from Norbulingka,Tibetan momos | Thukpa | Tingmo | Local bakery items,2026-01-12,web:200 | web:203,Chilled-out Himalayan town with strong Tibetan flavour and popular day hikes.,More organised trekking and guided tour options; increased cafe and homestay scene.,Mountain waste management is a concern; carry back trash from treks and minimise plastic use.,Dharamshala & McLeod Ganj,Not required
13,Himachal Pradesh,Kullu,North India,32.2432,77.1892,2050,9,Moderate,"{""name"": ""Kullu–Manali (Bhuntar) Airport"", ""distance_km"": 50}","{""name"": ""Joginder Nagar / Chandigarh (road connects)"", ""distance_km"": 140}",Chandigarh,300,Well-connected by overnight buses and taxis; mountain roads with hairpin bends.,"{""accommodation_range"": [800, 1500], ""food_range"": [250, 500], ""activities_range"": [300, 700], ""local_transport_range"": [250, 500], ""total_daily_range"": [1600, 3200]}","{""accommodation_range"": [1500, 3500], ""food_range"": [400, 800], ""activities_range"": [700, 1400], ""local_transport_range"": [300, 700], ""total_daily_range"": [2900, 6400]}","{""accommodation_range"": [5000, 15000], ""food_range"": [800, 2000], ""activities_range"": [1200, 2500], ""local_transport_range"": [500, 1000], ""total_daily_range"": [7500, 20500]}",Hill_station | Adventure | Honeymoon | Family | Trekking,Old Manali | Hadimba Temple | Solang Valley | Rohtang Pass (seasonal) | Beas River,"Paragliding (in Solang, seasonal, weather-based) | River rafting (in Kullu region, seasonal) | Skiing/snow play near Rohtang or Solang in season | Short treks | Cafe-hopping",Gateway to high mountains with easy access to snow (in season) and adventure sports.,Villages around Old Manali and Vashisht | Less-crowded viewpoints along Beas,Spring | Summer | Autumn | For snow: late winter/early spring depending on snowfall,Very heavy monsoon spells and days with landslide warnings,April–June and December–January,Late monsoon weeks and shoulder months (variable),"{""winter"": ""-2-12°C (colder at higher points)"", ""summer"": ""12-28°C"", ""monsoon"": ""15-22°C""}",Moderate to heavy monsoon with occasional road blockages.,Adventure_seekers | Families | Honeymooners | Road_trip_planners,"{""Adventure_seekers"": ""Solang, Rohtang, paragliding, rafting, treks."", ""Honeymooners"": ""Scenic valleys, cafes, variety of stays.""}",Rohtang permits may be required; weather and snow can close passes; traffic jams in peak holiday periods.,3.0,4.0,6,"Day 1: Hadimba, Old Manali; Day 2: Solang Valley; Day 3: Rohtang/Atal Tunnel region (seasonal); extra days for Naggar or Kasol side-trips.",Budget hotels | Guesthouses | Cottages | Resorts,"Many restaurants and cafes offering North Indian, Tibetan, and continental dishes.",8,Adventure activities must be booked with reputable operators; road safety important in winter and monsoon.,Good in town; moderate in some surrounding villages.,Jio | Airtel | Vi,Several ATMs in Manali town.,Hindi | Pahari | English (tourism),False,Himachali hill culture with strong tourism influence.,"Winter Carnival, Dussehra celebrations in Kullu valley.",Temple etiquette at Hadimba and local shrines.,Woollens | Handicrafts | Dry fruits,Siddu | Trout fish (where available) | Local thali,2026-01-12,web:201 | web:204,"Very popular, sometimes crowded, but offers snow, scenery and adventure in one base.",Atal Tunnel and improved highways have changed access patterns and enabled more year-round travel.,Crowding and waste around Solang and Rohtang; choose operators who follow environmental guidelines.,Manali,Not required
14,Arunachal Pradesh,Tawang,Northeast India,27.586,91.859,3048,6,Difficult,"{""name"": ""Tezpur / Guwahati (Assam, by road)"", ""distance_km"": 320}","{""name"": ""Rangiya / Guwahati"", ""distance_km"": 340}",Guwahati,450,"Long, high mountain roads via Bomdila and Sela Pass; weather-dependent.","{""accommodation_range"": [800, 1500], ""food_range"": [250, 500], ""activities_range"": [200, 500], ""local_transport_range"": [300, 600], ""total_daily_range"": [1550, 3100]}","{""accommodation_range"": [1500, 3000], ""food_range"": [400, 800], ""activities_range"": [400, 800], ""local_transport_range"": [500, 900], ""total_daily_range"": [2800, 5500]}","{""accommodation_range"": [3500, 8000], ""food_range"": [600, 1500], ""activities_range"": [600, 1500], ""local_transport_range"": [700, 1200], ""total_daily_range"": [5400, 12200]}",Spiritual | Mountain | Photography | Offbeat | Border_region,"Tawang Monastery | Sela Pass (en route) | Bum La Pass (border, permits) | War Memorial | High-altitude lakes",Monastery visits | High-mountain drives | Short walks to lakes | War memorial visits,Remote Himalayan Buddhist region with dramatic passes and monasteries.,Smaller monasteries and villages around Tawang | Less-visited lakes off the main road (with local guidance),Late Spring | Summer | Early Autumn,Heavy winter snow and peak monsoon for landslides,April–June and September–October,Deep winter and heavy monsoon weeks,"{""winter"": ""-5-10°C (colder at passes)"", ""summer"": ""8-20°C"", ""monsoon"": ""10-18°C""}",Mountain weather with snow in winter and heavy rain in monsoon.,Offbeat_mountain_lovers | Spiritual_travellers | Photography_enthusiasts,"{""Offbeat_mountain_lovers"": ""Long, rewarding journey into a remote Himalayan area."", ""Spiritual_travellers"": ""Large and historic Buddhist monasteries.""}",Permits required for Arunachal; road conditions and weather can be challenging; altitude and cold require preparation.,5.0,6.0,8,Day 1–2: Travel from Guwahati/Tezpur via Bomdila; Day 3–4: Tawang and nearby sights; Day 5–6: Return journey with stops.,Guesthouses | Small hotels | Homestays,Simple local and basic Indian food; limited variety in remote spots.,7,Border area and remote routes; keep permits and weather information updated.,Limited; better in main town but unreliable.,BSNL strongest; others patchy,Limited; carry sufficient cash.,Local dialects | Hindi (some) | Basic English in tourism),True,Monpa Buddhist culture with Tibetan influence.,"Losar, local monastery festivals.",Respect monastic traditions; seek permission for close photography.,Local handicrafts | Prayer items | Winter wear,Thukpa | Momos | Simple local stews,2026-01-12,web:177 | web:183,Spectacular but demanding journey; not for rushed or unprepared travellers.,Road improvements on some stretches but still subject to weather disruptions.,Fragile mountain and cultural environment; travel light and avoid disturbing local ways of life.,Tawang,ILP for Indian citizens; additional local permits for Bum La and some areas.
15,Himachal Pradesh,Chamba,North India,32.552,76.0615,1920,5,Moderate,"{""name"": ""Kangra (Gaggal) / Pathankot (via road)"", ""distance_km"": 120}","{""name"": ""Pathankot"", ""distance_km"": 95}",Dalhousie,24,Hill roads from Dalhousie/Chamba; narrow but motorable.,"{""accommodation_range"": [700, 1300], ""food_range"": [250, 500], ""activities_range"": [200, 400], ""local_transport_range"": [200, 400], ""total_daily_range"": [1350, 2600]}","{""accommodation_range"": [1300, 2500], ""food_range"": [400, 800], ""activities_range"": [400, 800], ""local_transport_range"": [300, 600], ""total_daily_range"": [2400, 4700]}","{""accommodation_range"": [3000, 7000], ""food_range"": [600, 1500], ""activities_range"": [600, 1500], ""local_transport_range"": [400, 800], ""total_daily_range"": [4600, 10800]}",Nature | Offbeat | Family | Photography,Khajjiar meadow | Small lake in meadow | Surrounding deodar forest,Picnics | Short walks | Horse riding (seasonal) | Zorbing and basic adventure games (seasonal),Alpine-like meadow setting sometimes called 'Mini Switzerland of India'.,Forest walks around the meadow | Less-crowded viewpoints on side trails,Spring | Summer | Autumn,Heaviest monsoon spells and very cold winter snaps if roads icy,April–June and local holidays/weekends,Monsoon and deep winter weeks,"{""winter"": ""0-12°C"", ""summer"": ""15-26°C"", ""monsoon"": ""14-22°C""}",Hill station monsoon with mist and clouds.,Families | Couples | Road_trippers_from_Dalhousie,"{""Families"": ""Open meadow space and relaxed pace."", ""Road_trippers_from_Dalhousie"": ""Good half-day or full-day excursion.""}",Limited stay options directly at meadow; typically combined with Dalhousie stays.,1.0,1.0,2,"Day trip from Dalhousie: drive, spend several hours at the meadow, forest walk and return.",Basic hotels | Guesthouses | More options in Dalhousie,Small eateries and stalls; more variety in Dalhousie.,8,Generally safe; supervise children near slopes and animals.,Limited; better in Dalhousie town.,Jio | Airtel | Vi (signal can fluctuate),Better to use ATMs in Dalhousie or Chamba.,Hindi | Pahari,False,Himachali village environment around a famous meadow.,Local fairs and seasonal gatherings.,Respect natural environment; avoid littering the meadow.,Basic souvenirs; better shopping options back in Dalhousie,Simple North Indian and local hill dishes from dhabas,2026-01-12,web:197 | web:199,Very scenic small meadow destination best visited from nearby hill towns.,Better tourism management and basic facilities around the meadow.,Crowding and litter are risks; follow leave-no-trace principles.,Khajjiar,Not required
16,Himachal Pradesh,Lahaul and Spiti,North India,32.22,78.33,3800,6,Difficult,"{""name"": ""Bhuntar (Kullu) / Shimla (via road)"", ""distance_km"": 250}","{""name"": ""Joginder Nagar / Shimla (via road)"", ""distance_km"": 240}",Shimla,300,"Long, high-altitude roads via Kinnaur or Manali; seasonal closures in winter and early spring.","{""accommodation_range"": [600, 1200], ""food_range"": [300, 600], ""activities_range"": [300, 600], ""local_transport_range"": [400, 700], ""total_daily_range"": [1600, 3100]}","{""accommodation_range"": [1200, 2500], ""food_range"": [600, 1000], ""activities_range"": [600, 1200], ""local_transport_range"": [700, 1200], ""total_daily_range"": [3100, 5900]}","{""accommodation_range"": [3000, 7000], ""food_range"": [800, 1500], ""activities_range"": [1000, 2000], ""local_transport_range"": [1000, 1500], ""total_daily_range"": [5800, 12000]}",Adventure | High_altitude | Photography | Spiritual | Offbeat,Kaza | Key (Kye) Monastery | Kibber and Chicham | Pin Valley | Dhankar and Tabo monasteries | Chandratal (seasonal access),Road trips | High-altitude village stays | Monastery visits | Trekking (short and multi-day) | Stargazing,Cold desert landscapes with some of the highest villages and monasteries in India.,"Remote villages like Langza, Hikkim, Komik | Non-touristy homestay experiences",Summer | Early Autumn,Winter and early spring due to snow and road closures,June–September,October–May (very limited access and extreme cold),"{""winter"": ""-20--5°C"", ""summer"": ""5-20°C"", ""monsoon"": ""5-18°C (rain shadow, mostly dry)""}",Very low rainfall; region is largely in a rain shadow.,Adventure_seekers | Photographers | Long_road_trip_travellers | Spiritual_explorers,"{""Adventure_seekers"": ""Remote, rough roads and high altitudes."", ""Photographers"": ""Unique stark landscapes and monasteries.""}","Altitude sickness risk; limited medical facilities; fuel, cash and connectivity can be sparse.",5.0,7.0,12,"Shimla–Kinnaur–Spiti circuit or Manali–Kaza–Spiti–Kinnaur, spread over 7–10 days with acclimatisation stops.",Homestays | Guesthouses | Basic hotels | Seasonal camps,Simple local and Indian food; limited menus; expect basic but filling meals.,7,Environmental challenges more than crime; travel with contingency time and supplies.,Very limited and often slow; some 4G spots around Kaza and larger villages.,BSNL primary; Jio in some pockets,One or few ATMs in Kaza; unreliable; carry sufficient cash.,Hindi | Tibeto-Himachali dialects | Basic English with tourism providers,True,Tibetan Buddhist highland culture with monasteries and unique village customs.,Local monastery festivals and seasonal celebrations.,Respect monastery rules; ask before photographing people or rituals.,Small handicrafts | Prayer items | Local woollens,Momos | Thukpa | Butter tea | Local breads and lentil dishes,2026-01-12,web:151 | web:152 | web:160 | web:163,Challenging but unforgettable; considered a ‘once in a lifetime’ road journey by many.,Road improvements and more structured homestay options in some villages.,"Waste disposal is a major concern; pack out trash, conserve water, and support community-run stays.",Spiti Valley,Some routes may require permits (especially for foreigners); check latest local rules.
17,Ladakh,Leh,North India,34.67,77.58,3300,7,Moderate,"{""name"": ""Leh Kushok Bakula Rimpochee Airport"", ""distance_km"": 120}","{""name"": ""Jammu Tawi"", ""distance_km"": 520}",Leh,120,Mountain road over Khardung La or via new routes; subject to weather and permits.,"{""accommodation_range"": [700, 1400], ""food_range"": [300, 600], ""activities_range"": [300, 700], ""local_transport_range"": [300, 600], ""total_daily_range"": [1600, 3300]}","{""accommodation_range"": [1400, 3000], ""food_range"": [500, 900], ""activities_range"": [700, 1400], ""local_transport_range"": [500, 900], ""total_daily_range"": [3100, 6200]}","{""accommodation_range"": [5000, 12000], ""food_range"": [800, 2000], ""activities_range"": [1200, 2500], ""local_transport_range"": [700, 1200], ""total_daily_range"": [7700, 17700]}",Adventure | Nature | Photography | Offbeat | Desert_landscape,"Hunder sand dunes | Bactrian camel rides | Diskit Monastery and giant Buddha statue | Villages like Turtuk (further north, permits)",Camel safaris | Monastery visits | Village walks | Camping (seasonal),"Cold desert with sand dunes and camels at high altitude, framed by snow peaks.",Turtuk’s Balti culture and orchards | Smaller homestays off the main Hunder stretch,Summer | Early Autumn,Deep winter and periods of heavy snow/road closure,June–September,November–April,"{""winter"": ""-15-0°C"", ""summer"": ""10-22°C"", ""monsoon"": ""10-20°C (very little rain)""}",Cold desert with minimal rainfall; snow patterns dominate.,Adventure_travellers | Photographers | Road_trippers,"{""Adventure_travellers"": ""Remote valley and high passes."", ""Photographers"": ""Unique desert and mountain scenery.""}",Altitude acclimatisation in Leh necessary first; permits needed; limited healthcare locally.,2.0,2.0,3,"Day 1: Drive from Leh to Nubra via Khardung La; evening dunes and camels; Day 2: Diskit Monastery, village visits and return or continue to Turtuk.",Camps | Guesthouses | Homestays | Some higher-end tented camps,Simple local and Indian meals; many stays include meals.,8,Low crime; high environmental risk; weather and altitude can be harsh.,Limited and often slow.,Jio in some pockets; otherwise restricted,None/very few; withdraw in Leh.,Ladakhi | Hindi | Basic English with tourism operators,True,Mix of Buddhist and Balti influences.,Local monastery festivals and village events.,"Respect local norms and modest dress, especially in villages and monasteries.",Small handicrafts | Local dried apricots and produce,Momos | Thukpa | Simple local breads and stews,2026-01-12,web:155 | web:158 | web:161 | web:181,Highlight of many Ladakh trips due to its unusual desert landscape and villages.,Growth in luxury camps and improved roads from Leh side.,"Camel welfare, waste management and water use are key concerns; choose responsible operators.",Nubra Valley,Inner Line Permits for Indian citizens and specific protocols for foreigners; check latest guidelines.
18,Ladakh,Leh,North India,33.79,78.59,4350,8,Moderate,"{""name"": ""Leh Kushok Bakula Rimpochee Airport"", ""distance_km"": 150}","{""name"": ""Jammu Tawi"", ""distance_km"": 570}",Leh,150,Road from Leh via Chang La pass; high altitude and weather-dependent.,"{""accommodation_range"": [500, 1200], ""food_range"": [300, 600], ""activities_range"": [200, 400], ""local_transport_range"": [3000, 5000], ""total_daily_range"": [4000, 7200]}","{""accommodation_range"": [1200, 2500], ""food_range"": [600, 1200], ""activities_range"": [400, 800], ""local_transport_range"": [4000, 6000], ""total_daily_range"": [6200, 10500]}","{""accommodation_range"": [3000, 7000], ""food_range"": [1200, 2000], ""activities_range"": [800, 1500], ""local_transport_range"": [5000, 8000], ""total_daily_range"": [10000, 18500]}",Nature | Photography | High_altitude | Camping,Colour-changing blue lake | High-altitude landscapes | Nearby village stays (Spangmik area),Lakeside walks | Photography | Simple camping or tent stays | Short hikes around villages,Stunning colour-shifting lake at over 4000 m with stark mountains all around.,Less-crowded stretches of lake accessed by short walks | Small homestays back from main tent rows,Summer | Early Autumn,Winter and bad weather periods; extremely cold and often inaccessible,June–September,October–May,"{""winter"": ""-25--5°C"", ""summer"": ""5-18°C"", ""monsoon"": ""5-16°C (little rain)""}",Very low rainfall; wind and cold are bigger issues.,Landscape_photographers | Adventure_travellers | Short_high_altitude_getaways_from_Leh,"{""Landscape_photographers"": ""Iconic blue lake and barren mountains."", ""Adventure_travellers"": ""High-altitude experience with remote feel.""}",Altitude risk is real; avoid running or exertion on arrival; very cold nights even in summer; permits required.,2.0,2.0,3,"Day 1: Drive from Leh over Chang La, reach lake by afternoon; Day 2: Morning by the lake and return to Leh.",Tented camps (seasonal) | Homestays in nearby villages | Basic guesthouses,Simple meals provided by camps/homestays; limited menu and mostly Indian/Tibetan staples.,8,"Altitude, cold and remoteness are main risks; border sensitivity in some stretches.",Very limited to none for most visitors.,Intermittent/none; do not depend on connectivity,None; carry cash from Leh.,Ladakhi | Hindi | Basic English for tourists,True,Sparse settlements with Tibetan Buddhist culture.,No major lake-side festivals; region influenced by broader Ladakhi events.,Respect environmental norms; avoid entering water in unsafe spots.,Very limited; better to shop in Leh | Small local handicrafts in villages,Simple thukpa | Momos | Tea and basic homely meals,2026-01-12,web:156 | web:159 | web:162 | web:181,Considered one of the most beautiful lakes in India; cold and altitude can be tough but views are exceptional.,"Better-regulated tented camps, some shifts towards permanent homestays instead of large camps.",Waste and over-tourism are concerns; choose low-impact stays and minimise single-use plastic.,Pangong Lake (Pangong Tso),Inner Line Permit for Indian nationals; specific rules for foreigners; check current regulations in Leh.
19,Tamil Nadu,Nilgiris,South India,11.4064,76.6932,2240,8,Moderate,"{""name"": ""Coimbatore International Airport"", ""distance_km"": 90}","{""name"": ""Mettupalayam (for Nilgiri Mountain Railway) / Coimbatore"", ""distance_km"": 50}",Coimbatore,90,"Good but winding ghat roads from Mettupalayam, Mysuru and Coimbatore.","{""accommodation_range"": [800, 1500], ""food_range"": [250, 500], ""activities_range"": [200, 400], ""local_transport_range"": [200, 400], ""total_daily_range"": [1450, 2800]}","{""accommodation_range"": [1500, 3500], ""food_range"": [400, 800], ""activities_range"": [400, 800], ""local_transport_range"": [300, 600], ""total_daily_range"": [2600, 5700]}","{""accommodation_range"": [5000, 15000], ""food_range"": [800, 2000], ""activities_range"": [800, 1600], ""local_transport_range"": [400, 800], ""total_daily_range"": [7000, 19400]}",Hill_station | Family | Nature | Short_break | Heritage_rail,Ooty Lake | Botanical Gardens | Doddabetta Peak | Nilgiri Mountain Railway | Tea estates (Coonoor route),Boat rides | Toy-train ride (Nilgiri Mountain Railway) | Viewpoint visits | Tea estate tours,Classic South Indian hill station with heritage train and tea estates.,Less-crowded viewpoints around Doddabetta | Estate homestays away from town centre,Summer | Winter | Shoulder months,Heaviest monsoon weeks for views and road conditions,April–June and weekends/holidays in winter,Rainiest monsoon weeks and non-holiday weekdays,"{""winter"": ""5-20°C"", ""summer"": ""15-25°C"", ""monsoon"": ""12-20°C""}",Receives both southwest and northeast monsoon influence; misty weather common.,Families | Couples | First_time_hill_station_visitors_in_South,"{""Families"": ""Boating, gardens, viewpoints, easy logistics."", ""Couples"": ""Cool climate and scenic tea hills.""}",Town centre can be crowded; traffic on narrow roads; toy train seats need advance booking in peak season.,2.0,3.0,4,Day 1: Lake and gardens; Day 2: Doddabetta and tea estates; Day 3: Toy train towards Coonoor and back.,Hotels | Resorts | Homestays | Heritage bungalows,Mixed South Indian and multi-cuisine options; bakeries and small cafes.,8,"Generally safe; drive carefully on steep, hairpin roads.",Good in town and many resorts.,Jio | Airtel | Vi,Plentiful in Ooty town.,Tamil | Kannada (some) | Hindi (some) | English widely in tourism),False,Nilgiri hills with mix of local communities and long-standing tourism.,"Flower Show, Tea and Tourism Festival.",Standard hill-station etiquette; respect estate property boundaries.,Homemade chocolates | Tea | Essential oils | Woollens,South Indian tiffin items | Local bakery products | Fresh hill vegetables-based dishes,2026-01-12,web:177 | web:182,Long-time favourite hill station with a somewhat busy town but beautiful surroundings.,"More resorts and homestays in outskirts, better tourist infrastructure at key points.",Waste from tourism and traffic is an issue; prefer walking or shared transport where possible.,Ooty (Udhagamandalam),Not required
20,Kerala,Idukki,South India,10.0889,77.0595,1600,7,Moderate,"{""name"": ""Cochin International Airport"", ""distance_km"": 110}","{""name"": ""Aluva / Ernakulam (by road from Kochi)"", ""distance_km"": 120}",Kochi,120,Curvy but good mountain roads from Kochi and other Kerala/Tamil Nadu towns.,"{""accommodation_range"": [800, 1500], ""food_range"": [250, 500], ""activities_range"": [200, 400], ""local_transport_range"": [250, 500], ""total_daily_range"": [1500, 2900]}","{""accommodation_range"": [1500, 3500], ""food_range"": [400, 800], ""activities_range"": [400, 900], ""local_transport_range"": [300, 600], ""total_daily_range"": [2600, 5800]}","{""accommodation_range"": [5000, 15000], ""food_range"": [800, 2000], ""activities_range"": [800, 1600], ""local_transport_range"": [400, 800], ""total_daily_range"": [7000, 19400]}",Nature | Hill_station | Tea_gardens | Honeymoon | Family,"Tea plantations | Top Station viewpoint | Eravikulam National Park (Nilgiri tahr, seasonal closure during breeding) | Mattupetty Dam | Photo Point",Plantation walks | Viewpoint drives | Short treks | Boating at dams | Wildlife sighting (Eravikulam),Sweeping carpets of tea gardens and cool misty climate.,Less-visited plantations and village roads | Smaller waterfalls on side routes,Winter | Post-monsoon | Early Summer,Heaviest monsoon weeks for landslides and closed viewpoints,November–February and April–May,Rainiest monsoon periods,"{""winter"": ""10-22°C"", ""summer"": ""15-28°C"", ""monsoon"": ""14-22°C""}",Heavy rainfall in monsoon with lush greenery afterwards.,Couples | Families | Nature_lovers | Tea_enthusiasts,"{""Couples"": ""Romantic misty views and resort stays."", ""Tea_enthusiasts"": ""Tours and tastings at estates and museums.""}",Eravikulam NP closes for several weeks yearly for Nilgiri tahr breeding; check dates.,2.0,3.0,4,"Day 1: Tea museum and nearby plantations; Day 2: Eravikulam NP and viewpoints; Day 3: Mattupetty, Echo Point and Top Station side trip.",Resorts | Hotels | Homestays | Estate bungalows,Kerala and multi-cuisine restaurants; many resorts offer buffet meals.,8,"Generally safe; driving on misty, narrow roads requires care.",Good in town and most mid/high-end resorts.,Jio | Airtel | Vi (varies by valley),ATMs in Munnar town; fewer in outer areas.,Malayalam | Tamil (some) | Hindi (some) | English (tourism),False,Tea plantation economy with mixed local communities.,"Onam activities, local temple and church festivals.",Respect estate rules and avoid disturbing tea plucking work.,Tea | Spices | Homemade chocolates | Essential oils,Appam with stew | Kerala meals on banana leaf | Local fish curries (downhill areas),2026-01-12,web:177 | web:180,Highly rated for scenic tea hills and cool weather; can be busy on long weekends.,New resorts and improved roads around main tourist belt.,Over-tourism and waste near popular viewpoints; support eco-conscious accommodations and avoid littering.,Munnar,Not required
21,Tamil Nadu,Kanyakumari,South India,8.0883,77.5385,0,7,Easy,"{""name"": ""Trivandrum International Airport"", ""distance_km"": 90}","{""name"": ""Kanyakumari"", ""distance_km"": 1}",Thiruvananthapuram,90,Good highways from Kerala and Tamil Nadu; frequent buses and taxis.,"{""accommodation_range"": [700, 1300], ""food_range"": [250, 500], ""activities_range"": [200, 400], ""local_transport_range"": [150, 300], ""total_daily_range"": [1300, 2500]}","{""accommodation_range"": [1300, 2500], ""food_range"": [400, 800], ""activities_range"": [300, 700], ""local_transport_range"": [250, 500], ""total_daily_range"": [2250, 4500]}","{""accommodation_range"": [3000, 8000], ""food_range"": [700, 1500], ""activities_range"": [500, 1200], ""local_transport_range"": [400, 800], ""total_daily_range"": [4600, 11500]}",Coastal | Pilgrimage | Photography | Short_break,Vivekananda Rock Memorial | Thiruvalluvar Statue | Sunrise Point | Sunset View Point | Kumari Amman Temple | Kanyakumari Beach,Sunrise and sunset viewing | Ferry ride to Vivekananda Rock | Temple visits | Coastal walks | Photography,Watching sunrise and sunset over the ocean at the southern tip of mainland India with rock memorial and statue views.[web:205][web:209],Early-morning beach walks near Sunrise Point | Less-crowded stretches of coastline beyond main ghat,Winter | Post-monsoon,Peak monsoon on days of rough sea when ferries may not operate.[web:212],November–February and long weekends,Peak monsoon weeks (June–September),"{""winter"": ""23-30°C"", ""summer"": ""26-34°C"", ""monsoon"": ""24-30°C""}",Heavy coastal monsoon from June to September; sea can be rough.[web:209],Pilgrims | Families | Photography_enthusiasts | Coastal_sightseers,"{""Pilgrims"": ""Kumari Amman Temple and other shrines plus rock memorial.[web:212]"", ""Photography_enthusiasts"": ""Sunrise between the memorial and statue and colourful sunsets over the sea.[web:205][web:209]""}",Ferry to Vivekananda Rock is weather-dependent; queues can be long in peak season; strong sun and humidity.,1.0,2.0,3,"Day 1: Sunrise Point, Kumari Amman Temple, ferry to Vivekananda Rock and Thiruvalluvar Statue, Sunset View Point; Day 2: Coastal walks and nearby temples/markets.[web:205][web:207][web:209][web:212]",Budget hotels | Mid-range hotels | Simple lodges,South Indian vegetarian restaurants and a few multi-cuisine options around the beach and town.,8,Generally safe; watch for slippery rocks near sea and follow safety barricades.,Good 4G in town and around main attractions.,Jio | Airtel | Vi,Multiple ATMs in town centre.,Tamil | Malayalam (some) | Hindi (some) | English (tourist areas),False,Strong Hindu pilgrimage centre with coastal fishing community.,"Important Hindu festivals, special temple events and New Year sunrise gatherings.",Dress modestly for temple visits; follow temple rules; remove footwear at shrines.,Shell crafts and souvenirs | Religious items | Local spices,South Indian tiffin items | Fresh coconut-based dishes | Local fish preparations (outside temple zones),2026-01-12,web:205 | web:206 | web:207 | web:209 | web:212,Highly appreciated for sunrise/sunset views and rock memorial; town itself is compact and walkable.,Improved promenade areas and better visitor facilities at viewpoints.,Coastal litter can be an issue; use bins and avoid plastics on the beach.,Kanyakumari,Not required
22,Gujarat,Kachchh,West India,23.7333,69.8833,15,7,Moderate,"{""name"": ""Bhuj Airport"", ""distance_km"": 80}","{""name"": ""Bhuj"", ""distance_km"": 80}",Bhuj,80,Good roads from Bhuj to Dhordo and White Desert tent city during festival season.[web:213],"{""accommodation_range"": [1200, 2000], ""food_range"": [300, 600], ""activities_range"": [400, 800], ""local_transport_range"": [400, 800], ""total_daily_range"": [2300, 4200]}","{""accommodation_range"": [2500, 5000], ""food_range"": [600, 1200], ""activities_range"": [800, 1400], ""local_transport_range"": [600, 1200], ""total_daily_range"": [4500, 8800]}","{""accommodation_range"": [6000, 20000], ""food_range"": [1000, 2500], ""activities_range"": [1200, 2500], ""local_transport_range"": [800, 1500], ""total_daily_range"": [9000, 26500]}",Desert | Cultural | Photography | Festival | Adventure,White Salt Desert (White Rann) | Rann Utsav Tent City (seasonal) | Kala Dungar (Black Hill) | Nearby craft villages,Sunrise and sunset walks on the salt desert | Cultural shows and folk performances | Camel cart rides | Shopping for local handicrafts,Walking on a vast white salt desert that glows under moonlight and sunset during the Rann Utsav.[web:210][web:213],Quieter edges of the White Desert away from main tent-city access points | Small artisan villages producing textiles and embroidery,Winter (Rann Utsav period),Summer and monsoon when heat is extreme and Rann is waterlogged.[web:213],Rann Utsav from late October/November to February/early March.[web:210],March–September (especially monsoon when desert is often inaccessible),"{""winter"": ""8-26°C"", ""summer"": ""28-42°C"", ""monsoon"": ""26-32°C""}",Very little rain overall but monsoon can flood low-lying salt flats making walks impossible.[web:213],Festival_goers | Photographers | Couples | Families_seeking_unique_experience,"{""Festival_goers"": ""Organised tents, shows, food courts and activities at Rann Utsav.[web:210]"", ""Photographers"": ""Surreal white landscapes, colourful local dress and craft.[web:213]""}",Open desert with strong sun and reflection off salt; carry sunglasses and layers for cold nights; permits sometimes required for border-adjacent stretches.,2.0,2.0,3,"Day 1: Arrive Dhordo tent city, evening sunset on White Desert and cultural programme; Day 2: Sunrise on Rann, visit Kala Dungar and nearby villages.[web:210][web:213]",Festival tent city (various categories) | Resort-style tents | Guesthouses and homestays in nearby villages,Buffet-style dining in tent city and local Gujarati thali options; vegetarian-heavy cuisine.[web:210],8,Organised festival zone is generally safe; avoid venturing too far into the desert alone at night.,Specific Wi‑Fi zones in tent city; mobile data variable but present near main hubs.[web:210],Jio | Airtel | Vi (coverage varies by spot),ATMs in Bhuj; limited near desert; carry cash.,Gujarati | Hindi | English (festival staff),True,"Kutch region with strong craft, music and folk dance traditions.","Rann Utsav (major multi-month festival), local village fairs.[web:210][web:213]",Respect rural community norms; ask before photographing people.,Kutchi embroidery | Mirrorwork textiles | Leather handicrafts | Bandhani fabrics,"Gujarati thali | Local snacks like fafda, jalebi | Millet-based village dishes",2026-01-12,web:210 | web:213,Memorable desert and cultural experience; most recommend winter Rann Utsav window for best conditions.,"Expansion of tent city, improved roads and curated cultural experiences.",Desert ecosystem is fragile; stick to marked paths and follow organiser guidelines for waste disposal.,"Rann of Kutch (White Desert, Dhordo)",White Desert near border can require permits; usually facilitated by tour or tent-city operator.[web:213]
23,Tamil Nadu,Ramanathapuram,South India,9.1531,79.442,0,4,Moderate,"{""name"": ""Madurai Airport"", ""distance_km"": 170}","{""name"": ""Rameswaram"", ""distance_km"": 20}",Rameswaram,20,Good road from Rameswaram to Dhanushkodi; last stretches previously by jeep are now motorable with restrictions in some zones.[web:214],"{""accommodation_range"": [600, 1200], ""food_range"": [200, 400], ""activities_range"": [150, 300], ""local_transport_range"": [200, 500], ""total_daily_range"": [1150, 2400]}","{""accommodation_range"": [1200, 2500], ""food_range"": [400, 800], ""activities_range"": [300, 600], ""local_transport_range"": [400, 800], ""total_daily_range"": [2300, 4700]}","{""accommodation_range"": [2500, 6000], ""food_range"": [600, 1500], ""activities_range"": [500, 1200], ""local_transport_range"": [500, 1000], ""total_daily_range"": [4100, 9700]}",Coastal | History | Photography | Offbeat | Day_trip,Ruins of Dhanushkodi ghost town | Pristine Dhanushkodi Beach | Views towards Sri Lanka across Palk Strait | Nearby Pamban Bridge (en route),"Beach walks | Exploring ruins (church, railway station remains) | Jeep rides along sandy stretches (where allowed) | Birdwatching","Walking through a ghost town destroyed by the 1964 cyclone, with haunting ruins beside a wild seashore.[web:211][web:214]",Less-visited stretches of beach away from main parking area | Remains of old railway and church structures in quieter corners,Winter | Post-monsoon,Cyclone season and very rough sea conditions; check local advisories.[web:214],December–February and weekends/holidays,Most of monsoon and very hot pre-monsoon months,"{""winter"": ""22-30°C"", ""summer"": ""26-36°C"", ""monsoon"": ""24-30°C""}",Receives northeast monsoon; cyclone-prone historically.[web:214],History_buffs | Offbeat_beach_seekers | Photographers | Road_trippers_from_Rameswaram,"{""History_buffs"": ""Ruins tell a story of a once-thriving town destroyed in 1964 cyclone.[web:214]"", ""Photographers"": ""Contrast of stark ruins and turquoise water.[web:211][web:214]""}",No major accommodation directly in ghost town area; best as day trip from Rameswaram; strong sun and wind; swimming often discouraged due to currents.,1.0,1.0,2,"Half- or full-day trip from Rameswaram: visit Pamban Bridge viewpoints, then Dhanushkodi ruins and beach, returning by sunset.[web:211][web:214]","Stay in Rameswaram (hotels, lodges) | No formal stays in core ghost town",Few stalls and basic vendors near parking/beach; main dining options back in Rameswaram.[web:214],7,"Open coastal environment; watch tides, do not go too far into water; heed local restrictions on access areas.",Spotty mobile internet; do not rely on heavy data usage.,"Jio | Airtel, with variable signal",ATMs in Rameswaram; none at the ghost town itself.,Tamil | Hindi (some) | Basic English with tour operators,False,Coastal Tamil communities with strong religious ties to Rameswaram temple.,Pilgrimage circuits via Rameswaram; no major standalone festival at Dhanushkodi.,Respect ruins and avoid climbing fragile structures; dress modestly if combined with temple visits.,Shell items and small trinkets from local stalls | Better shopping options in Rameswaram town,Simple South Indian meals in Rameswaram | Fresh seafood (where available and appropriate),2026-01-12,web:211 | web:214,Atmospheric and slightly eerie; visitors praise the raw beauty and the story of the ghost town.,Improved access roads and more organised day-tour options from Rameswaram.,Ruins and beach are fragile; avoid littering and disturbing structures.,Dhanushkodi (Ghost Town & Beach),Not required
24,Chhattisgarh,Bastar,Central India,18.978,81.7068,290,5,Moderate,"{""name"": ""Jagdalpur (limited) / Raipur"", ""distance_km"": 40}","{""name"": ""Jagdalpur"", ""distance_km"": 38}",Jagdalpur,38,Decent regional roads from Jagdalpur; conditions vary with season.,"{""accommodation_range"": [600, 1200], ""food_range"": [200, 400], ""activities_range"": [150, 300], ""local_transport_range"": [200, 400], ""total_daily_range"": [1150, 2300]}","{""accommodation_range"": [1200, 2500], ""food_range"": [400, 800], ""activities_range"": [300, 600], ""local_transport_range"": [300, 600], ""total_daily_range"": [2200, 4500]}","{""accommodation_range"": [2500, 6000], ""food_range"": [600, 1500], ""activities_range"": [500, 1200], ""local_transport_range"": [400, 800], ""total_daily_range"": [4000, 9500]}",Nature | Waterfall | Photography | Offbeat,Chitrakote Falls (broad horseshoe-shaped waterfall) | Boat rides in calmer seasons (where permitted) | Viewpoints along the gorge,Waterfall viewing | Boat rides (seasonal) | Short walks and photography,"Often called the 'Niagara of India' due to its width, especially in monsoon when flow peaks.",Less-used viewpoints offering different angles of the falls | Nearby smaller falls and natural spots (local guidance needed),Post-monsoon when flow is high but access is comfortable,Extreme monsoon days with potential flooding; peak summer for low flow and heat,September–January weekends and holidays,Height of summer and unsafe monsoon days,"{""winter"": ""12-28°C"", ""summer"": ""26-42°C"", ""monsoon"": ""24-32°C""}",Significant southwest monsoon rainfall feeding the falls.,Nature_lovers | Waterfall_chasers | Photographers,"{""Waterfall_chasers"": ""One of India's widest waterfalls with impressive monsoon flow."", ""Photographers"": ""Dramatic shots in both low and high water seasons.""}",Safety barriers should be respected; do not attempt to get too close to edge; boat operations depend on water level.,1.0,1.0,2,"Half- or full-day trip based from Jagdalpur, combining multiple viewpoints and optional boat ride.",Simple resorts near falls | Hotels and lodges in Jagdalpur,Basic eateries near falls; more options in Jagdalpur.,7,"High drop and strong currents; maintain distance, especially in monsoon.",Limited near falls; better in Jagdalpur.,"Jio, Airtel and BSNL in varying strength",ATMs in Jagdalpur; none at waterfall itself.,Hindi | Chhattisgarhi,False,Bastar region with tribal communities and forest landscapes.,Regional fairs and festivals in Bastar; no major festival solely at the falls.,Respect local communities and avoid littering natural areas.,Tribal handicrafts from Bastar region | Local artefacts in Jagdalpur markets,Local tribal-inspired dishes (where available) | Chhattisgarhi thalis,2026-01-12,web:177 | web:182,"Striking and relatively less crowded waterfall destination, appreciated by nature enthusiasts.",Improved viewpoints and basic tourist facilities around key viewing points.,Natural site; visitors should ensure they take back their waste and stay behind safety barriers.,Chitrakote Falls,Not required
25,Karnataka,Uttara Kannada,South India,14.549,74.318,0,6,Moderate,"{""name"": ""Goa (Dabolim/MOPA) / Hubballi"", ""distance_km"": 140}","{""name"": ""Gokarna Road"", ""distance_km"": 10}",Karwar,60,"Coastal highways and local roads connect Gokarna to Goa, Karwar and other Konkan towns.","{""accommodation_range"": [600, 1300], ""food_range"": [250, 500], ""activities_range"": [200, 400], ""local_transport_range"": [150, 300], ""total_daily_range"": [1200, 2500]}","{""accommodation_range"": [1300, 2500], ""food_range"": [400, 800], ""activities_range"": [300, 600], ""local_transport_range"": [250, 500], ""total_daily_range"": [2250, 4400]}","{""accommodation_range"": [2500, 8000], ""food_range"": [600, 1500], ""activities_range"": [500, 1200], ""local_transport_range"": [300, 700], ""total_daily_range"": [3900, 11400]}",Beach | Backpacker | Pilgrimage | Offbeat,Gokarna Main Beach | Kudle Beach | Om Beach | Half Moon and Paradise beaches (via treks/boat) | Mahabaleshwar Temple,Beach hopping and trekking along coast | Swimming and sunbathing (conditions permitting) | Temple visits | Cafe hopping and yoga retreats,Quieter alternative to Goa with mix of temple town and backpacker beach culture.,"Cliff-top viewpoints between Om and Half Moon beaches | Small, less-crowded stretches of Kudle and Om",Post-monsoon to early summer (October–March),Peak monsoon sea conditions; some beach shacks close off-season,December–February and long weekends,Monsoon months and shoulder weeks with fewer shacks open,"{""winter"": ""20-32°C"", ""summer"": ""26-35°C"", ""monsoon"": ""24-30°C""}",Heavy coastal rainfall June–September.,Backpackers | Budget_beach_travellers | Pilgrims_who_enjoy_beaches | Yoga_retreat_participants,"{""Backpackers"": ""Affordable stays, chilled beach cafes and small community vibe."", ""Pilgrims_who_enjoy_beaches"": ""Mahabaleshwar Temple plus easy access to multiple beaches.""}",Sea conditions can be rough; caution while swimming; some trails between beaches involve steep sections.,2.0,3.0,5,Day 1: Town and Gokarna Main Beach; Day 2: Kudle and Om Beach; Day 3: Trek or boat to Half Moon and Paradise beaches.,Guesthouses | Beach shacks (seasonal) | Simple hotels | Yoga/retreat stays,Mix of coastal Karnataka food and international backpacker menus at beach cafes.,8,Small town generally safe; avoid deserted beach walks very late at night.,Decent 4G in town and main beaches; weaker in more remote coves.,Jio | Airtel | Vi,ATMs in Gokarna town; carry some cash to beaches.,Kannada | Konkani (some) | Hindi | English in tourism),False,Temple town with strong religious traditions coexisting with beach tourism.,Shivaratri and other temple festivals draw large pilgrim crowds.,Dress modestly in and around temple zones; different culture at beaches vs town.,Bead jewellery | Hippie-style clothes | Religious items,Local fish thali (for non-vegetarians) | South Indian tiffin | Simple coastal curries,2026-01-12,web:177 | web:182,"Considered more peaceful than Goa, with basic but charming beach stays and a temple-town core.",Gradual increase in mid-range resorts and organised yoga retreats.,"Beach litter is an increasing issue; use refills, avoid single-use plastic and support clean-up friendly cafes.",Gokarna,Not required
26,Puducherry,Puducherry,South India,11.9139,79.8145,15,7,Easy,"{""name"": ""Puducherry (limited) / Chennai"", ""distance_km"": 150}","{""name"": ""Puducherry"", ""distance_km"": 2}",Chennai,150,Good coastal highway from Chennai (ECR) and other Tamil Nadu cities.,"{""accommodation_range"": [800, 1500], ""food_range"": [250, 500], ""activities_range"": [200, 400], ""local_transport_range"": [150, 300], ""total_daily_range"": [1400, 2700]}","{""accommodation_range"": [1500, 3500], ""food_range"": [400, 800], ""activities_range"": [400, 800], ""local_transport_range"": [250, 500], ""total_daily_range"": [2550, 5600]}","{""accommodation_range"": [4000, 12000], ""food_range"": [800, 2000], ""activities_range"": [600, 1500], ""local_transport_range"": [400, 800], ""total_daily_range"": [5800, 16300]}",Beach | Cultural | Café_town | Short_break,French Quarter (White Town) | Seafront Promenade | Sri Aurobindo Ashram | Nearby Auroville (separate township) | Rock Beach,Cycling/walking in heritage streets | Beachfront walks | Café and restaurant visits | Ashram and Matrimandir (Auroville) visits,"French-influenced architecture and cafes by the Bay of Bengal, with spiritual centres nearby.",Quiet side-streets in White Town | Lesser-known cafes and art spaces,Winter | Post-monsoon,Peak summer heat and most intense monsoon days,November–February and festival/holiday weekends,Very hot April–June and peak monsoon spells,"{""winter"": ""23-30°C"", ""summer"": ""28-38°C"", ""monsoon"": ""25-32°C""}",Receives mainly northeast monsoon; heavy rains around Oct–Dec.,Couples | Friends | Café_and_food_lovers | Weekend_travellers_from_Chennai/Bengaluru,"{""Couples"": ""Walkable seafront and heritage streets with boutique stays."", ""Café_and_food_lovers"": ""Strong café scene with European and Indian options.""}",Sea is often rough near Rock Beach (boulders); swimming beaches are a short drive away; Auroville access around Matrimandir is regulated.,2.0,3.0,4,Day 1: White Town walk and promenade; Day 2: Ashram and cafes; Day 3: Auroville and nearby swim-friendly beach.,Guesthouses | Boutique hotels | Ashram-related stays | Mid-range and luxury hotels,"Mix of French-influenced, continental and South Indian food; strong café and bakery culture.",8,Generally safe; standard caution at night in quieter streets and beaches.,Good in town and along main beachfront.,Jio | Airtel | Vi,Multiple ATMs across town.,Tamil | English (widely) | Hindi (some),False,Blend of Tamil and French colonial legacy with spiritual/ashram communities.,Standard Indian festivals; occasional cultural events and beach runs.,"Ashram and Matrimandir require quiet, respectful behaviour and dress.",Handmade paper | Clothing and boutiques | Auroville and ashram products,Crepes and baked goods in cafes | Fresh seafood at coastal restaurants | South Indian meals and filter coffee,2026-01-12,web:177 | web:182,Relaxed seaside town with European feel in parts; popular weekend and short-break destination.,"More boutique stays, increased cafe culture and improved promenade.",Tourism growth stresses waste systems; support eco-conscious stays and use refillable bottles.,Pondicherry (Puducherry),Not required
27,Karnataka,Vijayanagara,South India,15.335,76.46,467,8,Moderate,"{""name"": ""Jindal Vijayanagar Airport (Vidyanagar) / Hubballi"", ""distance_km"": 40}","{""name"": ""Hospet Junction"", ""distance_km"": 13}",Hospet,13,Good roads from Hospet and regional cities; frequent buses and taxis.,"{""accommodation_range"": [600, 1300], ""food_range"": [250, 500], ""activities_range"": [200, 400], ""local_transport_range"": [200, 400], ""total_daily_range"": [1250, 2600]}","{""accommodation_range"": [1300, 3000], ""food_range"": [400, 800], ""activities_range"": [400, 800], ""local_transport_range"": [300, 600], ""total_daily_range"": [2400, 5200]}","{""accommodation_range"": [3000, 9000], ""food_range"": [700, 1800], ""activities_range"": [500, 1500], ""local_transport_range"": [400, 800], ""total_daily_range"": [4600, 13100]}",Heritage | UNESCO | Backpacker | Photography | Short_trek,Virupaksha Temple | Vittala Temple (stone chariot & musical pillars) | Hemakuta Hill | Matanga Hill sunrise/sunset | Royal Enclosure and underground structures,"Heritage site touring by cycle, on foot or auto | Short hikes to viewpoints | Coracle rides in Tungabhadra (seasonal & local rules) | Rock and boulder exploration",Ruined capital city set amid surreal boulder-strewn landscape and paddy fields.,Sunrise from Matanga or Anjanadri Hill | Lesser-known ruins beyond main temple clusters,Winter | Post-monsoon,Peak summer heat; mid-day exploration can be tiring,November–February,April–June for heat; some monsoon weeks for heavy rain,"{""winter"": ""16-30°C"", ""summer"": ""26-40°C"", ""monsoon"": ""22-30°C""}",Moderate monsoon; many ruins still visitable with rain gear.,History_lovers | Backpackers | Budget_travellers | Photographers,"{""History_lovers"": ""Extensive UNESCO-listed ruins telling story of Vijayanagara empire."", ""Photographers"": ""Striking rock formations and temple silhouettes at sunrise/sunset.""}",Large area to cover; sun exposure significant; comfortable footwear and hydration essential.,2.0,3.0,4,"Day 1: Virupaksha side, Hemakuta and nearby ruins; Day 2: Vittala Temple and riverfront; Day 3: Royal Enclosure and viewpoints.",Guesthouses in Hampi and nearby villages | Hotels in Hospet | Boutique stays,Simple cafes and guesthouse restaurants with Indian and some global dishes.,8,Generally safe; take care on rocks and during climbs.,Good in Hospet; moderate around Hampi village.,Jio | Airtel | Vi,ATMs in Hospet; limited in Hampi village.,Kannada | Hindi | English (tourism),False,Temple town with living religious sites among ruins.,Local temple festivals; occasional music and cultural events.,Temple etiquette at active shrines; respect sacred areas.,Handicrafts | Stone souvenirs | Textiles,South Indian tiffin | Simple local thalis,2026-01-12,web:177 | web:182,"Often described as magical; mix of history, nature and relaxed atmosphere.",Efforts to regulate construction near ruins and improve visitor information.,Stick to designated paths; avoid climbing fragile structures not meant for access.,Hampi,Not required
28,Assam,Majuli,Northeast India,26.95,94.2,85,5,Moderate,"{""name"": ""Jorhat Airport"", ""distance_km"": 20}","{""name"": ""Jorhat Town / Mariani"", ""distance_km"": 25}",Jorhat,20,"Road to ferry ghats near Jorhat, then ferry/boat to Majuli; schedules affected by river level.","{""accommodation_range"": [600, 1200], ""food_range"": [200, 400], ""activities_range"": [150, 300], ""local_transport_range"": [150, 300], ""total_daily_range"": [1100, 2200]}","{""accommodation_range"": [1200, 2500], ""food_range"": [400, 800], ""activities_range"": [300, 600], ""local_transport_range"": [300, 600], ""total_daily_range"": [2200, 4500]}","{""accommodation_range"": [2500, 6000], ""food_range"": [600, 1500], ""activities_range"": [500, 1200], ""local_transport_range"": [400, 800], ""total_daily_range"": [4000, 9500]}",Culture | Island | Offbeat | Spiritual | Nature,Satras (Vaishnavite monasteries) | Traditional Mising and Assamese villages | Riverine landscapes and birdlife,Satra visits and performances | Cycling around island roads | Village and paddy-field walks | Birdwatching,Staying on one of the world’s largest river islands with living monastic and village culture.,Remote satras with fewer visitors | Homestays in stilt houses in villages,Winter | Post-monsoon,Peak monsoon and major Brahmaputra flood periods,November–February,Rainiest months and flood times,"{""winter"": ""12-26°C"", ""summer"": ""24-34°C"", ""monsoon"": ""24-30°C""}",High monsoon rainfall; island subject to flooding and erosion.,Culture_seekers | Slow_travelers | Backpackers | Photography_enthusiasts,"{""Culture_seekers"": ""Unique Vaishnavite satra culture and traditional craft."", ""Slow_travelers"": ""Unhurried island pace with simple homestays.""}",Ferry timings and safety depend on river conditions; basic healthcare and ATMs; erosion changes some areas over time.,2.0,3.0,4,Day 1: Arrival and nearby satra visits; Day 2: Further satras and village explorations; Day 3: Cycling/birdwatching and return.,Homestays | Eco-camps | Simple guesthouses,Simple Assamese meals in homestays and small eateries.,8,Generally safe communities; main risk is weather and river transport; always respect boat capacity rules.,Limited to moderate depending on area and network.,"Jio | Airtel, with variable strength",Few or none on the island; better at Jorhat; carry cash.,Assamese | Mising | Hindi (some) | Basic English with hosts,False,Strong Vaishnavite traditions and tribal cultures; mask-making and crafts in some satras.,Raas Mahotsav (Raas Lila performances) and other satra festivals.,Respect monastic rules; modest dress and quiet behaviour inside satras.,Traditional masks | Handloom products | Local crafts,Assamese thali | Fish curries | Pitha (rice cakes),2026-01-12,web:177 | web:183,"Praised for calm, culture-rich experiences away from standard tourist circuits.",More organised homestays and community tourism initiatives.,"Island is ecologically delicate and eroding; low-impact, respectful tourism is vital.",Majuli Island,Not required
29,Andhra Pradesh,Alluri Sitharama Raju (Araku region),South India,18.3273,82.875,910,5,Moderate,"{""name"": ""Visakhapatnam Airport"", ""distance_km"": 110}","{""name"": ""Araku (via scenic Vizag-Araku railway)"", ""distance_km"": 0}",Visakhapatnam,110,Hill roads from Visakhapatnam with good views; buses and cabs available.,"{""accommodation_range"": [600, 1200], ""food_range"": [200, 400], ""activities_range"": [150, 300], ""local_transport_range"": [150, 300], ""total_daily_range"": [1100, 2200]}","{""accommodation_range"": [1200, 2500], ""food_range"": [400, 800], ""activities_range"": [300, 600], ""local_transport_range"": [300, 600], ""total_daily_range"": [2200, 4500]}","{""accommodation_range"": [2500, 6000], ""food_range"": [600, 1500], ""activities_range"": [500, 1200], ""local_transport_range"": [400, 800], ""total_daily_range"": [4000, 9500]}",Nature | Tribal_culture | Hill_station | Short_break,Araku Valley viewpoints | Ananthagiri coffee plantations | Borra Caves (nearby) | Tribal Museum,Valley train ride | Viewpoint visiting | Coffee estate visits | Museum and cultural experiences,Scenic hill railway from Visakhapatnam and relaxed valley with tribal cultural elements.,Small village walks off main market road | Less-known viewpoints on side roads,Winter | Post-monsoon,Peak summer afternoons and heaviest monsoon days,November–February and holidays/weekends,Hotter pre-monsoon and some monsoon periods,"{""winter"": ""12-26°C"", ""summer"": ""20-32°C"", ""monsoon"": ""18-26°C""}",Receives monsoon showers that keep valley green.,Families | Train_journey_fans | Nature_lovers | Short_break_travellers_from_Visakhapatnam,"{""Train_journey_fans"": ""Scenic tunnels and viaducts on Vizag–Araku rail route."", ""Nature_lovers"": ""Valley views, caves and plantations.""}",Weekends and holiday crowds can be significant; advance booking for train recommended in peak periods.,1.0,2.0,3,"Day 1: Scenic train from Vizag, valley tour and coffee plantations; Day 2: Borra Caves and additional viewpoints.",Government lodges | Private hotels | Homestays in/around valley,Simple Andhra and tribal-influenced dishes; limited but sufficient restaurant options.,8,Generally safe; use local guidance for exploring less frequented areas.,Moderate 4G in town/market area; weaker in outer stretches.,Jio | Airtel | Vi (signal quality varies),Few ATMs in main market area; carry some cash.,Telugu | Local tribal languages | Hindi (some) | Basic English in tourism),False,Tribal communities and coffee-growing populations.,Local tribal festivals and occasional cultural programmes.,Respect local privacy and ask before photographing people.,Locally grown coffee | Tribal handicrafts | Spices,Andhra-style meals | Local bamboo chicken (where available) | Valley-grown coffee,2026-01-12,web:177,Valued as a peaceful hill trip from Visakhapatnam with a memorable train ride.,Enhanced tourism facilities and more organised day tours from the coast.,Litter can accumulate at popular viewpoints; choose eco-conscious operators and avoid single-use plastic.,Araku Valley,Not required
30,Kerala,Thiruvananthapuram,South India,8.7379,76.716,20,7,Moderate,"{""name"": ""Trivandrum International Airport"", ""distance_km"": 45}","{""name"": ""Varkala Sivagiri"", ""distance_km"": 3}",Thiruvananthapuram,45,Coastal and state highways connect Varkala to Thiruvananthapuram and Kollam.,"{""accommodation_range"": [700, 1300], ""food_range"": [250, 500], ""activities_range"": [200, 400], ""local_transport_range"": [150, 300], ""total_daily_range"": [1300, 2500]}","{""accommodation_range"": [1300, 3000], ""food_range"": [400, 800], ""activities_range"": [300, 600], ""local_transport_range"": [250, 500], ""total_daily_range"": [2250, 4900]}","{""accommodation_range"": [3000, 9000], ""food_range"": [600, 1500], ""activities_range"": [500, 1200], ""local_transport_range"": [300, 700], ""total_daily_range"": [4400, 12400]}",Beach | Cliff_scenery | Wellness | Backpacker | Short_break,Varkala Cliff and North Cliff promenade | Papanasam Beach | Sivagiri Mutt (nearby ashram) | Edava lakes and backwater area (short drive),Cliff-top walks | Beach time and swimming (conditions permitting) | Yoga and Ayurveda treatments | Cafe and restaurant visits,Beach below dramatic laterite cliffs with a line of cafes and wellness centres on top.,Quieter stretches towards Black Beach and beyond | Small homestays tucked behind main cliff road,Winter | Post-monsoon,Roughest monsoon seas and heavy rain spells,November–February and Christmas–New Year period,Monsoon months and hot pre-monsoon weeks,"{""winter"": ""23-30°C"", ""summer"": ""26-34°C"", ""monsoon"": ""24-30°C""}",Heavy southwest monsoon; beach and cliff paths can be wet and windy.,Backpackers | Couples | Wellness_travellers | Budget_beach_holidayseekers,"{""Wellness_travellers"": ""Concentration of yoga schools and Ayurveda centres."", ""Backpackers"": ""Affordable stays and sociable cliff-strip atmosphere.""}",Some cliff edges are unguarded; stay away from unstable sections; currents can be strong in water; heed lifeguard flags.,2.0,3.0,5,Day 1: Cliff and beach; Day 2: Yoga/Ayurveda sessions and Sivagiri; Day 3: Explore nearby lakes/backwaters or Kollam side-trip.,Guesthouses | Cliff-top hotels | Homestays | Retreat centres,Strong cafe culture with Indian and international cuisine; many vegetarian and seafood options.,8,Tourist-friendly; be cautious on cliff paths in rain and while swimming in rough sea.,Good around cliff and town area.,Jio | Airtel | Vi,ATMs in Varkala town and near main approach roads.,Malayalam | English (widely in tourism) | Hindi (some),False,Kerala coastal culture with ashram and temple influence near Sivagiri.,Sivagiri pilgrimage and standard Kerala festivals like Onam.,Beach wear accepted on cliff/beach; modest dress recommended when visiting temples/ashrams.,Beachwear | Ayurveda products | Handicrafts,Kerala fish curry (for non-vegetarians) | Appam and stew | Fresh coconut-based dishes,2026-01-12,web:177 | web:180,"Seen as a more relaxed, smaller-scale alternative to Goa with cliffs and wellness focus.",Increase in boutique stays and yoga-focused retreats along the cliff.,Cliff erosion and waste are growing concerns; choose eco-friendly stays and minimise plastic use.,Varkala,Not required
31,Andaman and Nicobar Islands,South Andaman,Island Territory,11.968,92.987,0,9,Moderate,"{""name"": ""Port Blair (Veer Savarkar International Airport)"", ""distance_km"": 60}","{""name"": ""None (island; access via ferry from Port Blair)"", ""distance_km"": null}",Port Blair,60,"Internal island roads connect jetty, Radhanagar Beach and other points; main access is by ship/ferry from Port Blair.[web:216][web:217][web:222]","{""accommodation_range"": [1200, 2500], ""food_range"": [300, 700], ""activities_range"": [500, 1500], ""local_transport_range"": [300, 800], ""total_daily_range"": [2300, 5500]}","{""accommodation_range"": [2500, 6000], ""food_range"": [600, 1500], ""activities_range"": [800, 2000], ""local_transport_range"": [500, 1200], ""total_daily_range"": [4400, 10700]}","{""accommodation_range"": [6000, 20000], ""food_range"": [1000, 2500], ""activities_range"": [1500, 4000], ""local_transport_range"": [800, 1500], ""total_daily_range"": [9300, 28000]}",Beach | Honeymoon | Diving | Family | Island,Radhanagar Beach (Beach No. 7) | Elephant Beach (snorkelling/activities) | Kalapathar Beach | Neil’s Cove (near Radhanagar),Beach walks and sunset at Radhanagar | Snorkelling and scuba diving | Sea walking and other water sports (Elephant Beach) | Cycling or scooty rides,"White-sand blue-water beaches including Radhanagar, often rated among Asia’s best beaches, with spectacular sunsets.[web:215][web:216][web:219][web:222]",Neil’s Cove lagoon at the far end of Radhanagar Beach.[web:216] | Quieter stretches of Kalapathar Beach during early mornings,Winter | Calm sea months from November to April,Peak monsoon and days of rough sea when ferries and water activities may be disrupted.[web:217][web:219],December–March and holiday periods,Monsoon (June–September) and some shoulder weeks,"{""winter"": ""23-30°C"", ""summer"": ""26-33°C"", ""monsoon"": ""24-30°C""}",Tropical island with heavy monsoon showers; humidity high year-round.[web:217],Honeymooners | Families | Water_sports_lovers | Beach_relaxation_seekers,"{""Honeymooners"": ""Top-rated beaches, scenic sunsets and many resorts in quiet settings.[web:215][web:216]"", ""Water_sports_lovers"": ""Popular diving, snorkelling and sea-walk destination of Andamans.[web:217][web:218]""}",Ferry tickets between Port Blair and Havelock must be booked in advance in peak season; strict rules on plastic and beach cleanliness.,2.0,3.0,5,Day 1: Arrival and Kalapathar or nearby beach; Day 2: Radhanagar Beach afternoon till sunset; Day 3: Water sports at Elephant Beach; extra days for diving or relaxing.[web:216][web:217][web:219][web:222],Beach resorts (budget to luxury) | Island hotels | Eco-stays,Resort and beachside restaurants with Indian and international menus; fresh seafood popular.[web:217],9,Tourism infrastructure well-developed; follow lifeguard flags and dive operator safety briefings.,Improving 4G but still patchy; many resorts provide Wi‑Fi with varying speeds.[web:217],BSNL | Jio and Airtel in some pockets,Very limited; advisable to carry cash from Port Blair.[web:217],Hindi | Bengali | Tamil | English (tourism),False,Mixed settler communities with tourism-driven economy; strong focus on marine conservation.,Standard Indian festivals and occasional island-level tourism events.,Dress codes relaxed on beaches; avoid alcohol or littering on public beaches.,Small souvenir shops | Shell and handicraft items | Locally-themed T‑shirts,Fresh grilled seafood | Coconut-based curries | Island-style Indian and continental dishes,2026-01-12,web:215 | web:216 | web:217 | web:218 | web:219 | web:222,Frequently described as a highlight of Andaman trips thanks to Radhanagar’s beauty and good mix of relaxation and activities.,"More mid-range and upscale resorts, better high-speed ferries and increased focus on sustainable tourism.",Coral and marine life sensitive to disturbance; choose certified dive operators and avoid touching corals or leaving waste.,Havelock Island (Swaraj Dweep),Not required
32,Andaman and Nicobar Islands,South Andaman,Island Territory,11.83,93.05,0,7,Moderate,"{""name"": ""Port Blair (via ferry)"", ""distance_km"": 40}","{""name"": ""None (island; ferry access only)"", ""distance_km"": null}",Port Blair,40,Compact island with simple internal roads; main access via government and private ferries from Port Blair and Havelock.[web:220][web:223],"{""accommodation_range"": [1000, 2000], ""food_range"": [300, 600], ""activities_range"": [300, 700], ""local_transport_range"": [200, 500], ""total_daily_range"": [1800, 3800]}","{""accommodation_range"": [2000, 4500], ""food_range"": [500, 1000], ""activities_range"": [600, 1000], ""local_transport_range"": [300, 700], ""total_daily_range"": [3400, 7200]}","{""accommodation_range"": [4500, 12000], ""food_range"": [800, 1800], ""activities_range"": [800, 2000], ""local_transport_range"": [400, 900], ""total_daily_range"": [6500, 16700]}",Beach | Relaxation | Photography | Snorkelling | Short_break,Bharatpur Beach | Laxmanpur Beach | Sitapur Beach | Natural Rock Formation,Glass-bottom boat rides and snorkelling at Bharatpur.[web:220][web:223] | Sunset viewing at Laxmanpur Beach.[web:220][web:223] | Sunrise at Sitapur Beach and cycling around island.[web:220][web:223] | Casual beach walks and photography,"Small, laid-back island with multiple beaches offering sunrise, sunset and lagoon experiences in one compact circuit.[web:220][web:223]",Quiet interior village roads ideal for cycling.[web:223] | Less-crowded stretches of Laxmanpur away from main sunset point,Winter | Calm sea months November–April,Monsoon spells with rough seas and reduced ferries.[web:220],December–March,June–September,"{""winter"": ""23-30°C"", ""summer"": ""26-33°C"", ""monsoon"": ""24-30°C""}",Tropical rainfall pattern similar to Havelock; heavy monsoon showers.,Couples | Families | Slow_travellers | Budget_beach_lovers,"{""Slow_travellers"": ""Unhurried vibe with easy cycling and short distances between spots.[web:220]"", ""Couples"": ""Sunrise and sunset beaches with fewer crowds than Havelock.""}",Limited nightlife; last ferry timings restrict arrival and departure windows; carry cash.,1.0,2.0,3,"Day 1: Arrive, Bharatpur Beach and Natural Rock Formation; Day 2: Sunrise at Sitapur and sunset at Laxmanpur; optional extra day for snorkelling and relaxation.[web:220][web:223]",Beachside resorts | Guesthouses | Eco-cottages,Simple restaurants near beaches serving Indian and some Bengali and seafood dishes.[web:220][web:223],9,"Calm, small community; usual caution with water activities and sun exposure.",Limited 4G; some stays offer Wi‑Fi with variable speeds.,"BSNL, Jio and Airtel in pockets",Very limited; best to carry cash from Port Blair.,Hindi | Bengali | Tamil | English (tourism),False,Fishing and farming-based island communities increasingly oriented to tourism.,Standard Indian festivals; no very large separate island event.,Modest attire away from beaches; respect fishing zones and local property.,Basic souvenirs | Shell items | Local snack stalls,Fresh fish curries | Bengali-style dishes at Neil Kendra.[web:223] | Coconut-based sweets and snacks,2026-01-12,web:220 | web:223,"Rated as quieter and more relaxed than Havelock with beautiful, swimmable beaches and easy half- or full-day tours.",Improved jetties and more stay choices while still maintaining a relatively low-key vibe.,"Island ecology is fragile; use reef-safe sunscreen, avoid littering and support small local-run stays.",Neil Island (Shaheed Dweep),Not required
33,Meghalaya,East Khasi Hills,Northeast India,25.5788,91.8933,1495,7,Moderate,"{""name"": ""Shillong Airport (Umroi) / Guwahati"", ""distance_km"": 30}","{""name"": ""Guwahati (major railhead)"", ""distance_km"": 100}",Guwahati,100,Good hilly highway from Guwahati to Shillong with frequent shared cabs and buses.,"{""accommodation_range"": [800, 1500], ""food_range"": [250, 500], ""activities_range"": [200, 400], ""local_transport_range"": [200, 400], ""total_daily_range"": [1450, 2800]}","{""accommodation_range"": [1500, 3500], ""food_range"": [400, 800], ""activities_range"": [400, 800], ""local_transport_range"": [300, 600], ""total_daily_range"": [2600, 5700]}","{""accommodation_range"": [4000, 12000], ""food_range"": [800, 2000], ""activities_range"": [600, 1500], ""local_transport_range"": [400, 800], ""total_daily_range"": [5800, 16300]}",Hill_station | City_break | Music_culture | Gateway_destination,Ward’s Lake | Police Bazaar (market) | Shillong Peak and viewpoints | Nearby waterfalls and lakes (like Umiam Lake en route),City walks and cafes | Market shopping | Short drives to viewpoints and nearby falls,Compact hill city often called the 'Scotland of the East' with strong music scene and as a base for wider Meghalaya trips.[web:221][web:224],Local cafes and live-music venues | Quiet neighbourhood walks away from main market,Winter | Post-monsoon,Heaviest monsoon spells with intense rainfall and fog,"October–April, especially around Christmas and New Year",June–August heavy rain months,"{""winter"": ""6-20°C"", ""summer"": ""15-25°C"", ""monsoon"": ""14-22°C""}","High rainfall during monsoon, with occasional showers in other seasons.",Families | Young_travellers | Music_and_cafe_lovers | Travellers_heading_to_Cherrapunji/Dawki,"{""Travellers_heading_to_Cherrapunji/Dawki"": ""Practical and pleasant base at start or end of Meghalaya itinerary.[web:221]"", ""Music_and_cafe_lovers"": ""Known for indie bands, cafes and youth culture.""}",Traffic congestion in peak hours; book stays near areas of interest to reduce commute.,1.0,2.0,3,"Use Day 1–2 for Shillong sights and cafes, then continue 3–5 days towards Cherrapunji, Dawki and Krang Suri as part of larger Meghalaya plan.[web:221][web:224]",Hotels | Guesthouses | Homestays | Boutique stays,"Wide variety of North Indian, Chinese, fast food and some Khasi cuisine; many cafes.",8,Generally safe; normal city precautions; night travel to outskirts via reputed taxis.,Good 4G and broadband in city.,Jio | Airtel | Vi,Plentiful ATMs across city.,Khasi | English (widely) | Hindi (understood by many),False,Predominantly Khasi with matrilineal traditions and strong church presence.,"Christmas celebrations, local cultural festivals and music events.",Respect church spaces and local norms; dress modestly when visiting religious or traditional areas.,Warm clothes and fashion in Police Bazaar | Local crafts and souvenirs,Jadoh (rice and meat dish) | Local pork preparations | Street snacks at markets,2026-01-12,web:221 | web:224,Appreciated as a pleasant hill base with urban comforts before/after exploring Meghalaya’s nature spots.,"More cafes, boutique stays and organised Meghalaya tour packages.",Urban waste and traffic pollution are concerns; prefer walking and shared cabs where possible.,Shillong,Not required
34,Meghalaya,East Khasi Hills,Northeast India,25.27,91.73,1430,8,Moderate,"{""name"": ""Shillong Airport / Guwahati"", ""distance_km"": 60}","{""name"": ""Guwahati"", ""distance_km"": 150}",Shillong,55,Hill roads from Shillong with frequent taxis and tours; winding but well travelled.[web:221][web:224],"{""accommodation_range"": [800, 1500], ""food_range"": [250, 500], ""activities_range"": [200, 500], ""local_transport_range"": [300, 700], ""total_daily_range"": [1550, 3200]}","{""accommodation_range"": [1500, 3500], ""food_range"": [400, 800], ""activities_range"": [400, 800], ""local_transport_range"": [500, 900], ""total_daily_range"": [2800, 6000]}","{""accommodation_range"": [3500, 10000], ""food_range"": [700, 1800], ""activities_range"": [600, 1500], ""local_transport_range"": [700, 1200], ""total_daily_range"": [5500, 14500]}",Waterfalls | Caves | Rain_destination | Short_treks,Nohkalikai Falls | Seven Sisters Falls (seasonal flow) | Mawsmai Cave | Viewpoints over Bangladesh plains,Waterfall viewpoint visits | Cave walks (easy sections at Mawsmai) | Short hikes to viewpoints | Monsoon rain experience (with care),"Extremely high rainfall region with dramatic cliffs, waterfalls and caves overlooking lowlands of Bangladesh.[web:221][web:224]",Less crowded viewpoints off main road | Small local homestays with valley views,Post-monsoon and winter for clear views; monsoon for intense waterfall volume if prepared for rain.[web:224],Days of extreme rainfall and landslide warnings. | Very foggy days if priority is views.,October–April and some monsoon weekends,Heaviest continuous rain spells,"{""winter"": ""8-20°C"", ""summer"": ""15-25°C"", ""monsoon"": ""14-22°C""}",Among highest rainfall areas in the world; heavy and frequent showers in monsoon.[web:224],Waterfall_chasers | Nature_lovers | Monsoon_experience_seekers | Photographers,"{""Waterfall_chasers"": ""Multiple large falls visible from accessible viewpoints."", ""Monsoon_experience_seekers"": ""Legendary rainfall and lush greenery.""}","Carry good rain gear, non-slip footwear and be cautious near cliff edges; some viewpoints and caves may close in hazardous weather.",1.0,2.0,3,Combine with nearby root-bridge region or Dawki in a 3–5 day Meghalaya circuit; allocate 1–2 days to falls and caves around Cherrapunji.[web:221][web:224],Homestays | Guesthouses | Small resorts,Basic to mid-range eateries offering Indian and some local Khasi dishes.,8,Weather-related risks more important than crime; heed local advice on landslides and slippery trails.,Patchy but present in town and some stays.,"Jio | Airtel, variable coverage",Limited; best to withdraw in Shillong.,Khasi | English (widely) | Hindi (some),False,Khasi communities with matrilineal traditions and close relationship to land.,Local festivals and church events; nature is the main attraction.,Respect church and village spaces; avoid loud behaviour near religious and community areas.,Basic souvenirs | Local spices and oranges (in season),Jadoh and Khasi pork dishes | Local teas and snacks,2026-01-12,web:221 | web:224,Loved for its dramatic landscapes and waterfalls; some find constant rain challenging but rewarding.,"Improved viewpoints, safety railings and homestay network.",High rainfall system is sensitive to pollution; carry back waste and use eco-friendly products.,Cherrapunji & Mawsmai Area (Sohra region),Not required
35,Meghalaya,West Jaintia Hills,Northeast India,25.2,92.02,150,7,Moderate,"{""name"": ""Shillong Airport / Guwahati"", ""distance_km"": 90}","{""name"": ""Guwahati"", ""distance_km"": 170}",Shillong,80,Hill roads from Shillong via Pynursla/other routes; last stretch includes narrow winding roads to river bank.[web:221],"{""accommodation_range"": [800, 1500], ""food_range"": [250, 500], ""activities_range"": [400, 1000], ""local_transport_range"": [400, 800], ""total_daily_range"": [1850, 3800]}","{""accommodation_range"": [1500, 3000], ""food_range"": [400, 800], ""activities_range"": [800, 1500], ""local_transport_range"": [500, 900], ""total_daily_range"": [3200, 6200]}","{""accommodation_range"": [3000, 8000], ""food_range"": [700, 1500], ""activities_range"": [1200, 2500], ""local_transport_range"": [700, 1200], ""total_daily_range"": [5600, 13200]}",River | Adventure | Camping | Photography,Umngot River at Dawki and Shnongpdeng (crystal-clear water)[web:221] | Boating and kayaking stretches | Border town views towards Bangladesh,"Crystal-clear river boating | Kayaking, snorkelling and cliff jumping with operators | Camping by riverside (seasonal) | Short walks and suspension bridge views","Boat rides on clear river where boats appear to float on air in good conditions, with camping options along riverbank.[web:221]",Early-morning boat rides before crowds | Less busy camps slightly away from main Dawki bridge zone,Post-monsoon to winter when water is clearest (roughly November–February).[web:221],Peak monsoon when river can be muddy and water levels/flow risky. | Very crowded holiday weekends if seeking quiet.,December–January and major holidays,Monsoon months and weekdays in shoulder seasons,"{""winter"": ""12-26°C"", ""summer"": ""22-32°C"", ""monsoon"": ""22-28°C""}",High rainfall region; river clarity drops in heavy rain periods.[web:221],Adventure_seekers | Friends_groups | Campers | Photographers,"{""Adventure_seekers"": ""Cliff jumps, kayaking and camping packages."", ""Photographers"": ""Clear-water boat visuals and riverside landscapes.""}",Water-sport safety gear and certified operators are essential; river conditions can change quickly; border area regulations apply.,1.0,1.0,2,"Often done as day trip from Shillong or combined with Mawlynnong; arrive by late morning for clearer light, enjoy boating and return or camp overnight.[web:221]",Riverside camps | Basic homestays | Guesthouses in nearby villages,Simple local stalls and food at camps; more variety in Shillong.,7,Adventure-activity risks; insist on life jackets and avoid river in stormy conditions.,Limited mobile data along river.,"Jio, Airtel (spotty)",Very limited; carry cash from Shillong.,Khasi | English (some) | Hindi (some),False,Border-area Khasi villages with river-based livelihoods.,Occasional local events; main draw is nature and activities.,Respect village property and river cleanliness; avoid loud music late at night in camp areas.,Small souvenirs | Local snacks,Simple rice and meat/fish thali from local eateries | Local tea and snacks,2026-01-12,web:221,Famous for ‘glass-clear’ river views; some note crowding on busy days but still consider it a must-see.,More organised water-sport operators and designated camping zones.,Increasing tourist pressure on river; avoid plastics and follow operator rules to keep water clean.,Dawki & Shnongpdeng,Not required
36,Meghalaya,West Jaintia Hills,Northeast India,25.34,92.25,800,6,Moderate,"{""name"": ""Shillong Airport / Guwahati"", ""distance_km"": 90}","{""name"": ""Guwahati"", ""distance_km"": 180}",Jowai,30,Road from Jowai with last stretch on narrower hilly roads; walks and steps from parking to falls.[web:224],"{""accommodation_range"": [600, 1200], ""food_range"": [200, 400], ""activities_range"": [200, 500], ""local_transport_range"": [300, 600], ""total_daily_range"": [1300, 2700]}","{""accommodation_range"": [1200, 2500], ""food_range"": [400, 800], ""activities_range"": [400, 800], ""local_transport_range"": [400, 800], ""total_daily_range"": [2400, 4900]}","{""accommodation_range"": [2500, 6000], ""food_range"": [600, 1500], ""activities_range"": [600, 1500], ""local_transport_range"": [500, 900], ""total_daily_range"": [4200, 9900]}",Waterfall | Swimming | Day_trip | Photography,Turquoise-blue plunge pool | Curtain-like waterfall with viewing platforms,Guided swimming in designated safe area (with life jackets where allowed).[web:224] | Photography from walkways and viewpoints.[web:224] | Picnics and relaxation near falls,"Striking turquoise waterfall pool that looks almost unreal in sunlight, reached via a scenic trail and steps.[web:224]",Early-morning visits with fewer crowds and best light.[web:224],Post-monsoon and winter for clearer water and safe access.[web:224],Periods of very heavy rain or unsafe flow when access may be restricted.[web:224],November–February and holiday weekends,Monsoon and very rainy spells,"{""winter"": ""10-24°C"", ""summer"": ""18-28°C"", ""monsoon"": ""18-24°C""}",Heavy monsoon rainfall; water colour and flow vary by season.[web:224],Waterfall_chasers | Photographers | Friends_groups,"{""Waterfall_chasers"": ""Considered one of Meghalaya’s prettiest falls with easily accessible viewpoints.[web:224]"", ""Photographers"": ""Turquoise pool and misty spray create dramatic visuals.""}",Steps and paths can be slippery; follow all safety boards and use lifejackets where required; check local conditions before planning swim-focused trips.,1.0,1.0,1,"Typically combined with Dawki or Jowai area sights in a day trip; spend 2–3 hours at falls for walking, photos and optional dip.[web:221][web:224]",Stay in Jowai or Shillong and visit as day trip | Very limited basic stays near falls area,Small stalls and basic eateries near parking; carry snacks and water.,7,Respect barriers; do not venture beyond marked swim zones; rock surfaces can be slippery.,Limited mobile signal around falls.,"Jio, Airtel (spotty)",ATMs in Jowai; not at falls.,Pnar/Khasi | English (some) | Hindi (some),False,Falls are in Jaintia region with local communities managing some facilities.,No major standalone festival; visited as scenic nature spot.,"Follow local rules, especially regarding swimwear and behaviour around families.",Local snacks from stalls | Basic souvenirs from nearby markets,Simple rice plates and snacks from local eateries,2026-01-12,web:224,Frequently mentioned as a favourite waterfall in Meghalaya for its colour and atmosphere.,"Wooden walkways, viewpoints and safety measures improved in recent years.",Keep the pool and surroundings clean; avoid soaps and shampoos in water and carry trash back out.,Krang Suri Falls,Not required
37,Uttarakhand,Dehradun,North India,30.0869,78.2676,372,9,Easy,"{""name"": ""Dehradun (Jolly Grant) Airport"", ""distance_km"": 20}","{""name"": ""Rishikesh / Haridwar (major)"", ""distance_km"": 0}",Haridwar,25,"Good roads from Haridwar, Dehradun and Delhi; frequent buses and shared vehicles.","{""accommodation_range"": [600, 1200], ""food_range"": [200, 400], ""activities_range"": [400, 1000], ""local_transport_range"": [150, 300], ""total_daily_range"": [1350, 2900]}","{""accommodation_range"": [1200, 3000], ""food_range"": [400, 800], ""activities_range"": [800, 1500], ""local_transport_range"": [200, 400], ""total_daily_range"": [2600, 5700]}","{""accommodation_range"": [3000, 12000], ""food_range"": [700, 1800], ""activities_range"": [1200, 2500], ""local_transport_range"": [300, 700], ""total_daily_range"": [5200, 17000]}",Spiritual | Adventure | Yoga | Weekend_getaway,Laxman Jhula and Ram Jhula areas | Ganga Aarti ghats | Beatles Ashram (Chaurasi Kutiya) | Nearby rafting stretches on Ganga,Ganga Aarti participation | Yoga and meditation courses | River rafting and camping (seasonal) | Cafe hopping with Ganga views,Yoga capital on the banks of the Ganga with both spiritual retreats and adventure rafting in one base.,Quiet riverside ashrams away from main market | Small viewpoints on trails towards waterfalls like Neer Gaddu,Winter | Spring | Post-monsoon,Peak monsoon for rafting safety issues; hottest May afternoons for outdoor activities,October–April and long weekends,Monsoon months for adventure; shoulder weeks see fewer crowds,"{""winter"": ""8-22°C"", ""summer"": ""24-38°C"", ""monsoon"": ""22-30°C""}",North Indian monsoon pattern with heavy July–August rains.,Backpackers | Spiritual_seekers | Adventure_travellers | Wellness_tourists,"{""Spiritual_seekers"": ""Many ashrams and satsangs along the river."", ""Adventure_travellers"": ""Rafting, camping and short treks nearby.""}",Some zones predominantly vegetarian and alcohol-free; rafting is seasonal and subject to river safety norms.,2.0,3.0,5,Day 1: Jhula areas and Ganga Aarti; Day 2: Rafting and cafes; Day 3: Ashram or Beatles Ashram plus waterfalls/short hikes.,Ashrams | Budget guesthouses | Mid-range hotels | Luxury wellness resorts,Vegetarian-heavy with many cafes offering global health foods and traditional Indian meals.,8,Busy yet generally safe; adventure activities should be with licensed operators.,Good 4G and Wi‑Fi in most tourist areas.,Jio | Airtel | Vi,Many ATMs around main market and ghats.,Hindi | Garhwali | English (widely in tourism),False,Spiritual pilgrimage town with mix of long-stay seekers and short-term tourists.,"Yoga festivals, Ganga-related religious festivals, and seasonal fairs.",Conservative dress recommended at ghats/ashrams; remove footwear at temples and some ashram areas.,Spiritual books and items | Yoga clothing | Handicrafts,Local thali | Street-side chaat | Cafe-style healthy bowls,2026-01-12,web:177 | web:182,Popular among both backpackers and families; many stay longer than planned due to relaxed vibe.,More boutique stays and upmarket wellness resorts along quieter riverbanks.,"Ganga cleanliness is crucial; avoid plastic, use designated ghats and follow local eco-guidelines.",Rishikesh,Not required
38,Uttarakhand,Haridwar,North India,29.9457,78.1642,314,8,Easy,"{""name"": ""Dehradun (Jolly Grant) Airport"", ""distance_km"": 35}","{""name"": ""Haridwar Junction"", ""distance_km"": 0}",Rishikesh,25,Excellent road links from Delhi and other North Indian cities; frequent buses and trains.,"{""accommodation_range"": [500, 1000], ""food_range"": [150, 300], ""activities_range"": [100, 300], ""local_transport_range"": [100, 200], ""total_daily_range"": [850, 1800]}","{""accommodation_range"": [1000, 2500], ""food_range"": [300, 600], ""activities_range"": [200, 400], ""local_transport_range"": [150, 300], ""total_daily_range"": [1650, 3800]}","{""accommodation_range"": [2500, 8000], ""food_range"": [500, 1200], ""activities_range"": [400, 800], ""local_transport_range"": [200, 400], ""total_daily_range"": [3600, 10400]}",Pilgrimage | Spiritual | Gateway_destination,Har Ki Pauri ghat | Ganga Aarti | Temples along riverfront | Local bazaars,Taking dips in Ganga at designated ghats | Attending evening Aarti | Temple visits | Shopping for religious items and sweets,"Major Hindu pilgrimage city where the Ganga enters plains, with large daily Aarti and Kumbh Mela at intervals.",Quieter ghats slightly away from Har Ki Pauri | Old city lanes with traditional shops,Winter | Post-monsoon,Peak summer heat and extremely crowded festival days unless specifically targeting them,"Festivals (Kumbh, Kanwar Yatra periods, major Hindu holidays) and winter months",Very hot months; some monsoon weeks,"{""winter"": ""7-22°C"", ""summer"": ""24-42°C"", ""monsoon"": ""22-32°C""}",North Indian monsoon; occasional flood advisories along ghats.,Pilgrims | Families_on_religious_trips | First_time_Ganga_visitors,"{""Pilgrims"": ""Important Ganga and Kumbh site with many ashrams and temples."", ""First_time_Ganga_visitors"": ""Iconic Aarti and easy river access at multiple ghats.""}",Very crowded during big festivals; keep belongings secure and follow police/volunteer instructions near ghats.,1.0,2.0,3,"Day 1: Har Ki Pauri and Aarti; Day 2: Additional temples and walks, then onward to Rishikesh or hills.",Dharamshalas | Budget hotels | Mid-range and riverfront hotels,"Largely vegetarian with street snacks, sweets and North Indian meals.",8,Watch for slippery steps at ghats and strong currents; stay within designated bathing zones.,Good 4G across town.,Jio | Airtel | Vi,Many ATMs in town and near busy areas.,Hindi | Garhwali | English (some),False,Deeply religious city with constant pilgrim footfall.,"Kumbh Mela (periodic), Kanwar Yatra, Diwali and other major Hindu festivals.","Dress modestly, remove footwear before entering temples, and respect queuing systems and Aarti protocols.",Religious items and rudraksha | Sweets and snacks | Brassware,Kachori and puri-sabzi | Local sweets like peda and jalebi,2026-01-12,web:177,Powerful spiritual atmosphere noted by many; some feel crowds and noise can be overwhelming in peak times.,"Improved ghat infrastructure, lighting and crowd management during big events.",River pollution a concern; avoid plastic offerings and use designated bins.,Haridwar,Not required
40,Punjab,Amritsar,North India,31.634,74.8723,234,9,Easy,"{""name"": ""Sri Guru Ram Dass Jee International Airport, Amritsar"", ""distance_km"": 11}","{""name"": ""Amritsar Junction"", ""distance_km"": 0}",Lahore (Pakistan) / Jalandhar (India),80,"Well-connected by highways and trains from Delhi, Chandigarh and other Punjab cities.","{""accommodation_range"": [600, 1500], ""food_range"": [200, 500], ""activities_range"": [200, 400], ""local_transport_range"": [150, 300], ""total_daily_range"": [1150, 2700]}","{""accommodation_range"": [1500, 3500], ""food_range"": [400, 800], ""activities_range"": [300, 700], ""local_transport_range"": [200, 400], ""total_daily_range"": [2400, 5400]}","{""accommodation_range"": [3500, 12000], ""food_range"": [700, 1800], ""activities_range"": [500, 1200], ""local_transport_range"": [300, 700], ""total_daily_range"": [5000, 15700]}",Spiritual | History | Food | Weekend_getaway,Golden Temple (Harmandir Sahib) | Wagah/Attari Border ceremony | Jallianwala Bagh memorial | Old city bazaars,Golden Temple darshan and langar | Evening border flag ceremony visit | Heritage and food walks in old city,"24-hour open Golden Temple complex with community kitchen feeding thousands daily, combined with patriotic Wagah Border ceremony.",Quiet corners of sarovar at off-peak hours | Small traditional eateries in old lanes,Winter | Post-monsoon,Hottest months (May–June) for mid-day sightseeing; foggy winter mornings for long drives,"October–March and festival times (Gurpurab, Baisakhi, Diwali)",Peak summer and some monsoon weeks,"{""winter"": ""4-22°C"", ""summer"": ""28-44°C"", ""monsoon"": ""26-34°C""}",Typical Punjab monsoon with heavy showers in July–August.,Families | Pilgrims | Food_lovers | First_time_North_India_visitors,"{""Food_lovers"": ""Famous for Amritsari kulcha, lassi, fish and other Punjabi dishes."", ""Pilgrims"": ""Golden Temple’s spiritual atmosphere and sewa culture.""}",Head coverings required inside Golden Temple; security checks at border ceremony; crowds around festival times.,2.0,2.0,3,Day 1: Golden Temple and Jallianwala Bagh; Day 2: Wagah Border and old-city food/market exploration.,Budget hotels | Mid-range hotels | Heritage/boutique stays | Dharamshala-style accommodation near temple,Rich Punjabi cuisine from dhabas to sit-down restaurants; vegetarian and non-vegetarian options.,8,Tourist-friendly city; watch belongings in crowded bazaars and at border ceremony.,Good 4G and broadband.,Jio | Airtel | Vi,ATMs widespread in city centre and near temple.,Punjabi | Hindi | English (commonly understood),False,Strong Sikh heritage mixed with Punjabi urban culture.,"Gurpurab celebrations, Baisakhi, Diwali at Golden Temple and national days at border.","Cover head, remove shoes and wash feet before entering temple complex; maintain silence and decorum.",Phulkari embroidery | Punjabi juttis | Religious items and souvenirs,Amritsari kulcha | Chole bhature | Lassi | Amritsari fish (non-veg),2026-01-12,web:177 | web:182,Golden Temple experience is often called deeply moving; food and hospitality are highly praised.,Improved pedestrian zones around temple and refurbished Jallianwala Bagh memorial.,Litter in busy markets can be an issue; use waste bins and support establishments with sustainable practices.,Amritsar,Not required
41,Uttarakhand,Tehri Garhwal,North India,30.45,78.32,2600,5,Moderate,"{""name"": ""Dehradun (Jolly Grant) Airport"", ""distance_km"": 80}","{""name"": ""Rishikesh / Dehradun"", ""distance_km"": 75}",Mussoorie,40,"Hilly road from Chamba–Mussoorie side with moderate traffic; accessible by car, taxi and limited buses.[web:228][web:232]","{""accommodation_range"": [800, 1500], ""food_range"": [250, 500], ""activities_range"": [200, 500], ""local_transport_range"": [200, 400], ""total_daily_range"": [1450, 2900]}","{""accommodation_range"": [1500, 3500], ""food_range"": [400, 800], ""activities_range"": [400, 800], ""local_transport_range"": [300, 600], ""total_daily_range"": [2600, 5700]}","{""accommodation_range"": [3500, 9000], ""food_range"": [700, 1800], ""activities_range"": [600, 1500], ""local_transport_range"": [400, 800], ""total_daily_range"": [5200, 20100]}",Offbeat_hill | Nature | Short_break | Workation,Apple orchards and forest walks | Views towards snow peaks (on clear days) | Nearby Surkanda Devi Temple,Easy hikes and village walks | Camping and bonfires (in season) | Short drives to viewpoints,"Quiet hill hamlet above Mussoorie with orchards and limited commercialisation, popular as a peaceful workation spot.[web:228][web:232]",Forest trails around Kanatal ridge | Small homestays with valley-facing sit-outs,Spring | Summer | Autumn | Snow spells in winter (road permitting).[web:228],Days of heavy snowfall or landslide alerts in peak winter and monsoon.[web:228],April–June and some winter weekends,Mid-monsoon weeks and very cold snaps,"{""winter"": ""0-12°C"", ""summer"": ""10-24°C"", ""monsoon"": ""10-20°C""}",Regular Himalayan monsoon with misty days and occasional road disruption.[web:228],Couples | Remote_workers | Nature_lovers | Families_seeking_quiet,"{""Remote_workers"": ""Cabin-style stays and fewer crowds than Mussoorie.[web:228]"", ""Nature_lovers"": ""Forest, orchards and mountain views without big-town noise.""}",Limited nightlife and shopping; roads can be foggy; carry essentials and cash.,2.0,3.0,5,"Use as a base for slow days: one day for forest and village walks, another for Surkanda Devi and nearby viewpoints, extra days for reading/remote work.[web:228][web:232]",Homestays | Small resorts | Cottages,Mostly in-house meals at stays and a few dhabas; simple North Indian and Garhwali food.,8,Very quiet; main risk is road conditions in fog/snow.,Improving 4G; many stays advertise work-friendly Wi‑Fi but speeds can vary.[web:228],Jio | Airtel | Vi (spotty in some pockets),Few ATMs on route; better to withdraw in Mussoorie/Chamba.,Hindi | Garhwali | Basic English in tourism),False,Garhwali villages with traditional hill lifestyle.,Local temple fairs; main draw is calm nature.,Respect village privacy and temple norms; ask before entering orchards.,Local pulses and grains | Simple handicrafts (more options in Mussoorie/Tehri area),Garhwali dal and mandua-based dishes | Simple homely thalis,2026-01-12,web:228 | web:232,"Praised as a peaceful, less commercial alternative to bigger hill stations with good scope for doing nothing.",More boutique stays and workation packages while still far from mass-tourism levels.[web:228],Limited waste systems; carry your trash back and conserve water and electricity.,Kanatal,Not required
42,Uttarakhand,Almora,North India,29.7,79.77,2400,6,Moderate,"{""name"": ""Pantnagar Airport"", ""distance_km"": 140}","{""name"": ""Kathgodam"", ""distance_km"": 120}",Almora,30,Mountain roads from Almora side; last stretch into Binsar Wildlife Sanctuary has controlled vehicle entry.[web:232],"{""accommodation_range"": [1000, 1800], ""food_range"": [300, 600], ""activities_range"": [200, 500], ""local_transport_range"": [300, 600], ""total_daily_range"": [1800, 3500]}","{""accommodation_range"": [1800, 4000], ""food_range"": [500, 900], ""activities_range"": [400, 800], ""local_transport_range"": [400, 800], ""total_daily_range"": [3100, 6500]}","{""accommodation_range"": [4000, 9000], ""food_range"": [800, 1600], ""activities_range"": [600, 1500], ""local_transport_range"": [500, 900], ""total_daily_range"": [5900, 13000]}",Offbeat_hill | Wildlife | Birding | Workation,Binsar Wildlife Sanctuary viewpoints | Zero Point trek | Panoramic views of Nanda Devi and other peaks (on clear days),Short treks and forest walks | Birdwatching | Sunrise/sunset mountain viewing,Staying inside or near a forest sanctuary with dense oak–rhododendron woods and Himalayan peak views from ridges.[web:232],Early-morning walks to quieter viewpoints inside sanctuary | Small village trails below the main ridge,Autumn | Winter (for clear views) | Spring (for blooms).[web:232],Peak monsoon when leeches and slippery trails are common; heavy snowfall spells if roads close.,October–November and March–April long weekends,Monsoon months and some deep winter weeks,"{""winter"": ""-2-12°C"", ""summer"": ""10-24°C"", ""monsoon"": ""12-20°C""}",Good monsoon rainfall keeps forest lush; mist is common.,Birders | Writers_and_remote_workers | Nature_lovers | Families_seeking_quiet,"{""Birders"": ""Forest habitat with many Himalayan bird species.[web:232]"", ""Writers_and_remote_workers"": ""Tranquil atmosphere with some stays offering Wi‑Fi.""}",Entry fee for sanctuary; limited shops inside—most stays are semi-all-inclusive for meals; nights can be very quiet.,2.0,3.0,5,Day 1: Arrive and short walk around stay; Day 2: Zero Point trek and birding; Day 3+: slow days with forest walks and reading/remote work.[web:232],Forest guesthouses | Eco-lodges | Homestays around boundary villages,Mostly in-house food at lodges/homestays; Kumaoni dishes plus simple North Indian.,8,Wildlife is shy but present; follow lodge guidance and avoid walking alone too late at night inside deep forest.,"Variable; some properties have decent Wi‑Fi, others very limited.[web:232]",Patchy Jio/Airtel; BSNL in some spots,ATMs in Almora; none inside sanctuary.,Hindi | Kumaoni | Basic English at tourism stays,True,Kumaoni hill culture with small villages and terrace farming.,Local hill festivals in nearby towns; Binsar itself is nature-focused.,Keep noise low in forest; respect village privacy.,Local woollens and handloom (buy in Almora) | Hill pulses and grains,Bhatt ki churkani | Aloo ke gutke and simple Kumaoni thali,2026-01-12,web:225 | web:232,"Frequently described as serene and forested, ideal for birders and those escaping crowds.",Rise in eco-lodges and homestays catering to slow travellers.[web:232],"Inside a protected area—stay on trails, avoid loud music and minimise plastic waste.",Binsar,Forest entry ticket for sanctuary gate; charged per vehicle/person.
43,Uttarakhand,Pithoragarh,North India,30.07,80.24,2200,6,Difficult,"{""name"": ""Pantnagar (via long road journey)"", ""distance_km"": 320}","{""name"": ""Kathgodam / Tanakpur"", ""distance_km"": 280}",Pithoragarh,130,"Long, winding mountain roads via Almora–Thal or other Kumaon routes; scenic but time-consuming.[web:229][web:232]","{""accommodation_range"": [800, 1500], ""food_range"": [250, 500], ""activities_range"": [200, 400], ""local_transport_range"": [250, 500], ""total_daily_range"": [1500, 2900]}","{""accommodation_range"": [1500, 3500], ""food_range"": [400, 800], ""activities_range"": [400, 800], ""local_transport_range"": [300, 600], ""total_daily_range"": [2600, 5700]}","{""accommodation_range"": [3500, 9000], ""food_range"": [700, 1600], ""activities_range"": [600, 1500], ""local_transport_range"": [400, 800], ""total_daily_range"": [5200, 19900]}",Offbeat_hill | Trekking_base | Mountain_views | Adventure,Panchachuli peak views | Khaliya Top trek | Base for Milam and Ralam glacier treks,Day hikes and multi-day treks | Village walks | Birding and photography,Front-row views of snow-clad Panchachuli range from a quiet Kumaon town known as a trekkers’ base.[web:229],Sunrise and sunset viewpoints around Khaliya Top ridge | Small local hot springs and village trails,Spring | Summer | Autumn (for clear mountain views).,Peak monsoon and heavy snowfall periods when roads and high trails may close.[web:229],April–June and September–October,Monsoon and deep winter,"{""winter"": ""-2-10°C"", ""summer"": ""10-24°C"", ""monsoon"": ""12-20°C""}",Heavy monsoon rains; shoulder months offer greener views.,Trekkers | Mountain_photographers | Offbeat_seekers,"{""Trekkers"": ""Gateway to glaciers like Milam and Ralam plus closer treks like Khaliya.[web:229]"", ""Mountain_photographers"": ""Dramatic views of Panchachuli from easily accessible viewpoints.""}",Long travel time; limited medical facilities for serious emergencies; acclimatisation to cooler temps recommended.,3.0,4.0,7,Day 1–2: Travel from plains to Munsiyari with intermediate halt; Day 3: Khaliya Top; Day 4+: local village walks or start of longer treks.,Guesthouses | Simple hotels | Trek lodges and homestays,Local eateries and in-house kitchens; Kumaoni and North Indian dishes.,7,Mountain roads and trekking terrain present main risks; check weather and trail conditions.,Basic 3G/4G in town; weaker as you move out.,"BSNL, Jio (spotty) | Airtel in some stretches",Limited; carry sufficient cash from bigger towns.,Hindi | Kumaoni,False,Traditional Kumaoni villages with high-mountain lifestyle.,Local fairs; main focus is mountain and trekking culture.,Ask before photographing locals; respect village boundaries and fields.,Local woollens | Handicrafts,Kumaoni dal–bhaat with seasonal greens | Local bhatt-based dishes,2026-01-12,web:229 | web:232,Rated as one of Uttarakhand’s most scenic offbeat bases with big-mountain feel but basic infrastructure.,Gradual growth of homestays and small hotels catering to trekkers and road-trippers.[web:229],Remote fragile region; carry back trash and use local guides to support community economy.,Munsiyari,Not required
44,Uttarakhand,Dehradun,North India,30.7,77.87,2100,5,Moderate,"{""name"": ""Dehradun (Jolly Grant) Airport"", ""distance_km"": 115}","{""name"": ""Dehradun"", ""distance_km"": 90}",Dehradun,90,7–8 hour drive from Delhi via Dehradun and Vikasnagar; last sections are hilly with some narrow curves.[web:232],"{""accommodation_range"": [800, 1500], ""food_range"": [250, 500], ""activities_range"": [200, 400], ""local_transport_range"": [200, 400], ""total_daily_range"": [1450, 2800]}","{""accommodation_range"": [1500, 3000], ""food_range"": [400, 800], ""activities_range"": [400, 800], ""local_transport_range"": [300, 600], ""total_daily_range"": [2600, 5200]}","{""accommodation_range"": [3000, 8000], ""food_range"": [700, 1500], ""activities_range"": [600, 1500], ""local_transport_range"": [400, 800], ""total_daily_range"": [4700, 15800]}",Offbeat_hill | Nature | Weekend_getaway | Light_adventure,Deoban forest viewpoints | Tiger Falls (nearby) | Village and ridge walks,Nature walks and birding at Deoban | Short treks to waterfalls and viewpoints | Camping and bonfires (in season),Quiet cantonment hill town with deodar forests and expansive Himalayan views from Deoban on clear days.[web:232],Less-used forest paths around Deoban | Small homestays in villages around Chakrata,Spring | Summer | Autumn,Peak monsoon and heavy snowfall days when roads get risky.[web:232],April–June and some winter weekends,Rainiest weeks and extreme cold spells,"{""winter"": ""0-12°C"", ""summer"": ""12-26°C"", ""monsoon"": ""12-20°C""}",Regular hill-station rain and mist in monsoon.,Weekend_travellers_from_Delhi | Families | Birders_and_nature_lovers,"{""Weekend_travellers_from_Delhi"": ""Offbeat alternative to crowded Mussoorie with similar travel time.[web:232]"", ""Birders_and_nature_lovers"": ""Deoban forest ecosystems and quiet ridges.""}",Limited big-town facilities; some areas inside cantonment have restricted access; fuel and ATMs mainly in gateway towns.,2.0,3.0,4,Day 1: Reach and local walks; Day 2: Deoban and viewpoints; Day 3: Tiger Falls or nearby villages.[web:232],Small hotels | Homestays | Camps,Local dhabas and in-house kitchens serving simple Indian food.,8,Generally safe; drive carefully on forest roads and in fog.,Basic 4G in town; weaker in forest and remote hamlets.,"Jio | Airtel, variable",Limited; withdraw in Dehradun or larger towns.,Hindi | Garhwali,False,Garhwali villages with military presence in cantonment area.,Local fairs; nature remains the main draw.,Respect cantonment rules and village boundaries.,Very limited souvenir options; better shopping in Dehradun,Simple hill thali and fresh seasonal vegetables,2026-01-12,web:232,"Well-liked as a quiet, old-world hill station without big malls or crowds.",More small-scale stay options and promotion as an offbeat weekend break.[web:232],Forest and village environments are sensitive; avoid loud music and litter.,Chakrata,Not required
45,Madhya Pradesh,Mandla / Balaghat,Central India,22.33,80.61,600,8,Moderate,"{""name"": ""Jabalpur Airport"", ""distance_km"": 165}","{""name"": ""Gondia / Jabalpur"", ""distance_km"": 145}",Jabalpur,165,"Good forest highways from Jabalpur, Nagpur and Raipur to resort zones like Kisli, Mukki, Kanha.[web:230]","{""accommodation_range"": [1500, 3000], ""food_range"": [400, 800], ""activities_range"": [1500, 2500], ""local_transport_range"": [500, 1000], ""total_daily_range"": [3900, 7300]}","{""accommodation_range"": [3000, 6000], ""food_range"": [800, 1500], ""activities_range"": [2500, 4000], ""local_transport_range"": [800, 1500], ""total_daily_range"": [7100, 13000]}","{""accommodation_range"": [6000, 20000], ""food_range"": [1200, 2500], ""activities_range"": [3500, 6000], ""local_transport_range"": [1200, 2000], ""total_daily_range"": [11900, 30500]}",Wildlife | Tiger_safari | Nature | Photography,"Core safari zones (Kanha, Kisli, Mukki, Sarhi) | Sal and bamboo forests with meadows | Barasingha (hard-ground swamp deer) conservation success",Morning and evening jeep safaris (permit-based) | Nature walks in buffer zones (where allowed) | Village and tribal-culture visits,"Large, biodiverse tiger reserve known for regular tiger and barasingha sightings, considered among top safari parks in India.[web:230]",Less-crowded safari zones depending on season | Birding around meadows and waterbodies,October–June with peak sightings often Feb–May.[web:230],Monsoon closure when core park is shut (typically July–September).[web:230],December–April and long weekends,Very hot late May–June days and monsoon closure,"{""winter"": ""5-24°C"", ""summer"": ""24-42°C"", ""monsoon"": ""22-30°C""}",Central Indian monsoon with park closed during peak rains.[web:230],Wildlife_photographers | Families_with_interest_in_nature | First_time_tiger_safari_travellers,"{""Wildlife_photographers"": ""High tiger density plus diverse habitats and species.[web:230]"", ""First_time_tiger_safari_travellers"": ""Well-organised infrastructure and guides.""}",Safari permits must be booked well in advance for core zones; strict park rules on noise and behaviour.,2.0,3.0,5,"2–4 safaris over 2–3 days, mixing different zones; include one relaxed day for village visits or nature walks.[web:230]",Jungle lodges | Resorts (budget to luxury) | Homestays in buffer villages,Mostly in-lodge buffets or set menus with Indian and some continental dishes.,9,"Very safe if park rules are followed; wildlife viewing from vehicles only, no getting down in core.",Limited mobile data in forest belt; Wi‑Fi in some lodges.,"Jio, Airtel (select pockets)",ATMs in nearby towns; carry cash to lodge.,Hindi | Local dialects | English (guides and lodge staff),True,Gond and Baiga tribal communities around buffer zones.,Local tribal and village fairs; park itself follows seasonal safari calendar.,Respect local communities and avoid intrusive photography.,Wildlife-themed souvenirs at some lodges | Local crafts in village shops,Simple MP thali at lodges or dhabas,2026-01-12,web:230,Frequently ranked as a favourite tiger park for its landscapes and responsible tourism model.,Improved census numbers and focus on eco-tourism zoning.[web:230],Stick to official safaris; avoid off-trail activities and insist on eco-friendly lodge practices.,Kanha National Park,Online/office safari permits per vehicle and zone; ID proof mandatory.[web:230]
46,Rajasthan,Sawai Madhopur,North India,26.02,76.5,350,9,Easy,"{""name"": ""Jaipur International Airport"", ""distance_km"": 160}","{""name"": ""Sawai Madhopur"", ""distance_km"": 10}",Jaipur,170,"Good highway from Jaipur, Delhi side; regular trains to Sawai Madhopur then short drive to resort belt.[web:230]","{""accommodation_range"": [1500, 3000], ""food_range"": [400, 800], ""activities_range"": [1500, 2500], ""local_transport_range"": [400, 800], ""total_daily_range"": [3800, 7100]}","{""accommodation_range"": [3000, 7000], ""food_range"": [800, 1500], ""activities_range"": [2500, 4000], ""local_transport_range"": [600, 1200], ""total_daily_range"": [6900, 13700]}","{""accommodation_range"": [7000, 25000], ""food_range"": [1200, 2500], ""activities_range"": [3500, 6000], ""local_transport_range"": [1000, 1800], ""total_daily_range"": [12700, 35300]}",Wildlife | Tiger_safari | Heritage | Short_break,Core safari zones 1–10 | Ranthambore Fort within park | Lakes with ruins where tigers often appear,Jeep/canter safaris | Fort and temple visits (as per rules) | Village walks and handicraft shopping,"Iconic tiger reserve where big cats are often seen near ancient ruins and lakes, part of popular Golden Triangle extensions.[web:230][web:233]",Less famous safari zones with good sightings but fewer vehicles | Sunset views from fort area (as permitted),October–April; hot months can be excellent for sightings near water.[web:230],Monsoon closure July–September.[web:230],November–March and holiday periods,Pre-monsoon shoulder and monsoon closure,"{""winter"": ""7-26°C"", ""summer"": ""28-44°C"", ""monsoon"": ""24-32°C""}",Semi-arid with concentrated monsoon; park closed when tracks are wet.[web:230],First_time_safari_goers | Golden_Triangle_travellers | Wildlife_photographers,"{""First_time_safari_goers"": ""High chance of tiger sightings plus good tourist infrastructure.[web:230]"", ""Golden_Triangle_travellers"": ""Easy add-on to Delhi–Agra–Jaipur circuits.[web:233]""}",Safari allocations by zone; book early and avoid expecting specific tigers; follow guide instructions strictly.,2.0,3.0,4,"2–4 safaris across different zones plus half-day for fort and town, typically within a 2–3 night stay.[web:230][web:233]",Budget lodges | Mid-range resorts | Luxury tented camps,Primarily resort restaurants with Rajasthani and North Indian menus.,9,Park rules enforced; remain seated in vehicles and do not feed wildlife.,Decent 4G in Sawai Madhopur; resort Wi‑Fi near town.,Jio | Airtel | Vi,ATMs in Sawai Madhopur town.,Hindi | Rajasthani | English (tourism staff),True,Rajasthani rural communities around buffer; folk arts and crafts.,Local fairs and religious festivals; special safari demand around holidays.,Dress modestly in villages; tip guides and drivers responsibly rather than pushing for rule-breaking.,Wildlife art | Rajasthani textiles | Local handicrafts,Dal baati churma | Local kadhi and sabzis,2026-01-12,web:230 | web:233,Highly popular; many report memorable tiger sightings against ruined-palace backdrops.,Dynamic zoning and stricter vehicle caps to manage crowding.[web:230],Choose operators and lodges prioritising conservation and low-noise safaris.,Ranthambore National Park,Advance online booking recommended; options for shared and exclusive vehicles; zone allocation by department.[web:230]
47,Madhya Pradesh,Umaria,Central India,23.69,81.0,620,8,Moderate,"{""name"": ""Jabalpur Airport"", ""distance_km"": 170}","{""name"": ""Umaria / Katni"", ""distance_km"": 35}",Jabalpur,170,"Forest and state highways from Jabalpur, Katni and Umaria to Tala and other tourism zones.[web:230][web:233]","{""accommodation_range"": [1500, 3000], ""food_range"": [400, 800], ""activities_range"": [1500, 2500], ""local_transport_range"": [500, 1000], ""total_daily_range"": [3900, 7300]}","{""accommodation_range"": [3000, 6000], ""food_range"": [800, 1500], ""activities_range"": [2500, 4000], ""local_transport_range"": [800, 1500], ""total_daily_range"": [7100, 13000]}","{""accommodation_range"": [6000, 18000], ""food_range"": [1200, 2500], ""activities_range"": [3500, 6000], ""local_transport_range"": [1200, 2000], ""total_daily_range"": [11900, 28500]}",Wildlife | Tiger_safari | Photography,"Tala, Magadhi, Khitauli and newer zones | High tiger density in core | Bandhavgarh Fort and hill (restricted access zones)",Jeep safaris | Nature walks in buffer (where permitted) | Village experiences,"One of India’s best-known high-density tiger reserves, often recommended for focused tiger photography tours.[web:230][web:233]",Buffer zones with fewer vehicles but rich habitat | Birding around waterbodies on park fringes,October–June; hottest months increase chances at water holes.[web:230],Monsoon closure July–September.[web:230],November–April,Late summer heat and monsoon closure,"{""winter"": ""7-24°C"", ""summer"": ""26-44°C"", ""monsoon"": ""22-30°C""}","Central Indian monsoon, park shut during heavy-rain period.[web:230]",Serious_wildlife_photographers | Repeat_safari_travellers | Nature_lovers,"{""Serious_wildlife_photographers"": ""High encounter rates with tigers across zones.[web:230]"", ""Repeat_safari_travellers"": ""Complements Kanha, Pench and other MP parks in circuit.[web:233]""}",High demand for prime zones in season; book safaris well in advance and be prepared for early morning wake-ups in cooler weather.,2.0,3.0,5,At least 3–4 safaris split across zones like Tala/Magadhi plus buffer excursions for variety.[web:230][web:233],Jungle resorts | Safari lodges | Homestays in nearby villages,Lodge-based dining with Indian and some continental dishes.,9,Follow ranger and guide instructions; wildlife is wild and should never be provoked.,Resort Wi‑Fi and limited mobile data depending on location.,"Jio, Airtel (patchy)",ATMs in Umaria/nearby towns; carry cash to park area.,Hindi | Local dialects | English (guides),True,Rural MP villages with strong connection to forest landscape.,Local festivals; some lodges host nature and photography workshops.,Respect village life; do not pressure guides to break rules for closer sightings.,Wildlife souvenirs | Local crafts via community shops,Simple village-style MP thalis,2026-01-12,web:230 | web:233,"Known for intense tiger encounters, with many praising guide skills and photographic opportunities.",New tourism zones and greater focus on visitor management to reduce pressure on Tala.[web:230],Opt for fewer but longer trips rather than many short safaris; support lodges employing local staff.,Bandhavgarh National Park,Safari booking per zone/vehicle with limited seats; ID proof required.[web:230]
48,Maharashtra,Chandrapur,West India,20.26,79.37,220,8,Moderate,"{""name"": ""Nagpur Airport"", ""distance_km"": 140}","{""name"": ""Chandrapur / Nagpur"", ""distance_km"": 45}",Nagpur,140,Good highways from Nagpur to Moharli and other gates; ~2–3 hour drive from city.[web:230],"{""accommodation_range"": [1500, 3000], ""food_range"": [400, 800], ""activities_range"": [1500, 2500], ""local_transport_range"": [500, 1000], ""total_daily_range"": [3900, 7300]}","{""accommodation_range"": [3000, 6000], ""food_range"": [800, 1500], ""activities_range"": [2500, 4000], ""local_transport_range"": [800, 1500], ""total_daily_range"": [7100, 13000]}","{""accommodation_range"": [6000, 18000], ""food_range"": [1200, 2500], ""activities_range"": [3500, 6000], ""local_transport_range"": [1200, 2000], ""total_daily_range"": [11900, 28500]}",Wildlife | Tiger_safari | Photography,"Core zones like Moharli, Tadoba, Kolsa–Zari, Navegaon | Large lake and mixed teak forest | Good big-cat and wild-dog sightings",Jeep safaris | Boat safaris in some buffer waterbodies (subject to rules) | Night drives in certain buffer zones (if permitted),"Well-known for high probability of tiger sightings, accessible from Nagpur with diverse landscapes and water reservoirs.[web:230]",Less-visited gates with fewer vehicles but strong wildlife presence | Birding around wetland habitats,October–June; best views often in dry months when animals visit water.[web:230],Monsoon closure July–September.[web:230],December–April weekends and holidays,Late summer heat and monsoon closure,"{""winter"": ""8-26°C"", ""summer"": ""26-45°C"", ""monsoon"": ""22-30°C""}","Hot, dry summers; distinct monsoon closure period.[web:230]",Quick_safari_from_Nagpur | Wildlife_photographers | Families_who_enjoy_wildlife,"{""Quick_safari_from_Nagpur"": ""Just 2 hours from airport, suitable for shorter wildlife trips.[web:230]"", ""Wildlife_photographers"": ""High sighting odds in core zones and diverse species.""}",Heat can be intense in April–May; choose early-morning safaris and adequate hydration.,2.0,3.0,4,2–4 safaris over 2–3 days from a base near Moharli or other gates; combine with Nagpur city or other nearby parks if desired.[web:230],Jungle lodges | Resorts | Simple homestays near gates,In-resort dining with Maharashtrian and North Indian food.,9,Standard tiger-park rules; do not get down from vehicles or approach wildlife.,Limited mobile data; some lodges have Wi‑Fi.,"Jio, Airtel (varies)",ATMs in Chandrapur; carry cash to lodge.,Marathi | Hindi | English (tourism),True,Vidarbha rural communities; some areas with strong forest dependence.,Local village festivals; park focuses on safari season cycle.,Be respectful when visiting villages; avoid flashy photography of people without consent.,Basic souvenirs from lodges | Local snacks and sweets en route,Spicy Maharashtrian sabzis and bhakri,2026-01-12,web:230,Regularly mentioned for reliable tiger sightings and convenient access from Nagpur.,Improved core–buffer management and diversification of entry gates.[web:230],"Stick to eco-sensitive lodges, support community guides and minimise plastic use.",Tadoba Andhari Tiger Reserve,Advance safari permits with zone allocations; adherence to capacity limits.[web:230]
49,Lakshadweep,Union Territory Islands,Island Territory,10.83,72.19,0,7,Difficult,"{""name"": ""Agatti Airport"", ""distance_km"": 0}","{""name"": ""None (island chain; access via flights/ships from Kochi)"", ""distance_km"": null}",Kochi (main mainland gateway),460,Internal island roads and walking paths only; inter-island travel by boats and ships arranged through administration/tour operators.[web:231][web:234],"{""accommodation_range"": [2500, 5000], ""food_range"": [600, 1200], ""activities_range"": [1000, 2500], ""local_transport_range"": [800, 2000], ""total_daily_range"": [4900, 10700]}","{""accommodation_range"": [5000, 9000], ""food_range"": [1000, 2000], ""activities_range"": [2000, 4000], ""local_transport_range"": [1200, 3000], ""total_daily_range"": [9200, 18000]}","{""accommodation_range"": [9000, 20000], ""food_range"": [1500, 3000], ""activities_range"": [3000, 6000], ""local_transport_range"": [2000, 4000], ""total_daily_range"": [15500, 33000]}",Island | Beach | Diving | Honeymoon | Offbeat,Agatti Island beaches and lagoon | Bangaram Island (often via permits/packages) | Kadmat Island for water sports and reefs | Kalpeni/Kavaratti side trips depending on itinerary,"Snorkelling, scuba diving and kayaking in lagoons | Lagoon boat rides and reef walks | Beach relaxation and low-key cycling/walks",Tropical atolls with turquoise lagoons and vibrant coral reefs that remain far less crowded than other Indian beach destinations.[web:231][web:234],"Uninhabited islets near Kalpeni such as Tilakkam, Pitti and Cheriyam (visited via authorised trips).[web:234] | Quiet sunrise/sunset spots on narrow sand spits of Kadmat/Bangaram","Dry, calm-sea months from October–March; some itineraries also run through April.[web:231][web:234]","Southwest monsoon (rough seas, limited access) and cyclone-alert periods.[web:231]",December–March and New Year weeks,Monsoon months and shoulder periods with choppy seas,"{""winter"": ""24-30°C"", ""summer"": ""26-33°C"", ""monsoon"": ""24-30°C""}",Heavy monsoon with strong winds; most tourism structured outside wettest months.[web:231],Honeymooners | Divers_and_snorkellers | Quiet_beach_seekers,"{""Honeymooners"": ""Pristine, uncrowded islands and limited outside distractions.[web:231]"", ""Divers_and_snorkellers"": ""Healthy coral reefs and clear lagoons around islands like Kadmat and Bangaram.[web:231][web:234]""}",Entry permits and package bookings via authorised operators are mandatory; alcohol availability extremely restricted; cultural sensitivity important.,4.0,5.0,7,"Fly Kochi–Agatti, spend 1–2 nights, then boat to Bangaram/Kadmat for diving and lagoon time, returning to Agatti for departure based on current package structures.[web:231][web:234]",Government-approved resorts | Designated tourist huts | Package-based stays on specific islands,"Resort and camp kitchens serving South Indian, seafood and simple continental dishes.[web:231]",9,Islands are safe; biggest risks are sea/weather conditions—follow authority advisories strictly.,Limited; some resorts offer basic connectivity but expect digital detox.[web:231],BSNL primary; some roaming on others where available,Very limited; carry adequate cash as per operator guidance.,Malayalam | English (administration/tourism) | Hindi (some),True,Predominantly Muslim island communities with conservative norms; tourism is tightly regulated.,Local Islamic festivals; tourism structured more by season than by events.,Dress modestly away from resort beaches; respect no-alcohol norms and local prayer times.,Coir products | Shell crafts (ensure they are legally sourced) | Packaged coconut and fish products,Fresh fish fries and curries | Coconut-rich island dishes | Traditional Malabari-influenced snacks,2026-01-12,web:231 | web:234,"Often described as stunning and serene, with special praise for water clarity and reefs but acknowledgment of higher costs and permit complexity.","Increased interest within India in 2025; authorities emphasise controlled, eco-sensitive tourism.[web:231][web:234]","Coral islands are extremely fragile—use reef-safe sunscreen, never touch corals, and follow strict no-litter rules.",Lakshadweep (Agatti–Bangaram–Kadmat circuit),Entry permits issued via Lakshadweep administration and tour operators; foreigners face additional restrictions.[web:231][web:234]
50,Lakshadweep,Union Territory Islands,Island Territory,10.07,73.65,0,5,Difficult,"{""name"": ""Agatti Airport (via ship/boat connection)"", ""distance_km"": 150}","{""name"": ""None; access via Kochi then ship/boat"", ""distance_km"": null}",Kochi (mainland gateway),380,Small internal roads within island; access via ships and boats as part of Lakshadweep itineraries.[web:231][web:234],"{""accommodation_range"": [2000, 4000], ""food_range"": [500, 1000], ""activities_range"": [800, 2000], ""local_transport_range"": [600, 1600], ""total_daily_range"": [3900, 8600]}","{""accommodation_range"": [4000, 7000], ""food_range"": [800, 1500], ""activities_range"": [1500, 3000], ""local_transport_range"": [800, 2000], ""total_daily_range"": [7100, 13500]}","{""accommodation_range"": [7000, 15000], ""food_range"": [1200, 2500], ""activities_range"": [2500, 5000], ""local_transport_range"": [1500, 3000], ""total_daily_range"": [12200, 25500]}",Island | Water_sports | Offbeat | Beach,"Wide shallow lagoon with clear waters | Unique shoreline shaped by coral debris | Nearby uninhabited islets like Tilakkam, Pitti, Cheriyam accessible by authorised trips","Kayaking, sailing and reef walks | Snorkelling and basic diving experiences (where offered) | Beach walks and sunrise/sunset watching","Lagoon-focused island dubbed a ‘lagoon of wonders’ with shallow, wide lagoons ideal for non-swimmers and gentle water activities.[web:231][web:234]",Boat trips to close-by tiny islets with pristine sandbars.[web:234] | Quiet night skies with minimal light pollution,October–March when seas are calmer and lagoons easily accessible.[web:231][web:234],Monsoon and stormy periods when boat connectivity and activities are restricted.[web:231],December–February,Monsoon months and rough-sea spells,"{""winter"": ""24-30°C"", ""summer"": ""26-33°C"", ""monsoon"": ""24-30°C""}",Heavy rains in monsoon; tourism structured around dry months.[web:231],Families_with_kids | Soft_adventure | Offbeat_island_lovers,"{""Families_with_kids"": ""Shallow lagoons and gentle water-based activities suited to beginners.[web:234]"", ""Offbeat_island_lovers"": ""Less-visited than flagship islands like Bangaram/Kadmat.""}",Part of tightly controlled Lakshadweep tourism; must travel with approved packages; respect conservative local culture.,2.0,2.0,4,"Typically included as 1–3 night segment in multi-island Lakshadweep package with focus on reef walks, kayaking and islet excursions.[web:231][web:234]",Government/tour-operator managed tourist huts | Limited resort-style stays where available,"Set meals within packages, featuring South Indian staples and fresh seafood.[web:231]",9,Very calm if local safety rules followed; heed lifeguards and avoid venturing out independently in rough weather.,Minimal; expect near-complete digital detox.[web:234],"Primarily BSNL, weak and unreliable",None on island; payments usually arranged through package operators.,Malayalam | English (administration/tourism),True,Small Muslim island community with traditional lifestyle.,Local religious observances; tourism is quiet and nature-focused.,Dress modestly away from tourist-beach areas; follow island administration guidelines.,Very limited; small local shops for essentials only,Island fish curries with coconut | Local snacks served at tourist huts,2026-01-12,web:231 | web:234,Appreciated for peaceful lagoons and uncrowded feel; often called a hidden gem within an already offbeat archipelago.,More structured inclusion in Lakshadweep tour circuits with emphasis on low-impact activities.[web:234],"Reefs and islets are extremely fragile—strictly avoid litter, coral contact and unsupervised exploration.",Kalpeni Island (Lakshadweep),Same Lakshadweep entry permit regime; movement handled via official tours.[web:231][web:234]
51,Rajasthan,Jaisalmer,West India,26.9157,70.9083,225,9,Moderate,"{""name"": ""Jaisalmer Airport (seasonal flights) / Jodhpur Airport"", ""distance_km"": 15}","{""name"": ""Jaisalmer Junction"", ""distance_km"": 2}",Jodhpur,280,"Good highways from Jodhpur and Bikaner; buses and cabs available, desert stretches beyond town by road/jeep.[web:238][web:241]","{""accommodation_range"": [800, 1500], ""food_range"": [250, 500], ""activities_range"": [400, 1000], ""local_transport_range"": [200, 500], ""total_daily_range"": [1650, 3500]}","{""accommodation_range"": [1500, 3500], ""food_range"": [400, 800], ""activities_range"": [800, 1500], ""local_transport_range"": [300, 700], ""total_daily_range"": [3000, 6500]}","{""accommodation_range"": [3500, 15000], ""food_range"": [800, 2000], ""activities_range"": [1500, 3000], ""local_transport_range"": [500, 1200], ""total_daily_range"": [6300, 21200]}",Desert | Heritage | Photography | Festival,Jaisalmer Fort (living fort with havelis and temples) | Patwon Ki Haveli and other mansions | Sam and Khuri sand dunes (camel and jeep safaris) | Gadisar Lake,Fort and haveli walks | Camel/jeep safaris with dune sunset | Overnight desert camping | Shopping for textiles and handicrafts,Golden sandstone fort city rising from Thar Desert with dune safaris and stargazing at desert camps.[web:238][web:241],Less-touristy Khuri dunes vs busier Sam | Quiet inner lanes and rooftop viewpoints in the fort,Winter and post-monsoon (October–March).,Peak summer for extreme heat; occasional dust storms; check festival crowd levels if seeking quiet.[web:238],November–February and during Jaisalmer Desert Festival dates in February.[web:235][web:237][web:241],April–September (very hot; some camps shut in off months),"{""winter"": ""7-26°C"", ""summer"": ""28-45°C"", ""monsoon"": ""26-34°C""}",Very low rainfall desert climate; rare but intense showers possible in monsoon.[web:238],Couples | Friends_groups | Photography_enthusiasts | Culture_lovers,"{""Photography_enthusiasts"": ""Golden fort, blue skies, dunes and desert night skies."", ""Culture_lovers"": ""Folk music, dance and desert festival events with camel races and competitions.[web:235][web:238][web:241]""}",Desert nights can get cold in winter; advanced booking needed for festival period; choose ethical camel operators.,2.0,3.0,4,"Day 1: Fort, havelis and lake; Day 2: Sam/Khuri dunes with sunset and camping; Day 3: Extra fort areas, desert village trip or festival events if in February.[web:235][web:237][web:238][web:241]",Fort-view hotels | Budget guesthouses | Desert camps (basic to luxury) | Heritage havelis,"Rajasthani thalis, local snacks and rooftop restaurants with fort views.",8,Town and camps are generally safe; protect from sun and dehydration in desert.,Good 4G in town; weaker at remote dune camps.,Jio | Airtel | Vi,ATMs in Jaisalmer town; none at dunes.,Hindi | Rajasthani | English (tourism),False,Desert trading and warrior heritage with strong folk-art traditions.,"Jaisalmer Desert Festival in February with camel races, folk performances, turban tying, moustache and Mr Desert contests.[web:235][web:237][web:238][web:241]",Dress modestly in old town; remove shoes at temples; tip folk performers fairly.,Mirror-work textiles | Camel-leather items | Rajasthani jewellery and puppets,Dal baati churma | Ker sangri | Gatte ki sabzi,2026-01-12,web:235 | web:237 | web:238 | web:241,Often described as a highlight of Rajasthan for its fairy-tale fort and desert experiences; some find festival crowds intense but enjoyable.,Better structured festival programmes and more organised desert camps near Sam and Khuri.[web:235][web:238][web:241],Desert ecosystem is fragile; avoid littering dunes and support camps that manage waste and limit water use.,Jaisalmer (Thar Desert & Fort Town),Not required
52,Gujarat,Kachchh,West India,23.25,69.67,60,6,Moderate,"{""name"": ""Bhuj Airport"", ""distance_km"": 5}","{""name"": ""Bhuj"", ""distance_km"": 5}",Bhuj,0,"Good roads from Bhuj to Mandvi, Kala Dungar and craft villages like Hodka, Nirona and Bhujodi.[web:210]","{""accommodation_range"": [800, 1800], ""food_range"": [250, 500], ""activities_range"": [300, 700], ""local_transport_range"": [400, 800], ""total_daily_range"": [1750, 3800]}","{""accommodation_range"": [1800, 3500], ""food_range"": [400, 800], ""activities_range"": [700, 1400], ""local_transport_range"": [600, 1200], ""total_daily_range"": [3500, 6900]}","{""accommodation_range"": [3500, 9000], ""food_range"": [700, 1600], ""activities_range"": [1400, 2500], ""local_transport_range"": [800, 1500], ""total_daily_range"": [6400, 14600]}",Cultural | Desert_coastal | Handicrafts | Road_trip,"Bhuj old town and palaces | Mandvi beach and Vijay Vilas Palace | Craft villages (Bhujodi, Nirona, Hodka, etc.) | Kala Dungar hill and nearby desert landscapes",Handicraft village visits and shopping | Beach walks at Mandvi | Short hikes/drives to viewpoints | Local food exploration,"Mix of palaces, coastal beaches and famous artisan villages producing textiles, Rogan art and embroidery, complementing White Rann visits.[web:210]",Lesser-known craft villages where you can watch artisans at work | Quiet stretches of Mandvi beach beyond main crowd,Winter and Rann Utsav period (October–March).,Peak summer afternoons and humid monsoon days; some craft activity slows in extreme weather.[web:210],Rann Utsav months and long weekends,Hot off-peak months and monsoon,"{""winter"": ""12-28°C"", ""summer"": ""28-42°C"", ""monsoon"": ""24-32°C""}",Semi-arid with light to moderate monsoon rainfall.,Handicraft_shoppers | Culture_lovers | Road_trippers,"{""Handicraft_shoppers"": ""Direct-from-artisan buying in weaving, Rogan art and embroidery villages.[web:210]"", ""Road_trippers"": ""Easy loops Bhuj–Mandvi–villages–Kala Dungar with desert and coastal scenery.""}",Homestays and village stays may have simpler amenities; modest dress appreciated in rural areas.,3.0,4.0,6,Day 1: Bhuj town sights; Day 2: Mandvi beach and palace; Day 3–4: Craft villages and Kala Dungar; optionally combine with White Rann stay in Dhordo.[web:210],City hotels in Bhuj | Village homestays | Heritage and beach resorts near Mandvi,"Gujarati thalis, snacks and local coastal dishes; simple village meals in homestays.",8,Generally safe rural region; heat exposure main concern in summer.,Good in Bhuj and Mandvi; weaker in remote villages.,Jio | Airtel | Vi,ATMs in Bhuj and Mandvi; carry cash to villages.,Gujarati | Hindi | English (some),False,Strong craft traditions and Kutchi cultural identity with Hindu and Muslim artisan communities.,Overlap with Rann Utsav and local fairs; Navratri and other Gujarati festivals widely celebrated.[web:210],Ask before photographing artisans; buy directly where possible to support livelihoods.,"Kutchi embroidery and textiles | Rogan art paintings | Bandhani, shawls and stoles",Gujarati thali | Kutchi Dabeli | Local sweets like mawa-based desserts,2026-01-12,web:210,"Appreciated as a rich cultural extension to White Rann trips, especially for handicraft and heritage lovers.",Better road signage and more curated craft tours from Bhuj.[web:210],Respect artisans’ time and avoid heavy bargaining for handwork; carry your own bottle and minimise plastic in villages.,Kutch Interior Circuit (Bhuj–Mandvi–Villages),Not required
54,Kerala,Wayanad,South India,11.61,76.08,900,7,Moderate,"{""name"": ""Calicut International Airport (Kozhikode)"", ""distance_km"": 100}","{""name"": ""Kozhikode"", ""distance_km"": 85}",Kozhikode,85,"Ghat roads from Kozhikode, Mysuru and Kannur; well-used by buses and private vehicles.[web:240]","{""accommodation_range"": [800, 1800], ""food_range"": [250, 500], ""activities_range"": [300, 700], ""local_transport_range"": [300, 700], ""total_daily_range"": [1650, 3700]}","{""accommodation_range"": [1800, 4000], ""food_range"": [400, 900], ""activities_range"": [700, 1400], ""local_transport_range"": [400, 900], ""total_daily_range"": [3300, 7200]}","{""accommodation_range"": [4000, 15000], ""food_range"": [800, 2000], ""activities_range"": [1200, 2500], ""local_transport_range"": [600, 1200], ""total_daily_range"": [6600, 20700]}",Hill_station | Plantations | Wildlife | Waterfalls | Family,Tea/coffee and spice estates | Banasura Sagar Dam and viewpoints | Edakkal Caves (prehistoric rock art) | Soochipara and Meenmutty Falls (seasonal flow),"Estate stays and walks | Short treks and view points | Waterfall visits (seasonal, with caution) | Wildlife safaris in nearby Wayanad forests (regulations apply)","Blend of plantations, ancient caves and forested hills with many homestays and eco-resorts.",Small view points off main roads | Less-crowded estate homestays away from tourist clusters,Post-monsoon to winter (October–February) and early monsoon for greenery.[web:240],"Heaviest monsoon days due to landslide and waterfall-risk alerts, especially in Ghat sections.[web:243]",October–January weekends and holidays,Some monsoon weeks and hot shoulder periods,"{""winter"": ""12-26°C"", ""summer"": ""20-32°C"", ""monsoon"": ""18-26°C""}",High rainfall due to Western Ghats monsoon; multiple waterfalls come alive.[web:240],Families | Couples | Nature_lovers | Road_trippers_from_Kerala/Karnataka,"{""Nature_lovers"": ""Abundant greenery, falls and viewpoints with flexible difficulty."", ""Road_trippers_from_Kerala/Karnataka"": ""Scenic Ghat drives from multiple gateways.[web:243]""}",Check IMD and local alerts for landslides/floods in peak monsoon; some trails and caves may close during bad weather.[web:240][web:243],2.0,3.0,5,Day 1: Estate homestay and nearby viewpoint; Day 2: Edakkal Caves and falls; Day 3+: Banasura Sagar and forest/wildlife activities as permitted.,Homestays | Eco-resorts | Hotels in Kalpetta/Sulthan Bathery,"Kerala meals, Malabar cuisine and resort buffets; many places offer both veg and non-veg options.",8,Respect waterfall barriers and monsoon warnings; drive slowly on narrow Ghat roads.,Good 4G in main towns and many resorts; weaker in deeper valleys.,Jio | Airtel | Vi,ATMs in towns; limited in remote pockets.,Malayalam | English (tourism) | Kannada/Tamil (some) | Hindi (some),False,Mix of Kerala hill communities and tribal populations with agricultural base.,Local temple and church festivals; monsoon and Onam periods have special festivities.,Respect tribal village boundaries and ask before entering/photographing.,Spices and tea/coffee | Handicrafts and honey | Local chocolates,Kerala meals on banana leaf | Malabar biryani | Fish curries and appam–stew,2026-01-12,web:240 | web:243,Seen as a calmer alternative to some busier hill stations with good mix of nature and culture.,Growth in eco-lodges and monsoon campaign marketing; increased emphasis on safety advisories.[web:240][web:243],Hill slopes and forests are sensitive; follow stay guidelines on waste and avoid off-trail erosion.,Wayanad,Not required
55,Maharashtra,Pune / Raigad,West India,18.52,73.4,700,6,Moderate,"{""name"": ""Pune Airport"", ""distance_km"": 60}","{""name"": ""Pune Junction"", ""distance_km"": 50}",Pune,50,Scenic but winding Ghat road connecting Pune–Mulshi–Tamhini–Konkan; popular monsoon drive route.[web:243],"{""accommodation_range"": [800, 1800], ""food_range"": [250, 500], ""activities_range"": [200, 500], ""local_transport_range"": [300, 700], ""total_daily_range"": [1550, 3500]}","{""accommodation_range"": [1800, 4000], ""food_range"": [400, 900], ""activities_range"": [400, 800], ""local_transport_range"": [500, 900], ""total_daily_range"": [3100, 6600]}","{""accommodation_range"": [4000, 12000], ""food_range"": [800, 2000], ""activities_range"": [600, 1500], ""local_transport_range"": [700, 1200], ""total_daily_range"": [6100, 16700]}",Monsoon_drive | Waterfalls | Nature | Weekend_getaway,Green valleys and forests of Tamhini Ghat | Roadside seasonal waterfalls | Mulshi Lake views and damside spots,Monsoon road trip and photography | Short roadside walks | Picnics at safe designated points,"Lush Ghat drive with numerous small waterfalls and forested curves, considered a hidden gem compared to crowded Lonavala routes.[web:243]",Less-known viewpoints along interior side roads | Quiet lakeside spots around Mulshi (respect private property),Mid-monsoon (July–September) for greenery and waterfalls.[web:243],Days with red or orange heavy-rain alerts in Ghat sections due to landslide and flood risk.[web:243],Monsoon weekends and holidays,Dry summer weeks with less greenery,"{""winter"": ""12-28°C"", ""summer"": ""22-36°C"", ""monsoon"": ""20-26°C""}",Very high rainfall in monsoon; frequent low clouds and fog; flash-flood risk in heavy spells.[web:243],Road_trip_lovers | Monsoon_photographers | Friends_and_couples_from_Pune/Mumbai,"{""Road_trip_lovers"": ""Short, rewarding drive from Pune with forest, fog and waterfalls.[web:243]"", ""Monsoon_photographers"": ""Multiple roadside cascades and moody weather.""}","Check IMD and district disaster alerts; avoid parking near edges, streams or under unstable slopes; drive slowly and avoid night driving in heavy rain.[web:243]",1.0,1.0,2,"Day trip from Pune: start early, drive via Mulshi to Tamhini and back, stopping only at safe, designated viewpoints; optional overnight at lake-view resort.",Lake-view resorts at Mulshi | Homestays and farmstays | Basic lodges,Roadside dhabas and resorts serving Maharashtrian and multi-cuisine meals.,7,Weather-driven risks higher than crime; never enter flooded streams or waterfalls beyond designated safe zones.[web:243],Mobile data workable at many points; weaker in deeper ghat sections.,Jio | Airtel | Vi (varies along route),ATMs near Pune/Lonavala; few along inner route—carry cash.,Marathi | Hindi | English (some),False,Rural Maharashtrian villages and farming communities.,Ganesh Chaturthi and local temple fairs; monsoon itself is treated as a seasonal celebration.,Keep noise low in villages; avoid littering or drinking in public near residents.,Local jaggery and snacks from highway stalls,Maharashtrian veg and non-veg thalis | Bhakri with thecha and pitla,2026-01-12,web:243,Highly praised by monsoon-road-trip lovers; those prepared for rain find it unforgettable.,Increased awareness of safety advisories and IMD alerts being shared by travel communities.[web:243],Do not block narrow village roads with parked cars; carry back all trash and avoid soap/shampoo in natural streams.,Tamhini Ghat & Mulshi,Not required
56,Maharashtra,Satara,West India,17.92,73.66,1350,8,Moderate,"{""name"": ""Pune Airport"", ""distance_km"": 120}","{""name"": ""Wathar / Pune (main hub)"", ""distance_km"": 60}",Pune,120,Good hill roads from Pune and Mumbai; many buses and cabs; some curves and fog in monsoon.,"{""accommodation_range"": [800, 1800], ""food_range"": [250, 500], ""activities_range"": [300, 700], ""local_transport_range"": [300, 700], ""total_daily_range"": [1650, 3700]}","{""accommodation_range"": [1800, 4500], ""food_range"": [400, 900], ""activities_range"": [700, 1400], ""local_transport_range"": [400, 900], ""total_daily_range"": [3300, 7700]}","{""accommodation_range"": [4500, 15000], ""food_range"": [800, 2000], ""activities_range"": [1200, 2500], ""local_transport_range"": [600, 1200], ""total_daily_range"": [7100, 20700]}",Hill_station | Family | Monsoon | Short_break,"Viewpoints like Arthur’s Seat, Kate’s Point, Elephant’s Head | Venna Lake boating | Strawberry farms (seasonal) | Table Land in Panchgani",Viewpoint drives | Boat rides | Horse riding at Venna/Table Land | Monsoon waterfall spotting on roadside,"Classic Western Ghats hill station with cliff-edge viewpoints, strawberries and misty monsoon drives.",Less-visited viewpoints and forest walks off main tourist circuit | Small homestays tucked away from market area,"Strawberry and winter season (November–February); monsoon for foggy, green landscapes.[web:243]",Peak holiday weekends when traffic jams around narrow roads become intense; heavy-rain red-alert days for landslide risk.[web:243],December–May weekends and summers for families,Some monsoon weeks with heavy rain,"{""winter"": ""10-24°C"", ""summer"": ""18-30°C"", ""monsoon"": ""16-24°C""}",Very high monsoon rainfall; frequent fog reduces visibility.[web:243],Families | Couples | Weekend_getaway_seekers_from_Mumbai/Pune,"{""Families"": ""Plenty of viewpoints, lake activities and accessible resorts."", ""Weekend_getaway_seekers_from_Mumbai/Pune"": ""Well-known, easy-to-plan break with cool weather.""}",Parking near main market and viewpoints can be challenging; book stays with parking or away from congestion.,2.0,3.0,4,Day 1: Mahabaleshwar viewpoints and market; Day 2: Venna Lake and Panchgani/Table Land; Day 3: Strawberry farms (in season) and quieter walks.,Hotels | Resorts | Homestays | Heritage-style stays,"Vegetarian and non-vegetarian restaurants, chaat and dessert outlets; strawberry and cream is a signature.",8,Drive carefully on hairpin bends and in fog; supervise children near cliff edges.,Good in towns and many resorts.,Jio | Airtel | Vi,ATMs in Mahabaleshwar and Panchgani.,Marathi | Hindi | English (tourism),False,Maharashtrian hill communities with tourism-oriented economy.,Strawberry festival and local temple events; weekend rush often feels festive.,Standard hill-town etiquette; respect private farms and do not pluck without permission.,Strawberry products and jams | Chikki and fudge | Local handicrafts,Strawberries with cream | Maharashtrian thali | Corn-based monsoon snacks,2026-01-12,web:243,Long-time favourite for Mumbai–Pune region; some find it crowded in peak season but still scenic.,More mid-range resorts and homestays along approach roads; emphasis on monsoon road trip marketing.[web:243],Waste and traffic are key concerns; walk when possible and avoid littering viewpoints.,Mahabaleshwar & Panchgani,Not required
57,Karnataka,Chikkamagaluru,South India,13.32,75.77,1090,7,Moderate,"{""name"": ""Mangaluru / Bengaluru"", ""distance_km"": 150}","{""name"": ""Kaduru / Birur"", ""distance_km"": 40}",Bengaluru,240,Good highways from Bengaluru and Mangaluru; last stretches into hill estates via narrow roads.[web:240],"{""accommodation_range"": [800, 1800], ""food_range"": [250, 500], ""activities_range"": [300, 700], ""local_transport_range"": [300, 700], ""total_daily_range"": [1650, 3700]}","{""accommodation_range"": [1800, 4000], ""food_range"": [400, 900], ""activities_range"": [700, 1400], ""local_transport_range"": [400, 900], ""total_daily_range"": [3300, 7200]}","{""accommodation_range"": [4000, 15000], ""food_range"": [800, 2000], ""activities_range"": [1200, 2500], ""local_transport_range"": [600, 1200], ""total_daily_range"": [6600, 20700]}",Coffee_estates | Hill_station | Trekking | Monsoon,"Mullayanagiri and Baba Budangiri peaks | Coffee estates and homestays | Hebbe and Jhari Falls (seasonal, access regulated) | Hirekolale and other lakes",Trekking to viewpoints (weather permitting) | Estate walks and coffee experiences | Jeep rides to falls or peaks | Monsoon drives and photography,High hills of the Western Ghats mixing coffee country with some of Karnataka’s most popular trekking peaks.,"Smaller, less-commercial estates near foothills | Sunrise hikes to lesser-known viewpoints",Post-monsoon to winter for trekking; early monsoon for lush scenery.[web:240],Very heavy-rain days where landslides or trail closures occur; peak summer afternoons for strenuous treks.[web:240],October–January and long weekends,Some monsoon weeks; weekdays see fewer crowds,"{""winter"": ""12-24°C"", ""summer"": ""18-32°C"", ""monsoon"": ""16-24°C""}",Substantial monsoon rainfall adds mist and full waterfalls.[web:240],Trekkers | Coffee_and_nature_lovers | Friends_and_couples_from_Bengaluru,"{""Trekkers"": ""Access to Mullayanagiri, Karnataka’s highest peak, and multiple trails."", ""Coffee_and_nature_lovers"": ""Estate homestays blending coffee heritage with Western Ghats vistas.""}",Check local regulations and guide requirements for treks and falls; respect private estate rules.,2.0,3.0,5,Day 1: Estate stay and local walk; Day 2: Mullayanagiri/Baba Budangiri; Day 3: Falls or lakes plus relaxed coffee experiences.,Estate homestays | Resorts | Budget hotels in town,Homely Karnataka food in stays plus small restaurants in town; excellent filter coffee.,8,Monsoon trails can be slippery; use local guides and proper footwear.,"Good 4G in town, variable in remote estates.",Jio | Airtel | Vi,ATMs in Chikmagalur town; limited in outskirts.,Kannada | English (tourism) | Hindi (some),False,Coffee-growing communities with mix of plantations and villages.,Local temple festivals and hill fairs.,Ask before entering estate tracks; keep noise low in villages and forests.,Coffee and spices | Homemade chocolates | Local snacks,Karnataka vegetarian meals | Local chicken and mutton dishes in non-veg eateries | Fresh coffee at estate stays,2026-01-12,web:240,Favoured for its combination of treks and coffee homestays; less commercial than some big-name hill stations.,Growth in boutique homestays and curated trekking packages.[web:240],Hill ecology is sensitive; follow Leave No Trace practices on trails and avoid river pollution.,Chikmagalur,Not required
58,Maharashtra,Sindhudurg,West India,15.96,74.0,690,5,Moderate,"{""name"": ""Belagavi / Goa (MOPA/Dabolim)"", ""distance_km"": 80}","{""name"": ""Sawantwadi Road"", ""distance_km"": 30}",Belagavi,80,Ghat road connecting Belagavi region with Konkan via Amboli; popular monsoon route with buses and cars.[web:243],"{""accommodation_range"": [700, 1500], ""food_range"": [250, 500], ""activities_range"": [200, 500], ""local_transport_range"": [300, 600], ""total_daily_range"": [1450, 3100]}","{""accommodation_range"": [1500, 3500], ""food_range"": [400, 800], ""activities_range"": [400, 800], ""local_transport_range"": [400, 800], ""total_daily_range"": [2700, 5900]}","{""accommodation_range"": [3500, 9000], ""food_range"": [700, 1500], ""activities_range"": [600, 1500], ""local_transport_range"": [600, 1200], ""total_daily_range"": [5400, 16200]}",Monsoon | Waterfalls | Nature | Herping_macro_photography,Amboli waterfalls and stream viewpoints | Viewpoints over Konkan plains | Rich amphibian and reptile life in monsoon forests (for specialists),Monsoon walks near viewpoints and falls | Nature photography | Specialist herping tours (with certified guides),"Very wet hill station that becomes a ‘mist and waterfalls’ destination in monsoon, with interest from herp enthusiasts for endemic frogs and reptiles.[web:243]",Less-frequented small waterfalls along ghat sections | Night walks with experts for macro/herp photography (only with permission and guides),Monsoon months (June–September) for full waterfalls and mist; shoulder months for calmer weather.[web:243],Extremely heavy-rain alert days with landslide or road-closure risk; respect all IMD alerts.[web:243],July–August weekends,Dry winter and summer with fewer waterfalls,"{""winter"": ""14-26°C"", ""summer"": ""20-32°C"", ""monsoon"": ""18-24°C""}",One of Maharashtra’s wettest ghats with persistent rain and fog in peak season.[web:243],Monsoon_chasers | Macro_and_herp_photographers | Short_break_travellers_from_Belagavi/Goa,"{""Monsoon_chasers"": ""Waterfalls right by the road and dense, mossy forests."", ""Macro_and_herp_photographers"": ""Diverse small fauna in rainforest conditions (with guides).""}","High leech, slippery rocks and low visibility; only skilled drivers should attempt ghat in very heavy rain.",1.0,2.0,3,"Overnight or weekend trip: day drives along ghat, waterfall stops and night macro walks with experts.",Basic hotels | Small resorts | Homestays,Simple Maharashtrian and Konkan dishes in local eateries.,7,Slippery roads and cliffs; avoid risky selfies at falls and never enter strong currents.[web:243],Basic mobile data in town; weak in inner forest sections.,"Jio | Airtel, variable",Few ATMs nearby; withdraw in larger towns.,Marathi | Konkani | Hindi,False,Konkan–Maharashtra hill communities; agriculture and small tourism.,Local temple festivals; monsoon weekends effectively become an event for visitors.,Respect local advice on safe waterfall access; dress modestly in village areas.,Local snacks | Spices from Konkan,Kombdi vade and fish fry (for non-vegetarians) | Simple Maharashtrian veg thali,2026-01-12,web:243,Beloved by monsoon enthusiasts; some warn about crowding at main falls on weekends and slippery conditions.,Increased safety signage and social-media awareness about flood and landslide warnings.[web:243],Do not throw plastic in waterfalls or forests; respect nocturnal wildlife during herping trips.,Amboli Ghat,Not required
59,Karnataka,Shivamogga / Udupi region,South India,13.5,75.08,650,5,Moderate,"{""name"": ""Mangaluru Airport"", ""distance_km"": 100}","{""name"": ""Udupi / Shivamogga"", ""distance_km"": 55}",Mangaluru,100,Hairpin Ghat roads from Udupi/Mangaluru side and interior Karnataka; buses and cabs available.[web:240],"{""accommodation_range"": [800, 1800], ""food_range"": [250, 500], ""activities_range"": [300, 700], ""local_transport_range"": [300, 700], ""total_daily_range"": [1650, 3700]}","{""accommodation_range"": [1800, 3500], ""food_range"": [400, 900], ""activities_range"": [700, 1400], ""local_transport_range"": [400, 900], ""total_daily_range"": [3300, 6700]}","{""accommodation_range"": [3500, 9000], ""food_range"": [800, 2000], ""activities_range"": [1200, 2500], ""local_transport_range"": [600, 1200], ""total_daily_range"": [6100, 16700]}",Rainforest | Monsoon | Herping_macro | Offbeat,"Sunset viewpoints over Arabian Sea side | Nearby waterfalls such as Barkana, Onake Abbi (trek-based, regulated) | High-rainfall evergreen forests rich in wildlife",Forest treks with guides (permits as required) | Monsoon and post-monsoon herping and macro photography | Village homestay experiences,"One of India’s wettest regions with dense rainforests, king cobra research area and dramatic Ghats sunsets.[web:240]",Research-station guided walks where accessible | Less-commercial homestays deep in Ghats,Monsoon and immediately after (June–October) for rainforest atmosphere; winter for drier treks.[web:240],Severe weather spells with official landslide/flood alerts; some trails are closed in heavy monsoon.[web:240],Monsoon weekends for enthusiasts; winter for general trekking,Hotter pre-monsoon weeks,"{""winter"": ""14-26°C"", ""summer"": ""22-32°C"", ""monsoon"": ""18-26°C""}",Extremely high rainfall; frequent downpours and low clouds.[web:240],Nature_research_and_herp_fans | Serious_monson_chasers | Offbeat_travellers,"{""Nature_research_and_herp_fans"": ""King cobra and amphibian diversity studied here; specialised tours available."", ""Serious_monson_chasers"": ""Deep rainforest monsoon feel, not just roadside showers.""}",Permits and local-guide requirements for many treks; leeches are common; must follow forest department regulations strictly.,2.0,3.0,5,"Base at homestay; allocate days to one waterfall trek, one rainforest/herping-focused night walk (with experts) and one sunset viewpoint drive.[web:240]",Homestays | Eco-lodges | Basic guesthouses,Simple home-style Karnataka and coastal-influenced meals at homestays.,7,"Steep, slippery trails; venomous snakes present—always be with guides and wear suitable footwear.",Limited; consider stay as semi-digital-detox.,Patchy Jio/Airtel; BSNL in some spots,ATMs in larger nearby towns; none in deep interior.,Kannada | Tulu (coastal) | English (some) | Hindi (some),True,Rural Western Ghats communities with agriculture and forest-linked livelihoods.,Local temple festivals; scientific events related to rainforest research occasionally.,Follow homestay rules; be quiet at night to respect wildlife and village life.,Limited; pick up spices or local produce via homestays,Local rice and sambar meals | Coastal-style fish (in non-veg homes),2026-01-12,web:240,Loved by niche travellers who enjoy rainforests and solitude; casual tourists may find heavy rain and basic amenities challenging.,Careful promotion as eco-tourism and research hub to avoid over-commercialisation.[web:240],"Rainforest is extremely sensitive; stay only with responsible operators, avoid plastic and strictly stay on permitted trails.",Agumbe & Western Ghats Rainforest Belt,Forest department permissions for treks and some viewpoints; local homestays often arrange.[web:240]
60,Karnataka,Chikkamagaluru,South India,13.13,75.25,1600,6,Moderate,"{""name"": ""Mangaluru Airport"", ""distance_km"": 100}","{""name"": ""Mangalore Junction"", ""distance_km"": 95}",Mangaluru,100,"Ghat roads from Mangaluru, Chikmagalur and Sringeri with forest check-posts and regulated access to national park area.[web:240]","{""accommodation_range"": [800, 1800], ""food_range"": [250, 500], ""activities_range"": [300, 700], ""local_transport_range"": [300, 700], ""total_daily_range"": [1650, 3700]}","{""accommodation_range"": [1800, 4000], ""food_range"": [400, 900], ""activities_range"": [700, 1400], ""local_transport_range"": [400, 900], ""total_daily_range"": [3300, 7200]}","{""accommodation_range"": [4000, 9000], ""food_range"": [800, 2000], ""activities_range"": [1200, 2500], ""local_transport_range"": [600, 1200], ""total_daily_range"": [6600, 14700]}",Trekking | Rainforest | Offbeat | Nature,Kudremukh peak trek (regulated) | Rolling grassland and shola forest landscapes | Nearby waterfalls and streams,Full-day guided treks to Kudremukh peak (with permits) | Shorter hikes and stream visits | Birding and nature walks,"Iconic horse-face shaped mountain amid grassland–forest mosaic, considered one of Karnataka’s most beautiful treks.",Smaller peaks and trails in buffer area | Homestays in villages like Mullodi that serve as trek bases,Post-monsoon (October–February) for clear views; monsoon for dramatic clouds but restricted trekking windows.[web:240],Days with heavy rain/landslide alerts; core trek often closed or controlled during worst monsoon spells.[web:240],October–January weekends,Peak monsoon and hottest pre-monsoon days,"{""winter"": ""12-22°C"", ""summer"": ""18-30°C"", ""monsoon"": ""16-24°C""}",Very high rainfall during monsoon; lush greenery and strong streams afterwards.[web:240],Fit_trekkers | Nature_photographers | Small_friend_groups,"{""Fit_trekkers"": ""Kudremukh trail is moderately challenging but hugely rewarding in views."", ""Nature_photographers"": ""Rolling hills, mist and streams create classic Western Ghats frames.""}",Daily trek quotas and permits managed by forest department; must start early with guide; leeches in monsoon; pack light but with rain and sun protection.,2.0,2.0,4,Day 1: Reach homestay base and short acclimatisation walk; Day 2: Kudremukh peak trek; extra day(s) for nearby smaller treks and waterfalls.[web:240],Homestays in villages | Basic eco-stays | Lodges in nearby small towns,"Simple, hearty home-cooked Karnataka meals at homestays.",8,Trek only with authorised guides; weather can change quickly; streams may swell in rain.,Limited; some homestays have basic network coverage.,Patchy Jio/Airtel; BSNL in some points,ATMs in larger towns before entering interior belt.,Kannada | Tulu (some) | English (some) | Hindi (some),True,Farming and plantation villages in Western Ghats foothills.,Local temple festivals; nature is main draw.,Respect homestay rules and quiet hours; no alcohol or loud music in forest zones.,Limited; perhaps coffee/spices from nearby towns,Simple rice–sambar meals | Local vegetable preparations,2026-01-12,web:240,Kudremukh trek is consistently rated among the best day treks in South India; restrictions are seen as positive for conservation.,"Stricter trek caps and more emphasis on guide-led, eco-friendly trekking.[web:240]","Pack out all waste, stay on official trails and follow forest-department instructions strictly.",Kudremukh & Surrounding Ghats,Trek permits and visitor limits per day; issued via forest department/registered homestays.[web:240]
63,Andaman and Nicobar Islands,South Andaman,Island Territory,11.67,92.75,0,8,Easy,"{""name"": ""Veer Savarkar International Airport, Port Blair"", ""distance_km"": 3}","{""name"": ""None"", ""distance_km"": null}",Chennai / Kolkata (mainland gateways by air),1300,"Town roads with taxis, autos and rented two-wheelers; primary gateway by flights and ships from mainland.[web:244][web:245][web:247]","{""accommodation_range"": [1200, 3000], ""food_range"": [400, 900], ""activities_range"": [600, 1500], ""local_transport_range"": [400, 900], ""total_daily_range"": [2600, 6300]}","{""accommodation_range"": [3000, 7000], ""food_range"": [800, 1500], ""activities_range"": [1000, 2500], ""local_transport_range"": [600, 1500], ""total_daily_range"": [5400, 12500]}","{""accommodation_range"": [7000, 18000], ""food_range"": [1200, 2500], ""activities_range"": [2000, 4000], ""local_transport_range"": [1000, 2000], ""total_daily_range"": [11200, 26500]}",Gateway_city | History | Island | Family,Cellular Jail and sound-and-light show | Corbyn’s Cove Beach | Ross Island (Netaji Subhash Chandra Bose Island) boat trip | Museums and local markets,Historical tours | Short island-hopping by boat | Local food and market walks | Intro glass-bottom or snorkelling excursions,Historic port town that frames Andaman’s freedom-struggle narrative while acting as the logistics hub for island-hopping.[web:244][web:245][web:247],Small cafes and eateries overlooking harbour | Less-known viewpoints on nearby hills,October–April aligning with Andaman high season.[web:244][web:245],Rough-sea monsoon spells that affect boat operations and outdoor sightseeing.[web:244],December–March and school holidays.[web:245],Monsoon and lower-traffic shoulder months,"{""winter"": ""24-30°C"", ""summer"": ""26-33°C"", ""monsoon"": ""24-30°C""}",Heavy tropical rains; sightseeing sometimes rearranged around showers.[web:244],History_buffs | Families | First_time_Andaman_visitors,"{""History_buffs"": ""Cellular Jail and related museums tell the story of political prisoners.[web:244]"", ""First_time_Andaman_visitors"": ""Good place to acclimatise, arrange ferries and sample local food.[web:245]""}",Sound-and-light show tickets and Ross Island boats may need advance booking in peak season.[web:244],1.0,2.0,3,"Half–one day for Cellular Jail, Corbyn’s and markets; one day for Ross Island and nearby spots before heading to Havelock/Neil.[web:245]",City hotels (budget to premium) | Guesthouses | Government-run options,"Mix of South Indian, North Indian and seafood restaurants plus bakeries and cafes.[web:244]",9,Safe small city; usual precautions suffice; follow boat safety rules.,Best internet in Andamans but still slower than mainland; 4G improving.[web:244],"BSNL, Jio, Airtel with expanding coverage.[web:244]",Multiple ATMs and banks across town.[web:244],Hindi | Bengali | Tamil | Telugu | English widely used.[web:244],True,Multi-ethnic island capital with diverse communities and seafaring orientation.[web:244],National days are marked strongly at Cellular Jail; local versions of mainland festivals.,Photography may be restricted in some government/defence areas; follow posted signs.[web:244],Shell crafts (avoid illegal coral/shell collection) | Spices and packaged coconut products | Small handicrafts and T‑shirts,Seafood thalis | South Indian breakfasts | Local-style fish curries,2026-01-12,web:244 | web:245 | web:247,"Viewed as a practical and interesting starting/ending point rather than a pure beach destination, with high praise for Cellular Jail experience.[web:245][web:247]","Infrastructure upgrades, improved waterfront areas and more organised island tours.[web:244]","Support regulated operators, avoid littering sea-fronts and skip buying items made from coral or protected shells.[web:244]",Port Blair & Nearby Islands,Standard entry process at airport; Restricted Area Permit regime is integrated into arrival for most Indian tourists.[web:244]
64,West Bengal,Darjeeling,East India,27.04,88.26,2045,9,Moderate,"{""name"": ""Bagdogra Airport (Siliguri)"", ""distance_km"": 70}","{""name"": ""New Jalpaiguri (NJP)"", ""distance_km"": 75}",Siliguri,65,Hill roads and shared jeeps from Siliguri/NJP/Bagdogra; iconic Darjeeling Himalayan Railway operates on a narrow-gauge route.[web:248][web:251],"{""accommodation_range"": [900, 2000], ""food_range"": [250, 500], ""activities_range"": [300, 800], ""local_transport_range"": [300, 600], ""total_daily_range"": [1750, 3900]}","{""accommodation_range"": [2000, 4500], ""food_range"": [400, 900], ""activities_range"": [700, 1500], ""local_transport_range"": [400, 900], ""total_daily_range"": [3500, 7800]}","{""accommodation_range"": [4500, 15000], ""food_range"": [800, 2000], ""activities_range"": [1200, 2500], ""local_transport_range"": [600, 1200], ""total_daily_range"": [7100, 20700]}",Hill_station | Tea_gardens | Heritage | Family | Honeymoon,Tiger Hill sunrise views of Kanchenjunga (weather permitting) | Tea gardens and factory visits | Batasia Loop and Toy Train rides | Mall Road and Observatory Hill area,Toy train joyrides | Tea estate tours | Short walks and viewpoints | Monastery visits,Colonial-era hill station with UNESCO-listed Himalayan Railway and world-famous tea estates facing the Eastern Himalayas.[web:248][web:251][web:249][web:252],"Smaller tea gardens that allow slower, less commercial visits | Quiet walks towards nearby villages away from main market",March–June and October–November for views and pleasant weather.[web:248][web:251],Peak monsoon for landslide risks and clouded views; some winter weeks can be very cold and foggy.,Summer holidays (April–June) and Durga Puja/Diwali periods.[web:248][web:251],Deep monsoon and some mid-winter weeks,"{""winter"": ""2-12°C"", ""summer"": ""10-22°C"", ""monsoon"": ""10-18°C""}",Heavy monsoon rains affect road conditions and visibility.[web:248],Families | Couples | Tea_and_heritage_lovers,"{""Tea_and_heritage_lovers"": ""Historic estates and the Darjeeling Himalayan Railway heritage ride.[web:248][web:249][web:252]"", ""Families"": ""Easy sightseeing, toy train and viewpoints suit varied ages.[web:251]""}",Road closures due to landslides sometimes affect access; always check local advisories in monsoon.,2.0,3.0,5,Day 1: Town walk and Mall area; Day 2: Tiger Hill sunrise and Batasia Loop/toy train; Day 3+: Tea estate tours and monastery/nearby village visits.[web:248][web:251],Budget hotels and guesthouses | Heritage hotels | Tea estate bungalows (nearby),"North Indian, Tibetan, Nepali and continental cafes and bakeries.",8,Generally safe; main issues are steep roads and occasional political/strike-related disruptions.,Good 4G in town; weaker in remote tea estates.,Jio | Airtel | Vi,ATMs in town centre and nearby areas.,Nepali | Bengali | Hindi | English (tourism).[web:248][web:251],False,Gorkha-majority hill culture with Tibetan and Bengali influences.,Local hill festivals and pan-Indian celebrations; tea plucking seasons add interest.,Respect monastery rules and avoid loud behaviour in residential hill lanes.,Darjeeling tea | Hand-knit woollens | Local handicrafts and souvenirs,Momos and thukpa | Darjeeling tea at source | Local Nepali dishes,2026-01-12,web:248 | web:249 | web:251 | web:252,Remains a classic mountain destination with nostalgic charm; some mention congestion in peak months but views and tea culture compensate.[web:248][web:251],More structured tea and heritage packages that combine Darjeeling with Sikkim and nearby areas.[web:248][web:251],Support heritage railway and tea estates with ethical labour practices; avoid plastic on hill trails.,Darjeeling,Not required
65,Sikkim,East Sikkim,North East India,27.33,88.61,1650,8,Moderate,"{""name"": ""Pakyong (limited operations) / Bagdogra"", ""distance_km"": 125}","{""name"": ""New Jalpaiguri (NJP)"", ""distance_km"": 120}",Siliguri,115,Mountain roads from Siliguri/NJP via Teesta valley; shared cabs and private taxis common.[web:248][web:251],"{""accommodation_range"": [900, 2200], ""food_range"": [250, 500], ""activities_range"": [300, 800], ""local_transport_range"": [300, 700], ""total_daily_range"": [1750, 4200]}","{""accommodation_range"": [2200, 5000], ""food_range"": [400, 900], ""activities_range"": [700, 1600], ""local_transport_range"": [400, 900], ""total_daily_range"": [3700, 8400]}","{""accommodation_range"": [5000, 18000], ""food_range"": [800, 2000], ""activities_range"": [1200, 2500], ""local_transport_range"": [600, 1400], ""total_daily_range"": [7600, 23900]}",Hill_station | Culture | Monasteries | Family,MG Marg promenade | Tsomgo (Changu) Lake and Baba Mandir (permits required) | Tashi View Point and nearby monasteries | Cable car and city viewpoints,City walks and cafe-hopping | Day trips to Tsomgo Lake and Nathu La (if open) | Monastery and viewpoint visits,"Clean, organised hill capital acting as a base for wider Sikkim exploration with strong Buddhist influence and valley views.[web:248][web:251][web:249][web:252]",Less-touristed monasteries and viewpoints around outskirts | Local bakeries and small eateries off MG Marg,March–June and October–December for clear views and comfortable temperatures.[web:248][web:251],Peak monsoon for landslide risk; some high passes close in winter due to snow.,Summer vacations and Durga Puja/Diwali corridors.[web:248][web:251],Deep monsoon and some winter weeks,"{""winter"": ""4-14°C"", ""summer"": ""12-24°C"", ""monsoon"": ""12-20°C""}",High rainfall in monsoon; frequent cloud and mist on valley roads.[web:248],Families | First_time_Sikkim_travellers | Monastery_and_culture_lovers,"{""First_time_Sikkim_travellers"": ""Easy logistics and many day-trip options.[web:248][web:251]"", ""Monastery_and_culture_lovers"": ""Multiple monasteries and proximity to Khangchendzonga views.[web:249][web:252]""}","Permits mandatory for Tsomgo, Nathu La and certain border areas; travel agents usually arrange.[web:248][web:251]",2.0,3.0,5,Day 1: MG Marg and local sights; Day 2: Tsomgo Lake/Baba Mandir loop; Day 3+: monasteries and viewpoints or onward travel to North/West Sikkim.[web:248][web:251],Hotels and boutique stays in town | Homestays in nearby villages,"Combination of Tibetan, Nepali and Indian dishes plus modern cafes.",9,City itself is safe; main concerns are road conditions and high-altitude effects on certain day trips.,Good 4G coverage in city; weaker in outlying areas.,Jio | Airtel | Vi,Multiple ATMs and banks in town.,Nepali | Bhutia | Hindi | English widely used.[web:248][web:251],True,"Blend of Lepcha, Bhutia and Nepali influences with strong Buddhist presence.","Losar, Saga Dawa and other Buddhist festivals, plus pan-Indian celebrations.",Dress modestly for monastery visits and maintain silence inside prayer halls.,Handicrafts from Sikkim and North East | Tea and organic products | Buddhist artefacts and souvenirs,Thukpa and momos | Gundruk-based dishes | Local teas and bakery items,2026-01-12,web:248 | web:249 | web:251 | web:252,"Appreciated as a clean, tourist-friendly capital that feels less chaotic than many hill towns and works well as a base.[web:248][web:251]",Improved road and air connectivity plus increased promotion of Khangchendzonga National Park as India’s only mixed UNESCO site.[web:249][web:252],Follow local rules on plastic use and respect fragile Himalayan slopes when taking short hikes.,Gangtok & East Sikkim,Inner Line/Protected Area permits for specific excursions and for foreign nationals in many parts of Sikkim.[web:248][web:249][web:252]
66,Sikkim,North Sikkim,North East India,27.7,88.71,2700,7,Difficult,"{""name"": ""Bagdogra / Pakyong (via Gangtok)"", ""distance_km"": 200}","{""name"": ""New Jalpaiguri (via Gangtok)"", ""distance_km"": 210}",Gangtok,120,Narrow mountain roads from Gangtok with landslide-prone sections; only authorised vehicles with permits allowed for tourists.[web:248][web:251],"{""accommodation_range"": [1200, 2500], ""food_range"": [300, 600], ""activities_range"": [400, 1000], ""local_transport_range"": [600, 1200], ""total_daily_range"": [2500, 5300]}","{""accommodation_range"": [2500, 4500], ""food_range"": [500, 900], ""activities_range"": [800, 1600], ""local_transport_range"": [800, 1500], ""total_daily_range"": [4600, 8500]}","{""accommodation_range"": [4500, 10000], ""food_range"": [800, 1800], ""activities_range"": [1200, 2500], ""local_transport_range"": [1200, 2200], ""total_daily_range"": [7700, 16500]}",High_mountain | Valley_scenery | Snow_views | Offbeat,"Yumthang Valley (‘Valley of Flowers’ in season) | Gurudongmar Lake (high altitude, permits needed) | Lachung and Lachen villages | Hot springs and snow viewpoints (seasonal)",Scenic drives and short walks | Valley and snowfield photography | Local homestay experiences,"High-altitude valleys with dramatic landscapes, rhododendron blooms in season and glimpses of Himalayan peaks, accessed via staged overnight trips.[web:248][web:251][web:249][web:252]",Quiet homestay lanes away from main hotel clusters | Less-touristed rhododendron patches depending on bloom,Spring (April–June) for blooms; autumn and early winter for clearer views.[web:248][web:251],"Peak monsoon (landslides, closures) and severe winter spells when access to Gurudongmar/Yumthang can be cut off.",April–June (flower season) and October holiday weeks.[web:248][web:251],Monsoon and harshest winter weeks,"{""winter"": ""-5-8°C"", ""summer"": ""4-16°C"", ""monsoon"": ""6-14°C""}",Heavy; roads frequently affected in rainy periods.[web:248],Scenery_seekers | Snow_and_high_altitude_lovers | Photographers,"{""Scenery_seekers"": ""Valleys, rivers and mountain backdrops on multi-day drives.[web:248][web:251]"", ""Snow_and_high_altitude_lovers"": ""Seasonal snowfields and high lakes like Gurudongmar (subject to health and permits).[web:251]""}",Permits compulsory; acclimatisation and health screening important for high-altitude segments; not ideal for travelers with serious heart/respiratory issues.[web:248][web:251],2.0,3.0,4,Typical 2N/3D package: Gangtok–Lachung (night)–Yumthang and back; for Lachen/Gurudongmar add extra night and day.[web:248][web:251],Basic hotels | Homestays | Guesthouses,Simple set meals at lodges/homestays; mostly Indian and local hill dishes.,7,"Altitude, cold and road conditions are the main risks; heed local and army advisories.",Very limited; assume low/no mobile data in many stretches.,Patchy BSNL; others often absent.,ATMs mainly in Gangtok; carry cash for North Sikkim.[web:248],Nepali | Bhutia | Hindi | Basic English in tourism.[web:251],True,Highland Buddhist and rural Sikkimese communities.,Local monastery festivals; tourism is more seasonal than event-centric.,Respect army presence and photography restrictions near border/strategic areas.,Limited; small local products like woollens or snacks,Thukpa and momos | Simple rice and curry sets at homestays,2026-01-12,web:248 | web:249 | web:251 | web:252,"Described as stunning but demanding; many consider it a must-see if comfortable with long, rough drives and basic stays.[web:248][web:251]",More regulated tour operations and emphasis on safety/permit compliance.[web:248],"High-altitude ecosystems are fragile; never litter, avoid trampling vegetation and follow instructions strictly.",North Sikkim (Lachung–Lachen Belt),Special permits via registered tour operators; foreign nationals have more restrictions near border belts.[web:248][web:249][web:252]
67,Meghalaya,East Khasi Hills and surroundings,North East India,25.58,91.88,1500,8,Moderate,"{""name"": ""Shillong (Umroi, limited) / Guwahati"", ""distance_km"": 120}","{""name"": ""Guwahati"", ""distance_km"": 100}",Guwahati,100,Good highways from Guwahati to Shillong and on to Sohra (Cherrapunji) and Dawki; shared cabs and taxis widely used.[web:248][web:251],"{""accommodation_range"": [900, 2200], ""food_range"": [250, 500], ""activities_range"": [300, 800], ""local_transport_range"": [300, 800], ""total_daily_range"": [1750, 4300]}","{""accommodation_range"": [2200, 5000], ""food_range"": [400, 900], ""activities_range"": [700, 1500], ""local_transport_range"": [500, 1200], ""total_daily_range"": [3800, 8600]}","{""accommodation_range"": [5000, 15000], ""food_range"": [800, 2000], ""activities_range"": [1200, 2500], ""local_transport_range"": [800, 1500], ""total_daily_range"": [7800, 21000]}",Waterfalls | Caves | Living_root_bridges | Family | Adventure,"Shillong city viewpoints and cafes | Sohra waterfalls (Nohkalikai, Seven Sisters, etc.) | Living root bridges near Nongriat and other villages | Mawlynnong ‘cleanest village’ and Dawki river",Waterfall viewing and short hikes | Root-bridge treks (moderate difficulty) | Boating on Umngot River at Dawki (seasonal clarity) | Cave exploration with local guides,"Cloud-laced cliffs, intense waterfalls and indigenous Khasi engineering in the living root bridges, plus glassy rivers in season.[web:248][web:251]",Quieter villages and root bridges beyond most visited spots | Lesser-known viewpoints and short trails near Sohra,"October–April; post-monsoon brings full waterfalls with safer access, winter offers clearer skies.[web:248][web:251]",Heaviest monsoon months for landslides and dangerous waterfall conditions; some caves/rivers swell dangerously.,Winter holidays and March–April shoulder season.[web:248][web:251],Monsoon for mainstream tourists (though some enthusiasts visit for raw rain experience),"{""winter"": ""6-18°C"", ""summer"": ""15-24°C"", ""monsoon"": ""14-22°C""}",Among world’s wettest zones around Sohra/Mawsynram; rainfall shapes entire tourism pattern.[web:248],Waterfall_and_nature_lovers | Active_travellers | Families_with_older_kids,"{""Waterfall_and_nature_lovers"": ""Multiple falls, green cliffs and root bridges in compact region.[web:248][web:251]"", ""Active_travellers"": ""Root-bridge and cave walks require reasonable fitness.""}",Steep steps on root-bridge trails; always follow local safety instructions at waterfalls and caves.[web:248][web:251],3.0,4.0,6,Day 1: Guwahati–Shillong; Day 2–3: Sohra waterfalls and root bridges; Day 4+: Dawki/Mawlynnong and extra village stays.[web:248][web:251],Shillong hotels and guesthouses | Homestays and small resorts around Sohra and Mawlynnong,"Mix of Khasi cuisine, North Indian and cafe food; pork and local specialties for non-vegetarians.",8,Slippery rocks and high cliffs require caution; region is otherwise welcoming and safe.,Good in Shillong; patchy in interior villages but improving.,Jio | Airtel | Vi,ATMs in Shillong and main towns; limited in smaller villages.,Khasi | English widely | Hindi understood in tourism.[web:248][web:251],False,Khasi matrilineal communities with strong village councils and church presence.,Local religious and harvest festivals; Christmas season is festive across Meghalaya.,Obey village rules for trekking routes and photograph people only with consent.,Hand-woven shawls and local crafts | Spices and pickles | Bamboo and cane products,Jadoh (rice and meat dish) | Smoked meats and local chutneys | Shillong street and cafe food,2026-01-12,web:248 | web:251,Frequently highlighted for dramatic scenery and unique root bridges; some mention crowding at top spots but many quiet corners remain.[web:248][web:251],More homestays and regulated trekking routes to manage increasing tourist numbers.[web:248],"Stick to designated paths, carry back trash and respect local capacity limits on popular trails.",Meghalaya (Shillong–Cherrapunji–Mawlynnong circuit),Not required
68,Assam,Golaghat / Nagaon / Sonitpur,North East India,26.58,93.17,80,8,Moderate,"{""name"": ""Guwahati Airport / Jorhat Airport"", ""distance_km"": 200}","{""name"": ""Furkating / Guwahati"", ""distance_km"": 75}",Guwahati,200,NH27 and other highways link Guwahati and upper Assam to Kaziranga; good road conditions outside flood events.[web:248][web:251][web:249][web:252],"{""accommodation_range"": [1500, 3000], ""food_range"": [400, 800], ""activities_range"": [1500, 2500], ""local_transport_range"": [600, 1200], ""total_daily_range"": [4000, 7500]}","{""accommodation_range"": [3000, 6000], ""food_range"": [800, 1500], ""activities_range"": [2500, 3500], ""local_transport_range"": [800, 1500], ""total_daily_range"": [7100, 13500]}","{""accommodation_range"": [6000, 15000], ""food_range"": [1200, 2500], ""activities_range"": [3500, 6000], ""local_transport_range"": [1200, 2000], ""total_daily_range"": [11900, 25500]}",Wildlife | Tea_estates | Family | Photography,"Kaziranga National Park jeep safaris | One-horned rhinoceros sightings | Elephant-back safaris (limited, regulated) | Tea estate drives and visits in surrounding belt",Morning and afternoon safaris in different ranges | Birding | Village and tea-garden visits,"UNESCO-listed floodplain ecosystem famous for its rhino population alongside elephants, deer and rich birdlife, often combined with Assam tea-garden stays.[web:248][web:249][web:252]","Less-visited safari ranges with fewer vehicles | Small, charming tea bungalows near park buffers","November–April, with pleasant winter temperatures and good sightings.[web:248][web:251]",Monsoon (park closed typically from May/June to October due to Brahmaputra floods).[web:248][web:249][web:252],December–February and long weekends.[web:248][web:251],Early/late shoulder around opening/closing months,"{""winter"": ""8-24°C"", ""summer"": ""24-35°C"", ""monsoon"": ""24-30°C""}","Heavy monsoon rains cause seasonal flooding, crucial to ecology but limiting access.[web:249][web:252]",Wildlife_enthusiasts | Families | Tea_and_nature_lovers,"{""Wildlife_enthusiasts"": ""High chances of rhino sightings and diverse fauna.[web:249][web:252]"", ""Tea_and_nature_lovers"": ""Combination of park safaris and green tea estates is distinctive.[web:248][web:251]""}",Park rules and safari permits need to be followed; some ranges may close temporarily depending on water levels.,2.0,3.0,4,2–4 safaris over 2–3 days in different ranges plus one relaxed day in a tea estate or village visit.[web:248][web:251],Jungle lodges and resorts | Tea estate bungalows | Budget hotels on highway,Lodge buffets with Assamese and Indian dishes; simple fare in nearby towns.,9,Very safe if park and guide instructions are respected; do not attempt to walk into core areas.,Lodge Wi‑Fi and basic mobile data near highway; weaker deeper inside greenery.,Jio | Airtel | Vi,ATMs in nearby towns and along main highway.,Assamese | Bengali | Hindi | English in tourism.[web:248][web:251],True,Assamese villages with strong tea-industry presence and Brahmaputra floodplain lifestyle.,Bihu festivals in Assam; some lodges offer cultural evenings.,Respect local village customs and dress modestly in rural areas.,Assam tea directly from estates | Local crafts and woven items,Assamese thali with fish or meat | Pitha and local sweets | Freshly brewed Assam tea,2026-01-12,web:248 | web:249 | web:251 | web:252,Often recommended as India’s top rhino-watching destination with good infrastructure and memorable safaris.[web:248][web:251],Continued conservation successes and eco-tourism focus within UNESCO framework.[web:249][web:252],"Choose responsible lodges, minimise noise on safaris and never pressure guides to go off-route.",Kaziranga National Park & Assam Tea Belt,Safari permits and range allocations managed by forest department; bookings via lodges and agents.[web:249][web:252]
69,Madhya Pradesh,Chhatarpur / Panna,Central India,24.85,79.93,230,7,Moderate,"{""name"": ""Khajuraho Airport"", ""distance_km"": 5}","{""name"": ""Khajuraho / Satna"", ""distance_km"": 5}",Satna / Jhansi,120,"Highways connect Khajuraho with Jhansi, Satna and Panna; local roads lead to Panna National Park gates.","{""accommodation_range"": [900, 2200], ""food_range"": [250, 500], ""activities_range"": [400, 900], ""local_transport_range"": [300, 800], ""total_daily_range"": [1850, 4400]}","{""accommodation_range"": [2200, 5000], ""food_range"": [400, 900], ""activities_range"": [800, 1600], ""local_transport_range"": [500, 1200], ""total_daily_range"": [3900, 8700]}","{""accommodation_range"": [5000, 15000], ""food_range"": [800, 2000], ""activities_range"": [1500, 3000], ""local_transport_range"": [800, 1500], ""total_daily_range"": [8100, 21500]}",Heritage | Wildlife | Photography | Short_break,Khajuraho Group of Monuments (UNESCO temples) | Sound-and-light show at temple complex | Panna National Park tiger reserve safaris | Ken River gorge and waterfalls (seasonal),Temple sightseeing and guided tours | Jeep safaris in Panna | Ken River boat rides (where allowed) | Village and craft visits,"Rare combination of world-famous temple art and a nearby tiger reserve in a single, compact circuit.",Less-visited temple groups beyond main Western Group | Quiet viewpoints along Ken River,October–March for comfortable sightseeing and safaris; shoulder months for warmer but quieter travel.,Peak summer afternoons for temple visits; monsoon when park access and river levels fluctuate.,Winter months and around festival/holiday periods.,Hot summer and some monsoon weeks,"{""winter"": ""8-24°C"", ""summer"": ""26-42°C"", ""monsoon"": ""24-32°C""}",Central Indian monsoon with heavy but seasonal rains.,History_and_architecture_lovers | Wildlife_and_birders | Photographers,"{""History_and_architecture_lovers"": ""Intricate temple sculptures and UNESCO recognition.[web:249][web:252]"", ""Wildlife_and_birders"": ""Panna offers tiger, vulture and riverine wildlife viewing.""}",Respect temple decorum; Panna safari permits should be booked in advance during peak season.,2.0,3.0,4,Day 1: Khajuraho Western Group and sound-and-light show; Day 2: Panna safari and Ken River; Day 3: Other temples and relaxed village visit.,Hotels near temple complex | Jungle lodges near Panna | Budget guesthouses,Indian restaurants and hotel dining; simple options near park gate.,9,Tourism-oriented town and park; standard precautions adequate.,Good in Khajuraho; patchy nearer park interior.,Jio | Airtel | Vi,ATMs in Khajuraho town and nearby urban centres.,Hindi | Bundeli dialects | English in tourism.[web:249][web:252],True,Bundelkhand region with mix of rural communities and temple-town economy.,Khajuraho Dance Festival and religious festivals enliven temple precincts.,Dress modestly in temple areas; remove footwear where required.,Stone and brass souvenirs | Local handicrafts and textiles,Simple MP-style thalis | Local sweets from small shops,2026-01-12,web:249 | web:252,Praised for combining culture and nature; many find 2–3 days sufficient but rewarding.,Steady growth in safari tourism at Panna alongside conservation success stories.[web:249][web:252],"Follow park rules, avoid graffiti at temples and support local guides and artisans.",Khajuraho & Panna National Park,Safari permits for Panna ranges; temple visits need only entry tickets.
70,Madhya Pradesh,Niwari,Central India,25.35,78.64,214,6,Moderate,"{""name"": ""Gwalior Airport / Khajuraho (farther)"", ""distance_km"": 120}","{""name"": ""Jhansi Junction"", ""distance_km"": 18}",Jhansi,18,"Short drive from Jhansi via good roads; well linked to Gwalior, Khajuraho and other Bundelkhand routes.","{""accommodation_range"": [800, 2000], ""food_range"": [250, 500], ""activities_range"": [200, 700], ""local_transport_range"": [200, 600], ""total_daily_range"": [1450, 3800]}","{""accommodation_range"": [2000, 4500], ""food_range"": [400, 900], ""activities_range"": [500, 1200], ""local_transport_range"": [400, 800], ""total_daily_range"": [3300, 7400]}","{""accommodation_range"": [4500, 12000], ""food_range"": [800, 2000], ""activities_range"": [800, 1800], ""local_transport_range"": [500, 1200], ""total_daily_range"": [6600, 17000]}",Heritage | Riverside | Photography | Short_break,"Orchha Fort complex and palaces | Chhatris (cenotaphs) along Betwa River | Ram Raja Temple and local markets | Betwa riverside scenery and rafting (seasonal, regulated)",Fort and temple sightseeing | Sunset photography near chhatris | Short walks and easy cycling | Seasonal light adventure on river,Compact heritage town with palaces and riverside cenotaphs that feel quieter and less commercial than many big-name sites.,Viewpoints across Betwa with skyline of chhatris | Less-visited small temples and village lanes,October–March for pleasant days and comfortable walks.,Peak summer heat in afternoons; monsoon high river levels for certain water activities.,"Winter, especially around long weekends and festivals.",Summer and mid-monsoon periods,"{""winter"": ""8-24°C"", ""summer"": ""28-44°C"", ""monsoon"": ""24-32°C""}",Monsoon rains can swell Betwa and make banks slippery.,History_buffs | Photographers | Slow_travellers,"{""History_buffs"": ""Well-preserved Bundela-era architecture and temples.[web:249][web:252]"", ""Slow_travellers"": ""Walkable town with relaxed vibe and scenic riverside.""}","Smaller town with limited nightlife; river safety should be respected, especially with children.",1.0,2.0,3,"Day 1: Fort, temples and sunset at chhatris; Day 2: Riverside walks, village exploration and optional rafting in season.",Heritage hotels | Guesthouses | Budget lodges,"Simple local restaurants and hotel dining, mainly Indian cuisine.",9,Generally peaceful; main caution is near riverbanks and after dark in very quiet areas.,Decent 4G coverage in town.,Jio | Airtel | Vi,ATMs in Orchha and nearby Jhansi.,Hindi | Bundeli dialects | Basic English in tourism.[web:249][web:252],False,Religious and heritage town with strong Ram devotion and Bundelkhand traditions.,Ram-related festivals draw pilgrims; light-and-sound shows and cultural programmes sometimes held at fort.,Dress modestly at temples; evenings near Ram Raja Temple can be quite devotional.,Small handicrafts and souvenirs | Local sweets and snacks,Street-side chai and snacks by the market | Simple veg thali at dhabas,2026-01-12,web:249 | web:252,Often called an underrated gem of MP for its tranquil heritage atmosphere and picturesque riverside.,"Inclusion in more MP heritage circuits along with Gwalior, Jhansi and Khajuraho.[web:249][web:252]","Support small local businesses, keep monuments and riverbanks litter-free and respect quiet, small-town rhythm.",Orchha & Nearby Betwa Landscapes,Not required
72,Uttarakhand,Almora,North India,29.62,79.67,1650,7,Moderate,"{""name"": ""Pantnagar Airport"", ""distance_km"": 120}","{""name"": ""Kathgodam"", ""distance_km"": 90}",Haldwani,95,Hill roads from Kathgodam/Haldwani with regular buses and shared cabs; Almora is a key hub for nearby valleys like Binsar and Kasar Devi.[web:256],"{""accommodation_range"": [700, 1600], ""food_range"": [200, 450], ""activities_range"": [200, 600], ""local_transport_range"": [200, 500], ""total_daily_range"": [1300, 3150]}","{""accommodation_range"": [1600, 3500], ""food_range"": [350, 800], ""activities_range"": [400, 1000], ""local_transport_range"": [300, 700], ""total_daily_range"": [2650, 6050]}","{""accommodation_range"": [3500, 10000], ""food_range"": [700, 1500], ""activities_range"": [800, 1800], ""local_transport_range"": [400, 900], ""total_daily_range"": [5400, 14200]}",Hill_town | Culture | Slow_travel | Spiritual,Old Almora bazaars and traditional houses | Kasar Devi Temple ridge | Views towards Nanda Devi range on clear days | Proximity to Binsar Wildlife Sanctuary,Town and bazaar walks | Ridge walks around Kasar Devi | Short drives to viewpoints and Binsar gate,"Relaxed Kumaon hill town with a historic bazaar core and a ridge (Kasar Devi) long associated with writers, seekers and spiritual travellers.[web:256]",Quiet village homestays above/below main ridge | Sunrise and sunset points near Kasar Devi away from crowds,October–April for crisp views; monsoon for lush valleys if okay with cloud.[web:256][web:259],Peak monsoon landslide alerts and coldest snaps if not prepared for low temperatures.[web:259],"Autumn and winter, particularly November–January.[web:256][web:259]",Mid-monsoon and shoulder periods when some cafes shut,"{""winter"": ""2-14°C"", ""summer"": ""16-28°C"", ""monsoon"": ""14-22°C""}",Typical mid-Himalayan monsoon with some road disruption on very heavy days.,Writers_and_remote_workers | Spiritual_seekers | Budget_backpackers,"{""Writers_and_remote_workers"": ""Quiet guesthouses and cafes on Kasar ridge; many advertise Wi‑Fi and long-stay tariffs.[web:256]"", ""Spiritual_seekers"": ""Kasar Devi considered an energy spot, mentioned in travel and spiritual circuits.[web:256]""}",Nights can be cold; some guesthouses basic; carry cash as digital payments may fail during network dips.,2.0,3.0,6,Use Almora/Kasar as a base: mix slow days on ridge and bazaar walks with a day-trip into Binsar or nearby villages.[web:256],Budget lodges in Almora | Cafes-with-rooms at Kasar Devi | Homestays and small resorts on surrounding hills,Simple Kumaoni and North Indian food plus traveller cafes on ridge serving basics and coffee.[web:256],8,Generally safe; typical hill-road caution applies for drives to/from town.,4G in town; variable along ridge and interiors but many cafes provide workable Wi‑Fi.,Jio | Airtel | Vi (spotty in some higher pockets),ATMs in Almora town; none on remote ridges.,Hindi | Kumaoni | Basic English in tourism.[web:256],False,"Traditional Kumaoni families, temples and old bazaar traditions mixed with newer alternative/creative communities.",Local temple fairs and standard hill festivals; occasional retreats/workshops around Kasar.,Dress modestly near temples and in old-town lanes; support local shops for snacks and essentials.,Kumaoni sweets like bal mithai and singauri | Local woollens and shawls | Village-made pickles and pulses,Bhatt ki churkani and other Kumaoni dals | Bal mithai and singauri | Simple homely thalis,2026-01-12,web:256 | web:259,"Perceived as a calm, culturally rich base close to Binsar; many mention Kasar’s vibe as particularly conducive to reflection.[web:256]",Slow-travel and wellness-oriented stays increasingly promoted around Kasar ridge.[web:256],Water is limited; use sparingly and avoid plastic—hill towns struggle with solid waste management.,Almora & Kasar Devi Belt,Not required
75,Himachal Pradesh,Kullu,North India,31.61,77.3,1600,8,Moderate,"{""name"": ""Kullu (Bhuntar) Airport"", ""distance_km"": 50}","{""name"": ""Chandigarh"", ""distance_km"": 250}",Chandigarh,250,"Road from Aut tunnel on Chandigarh–Manali highway into Tirthan and Jibhi region; regular buses to Aut, then local taxis.[web:257]","{""accommodation_range"": [700, 1600], ""food_range"": [250, 500], ""activities_range"": [200, 600], ""local_transport_range"": [300, 700], ""total_daily_range"": [1450, 3400]}","{""accommodation_range"": [1600, 3500], ""food_range"": [400, 800], ""activities_range"": [400, 900], ""local_transport_range"": [400, 900], ""total_daily_range"": [2800, 6100]}","{""accommodation_range"": [3500, 9000], ""food_range"": [700, 1500], ""activities_range"": [800, 1800], ""local_transport_range"": [500, 1000], ""total_daily_range"": [5500, 13300]}",Offbeat_hill | Riverside | Backpacking | Slow_travel,Riverside villages along Tirthan River | Wooden homestays in Jibhi and Shoja | Easy access to Great Himalayan National Park region (GHNP gate),Village and forest walks | Short treks to waterfalls and viewpoints | Riverside camping and bonfires (in season),"Peaceful valley with cedar forests, wooden homes and riverside stays, popular among backpackers escaping Manali crowds.[web:257][web:260]",Smaller hamlets beyond main Jibhi market | Offbeat stays nearer GHNP entry,March–June and September–November for pleasant weather; winter for snow in higher reaches.[web:257],Days of heavy monsoon landslides and peak winter road closures around Jalori and high passes.[web:257],April–June and autumn long weekends.[web:257],Mid-monsoon (except for slow travellers okay with storms),"{""winter"": ""0-12°C"", ""summer"": ""12-26°C"", ""monsoon"": ""10-22°C""}",Himalayan monsoon with swelling streams and lush forests.[web:257],Backpackers | Couples | Remote_workers,"{""Backpackers"": ""Budget-friendly hostels and homestays, easy trails and social bonfire evenings.[web:257]"", ""Remote_workers"": ""Workation stays overlooking river and forest, especially in shoulder seasons.""}",Area is growing fast; respect village privacy and avoid loud parties; check connectivity if planning remote work.[web:257],2.0,3.0,7,"Use Jibhi/Tirthan as a base: mix short hikes, riverside time and day trips to Jalori Pass and GHNP gate over 3–5 days.[web:257]",Homestays | Backpacker hostels | Riverside cottages,Homely Himachali food and simple cafes serving Indian and continental dishes.,8,Stream currents and slippery forest paths in monsoon demand care; otherwise low crime.,"Improving 4G; many stays advertise workable Wi‑Fi, but speeds vary by village.[web:257]",Jio | Airtel (better near main roads) | Vi limited,ATMs at Aut/Banjar; limited in deeper villages.,Hindi | Himachali dialects | Basic English in tourism.[web:257],False,"Himachali villages with agriculture, orchards and small-scale tourism.",Local fairs and temple festivals; valley retains traditional rhythms.,Ask before entering fields or photographing homes; keep music volume low at night.,Handmade woollens and local produce | Honey and jams from homestays,Siddu and other Himachali dishes | Local rajma (kidney beans) preparations,2026-01-12,web:257 | web:260,Highly rated by backpackers for serenity and affordability; many consider it their favourite alternative to Manali.[web:257],Rise in boutique cabins and hostels; GHNP being promoted for soft eco-tourism.[web:257],"Valley is sensitive; avoid plastic, stick to marked paths and support homestays that manage waste responsibly.",Jibhi & Tirthan Valley,Not required
76,Himachal Pradesh,Kinnaur,North India,31.35,78.43,3450,7,Difficult,"{""name"": ""Shimla / Kullu (Bhuntar)"", ""distance_km"": 250}","{""name"": ""Shimla (narrow gauge) / Kalka"", ""distance_km"": 240}",Shimla,230,Long Himalayan drive via Shimla–Rampur–Sangla–Chitkul; roads narrow and landslide-prone in sections.[web:257],"{""accommodation_range"": [800, 1800], ""food_range"": [250, 500], ""activities_range"": [200, 500], ""local_transport_range"": [400, 900], ""total_daily_range"": [1650, 3700]}","{""accommodation_range"": [1800, 3500], ""food_range"": [400, 800], ""activities_range"": [400, 900], ""local_transport_range"": [600, 1200], ""total_daily_range"": [3200, 6400]}","{""accommodation_range"": [3500, 9000], ""food_range"": [700, 1500], ""activities_range"": [700, 1800], ""local_transport_range"": [800, 1500], ""total_daily_range"": [5700, 21800]}",High_mountain_village | Offbeat | Road_trip | Photography,Chitkul village on Baspa River | Valley meadows and pine forests | ‘Last village’ feel near Indo–Tibetan border,Village walks and riverside strolls | Short hikes to meadows | Photography of peaks and traditional houses,"End-of-the-road village with stone-and-wood houses, roaring river and close snow peaks, often cited as among Himachal’s prettiest settlements.[web:257]",Homestays slightly away from main road | Low-key trails along river and fields,May–October (excluding peak monsoon) for access and green or post-monsoon views.[web:257][web:259],Deep winter for heavy snow and road closures; peak monsoon for landslides.[web:259],May–June and September holiday weeks.[web:257],Early spring and late autumn with fewer visitors but colder nights,"{""winter"": ""-10-6°C"", ""summer"": ""4-18°C"", ""monsoon"": ""6-16°C""}",Moderate precipitation; heavy snow in winter and snow/rain mix in shoulder months.,Scenery_lovers | Photographers | Quiet_seekers,"{""Scenery_lovers"": ""Baspa valley is consistently praised for river, forest and snow-peak combination.[web:257]"", ""Quiet_seekers"": ""Remote location with limited nightlife and simple routines.""}","Altitude sensitivity, limited medical facilities and long drive time; carry warm layers even in summer.",2.0,2.0,4,"Part of Kinnaur loop: Kalpa/Sangla–Chitkul 1–2 nights, then onward or back to Shimla.[web:257]",Guesthouses | Homestays | Simple hotels,Basic Himachali/North Indian set meals at lodges and dhabas.,7,Road edges and weather are primary risks; avoid night driving and stay updated on road conditions.[web:257],Very limited; assume low or no mobile data.,Patchy BSNL; other networks spotty or absent.,ATMs in bigger towns like Sangla/Recong Peo; none in Chitkul.,Hindi | Kinnauri dialects | Basic English at tourist lodges.[web:257],False,Kinnauri communities with distinct architecture and temples.,Local village festivals at temples; seasons drive activity more than big events.,Respect temple areas and avoid entering fields without consent.,Small local woollens or souvenirs | Simple snacks and local produce,Rajma-chawal with local beans | Simple homely curries,2026-01-12,web:257 | web:259,"Often called a dream ‘last village’ experience, praised for air quality and views; some feel access roads can be tiring.[web:257][web:259]",More guesthouses and camps have opened; authorities highlight need for responsible tourism.[web:257],"Carry back waste, avoid disturbing riverbanks and forests, and choose smaller homestays over large intrusive constructions.",Chitkul & Baspa Valley,Not required
77,Himachal Pradesh,Lahaul and Pangi region,North India,32.87,76.95,3600,5,Difficult,"{""name"": ""Kullu (Bhuntar) / Leh (farther)"", ""distance_km"": 250}","{""name"": ""Joginder Nagar / Chandigarh"", ""distance_km"": 300}",Manali (gateway),180,"Accessed via Manali–Rohtang/Atal Tunnel into Lahaul and then side roads/jeep tracks; limited public transport, often arranged via trek operators.[web:260]","{""accommodation_range"": [800, 1800], ""food_range"": [250, 500], ""activities_range"": [400, 1200], ""local_transport_range"": [500, 1200], ""total_daily_range"": [1950, 4700]}","{""accommodation_range"": [1800, 3500], ""food_range"": [400, 800], ""activities_range"": [800, 1800], ""local_transport_range"": [800, 1500], ""total_daily_range"": [3800, 7600]}","{""accommodation_range"": [3500, 9000], ""food_range"": [700, 1500], ""activities_range"": [1500, 3000], ""local_transport_range"": [1000, 2000], ""total_daily_range"": [6700, 15500]}",Trekking | High_altitude_valley | Offbeat | Adventure,Long glacial valley between Pir Panjal and Zanskar ranges | Remote villages and meadows | Base for trekking and climbing expeditions,Multi-day treks and camping | High-altitude photography | Exploration of side valleys with guides,"Remote valley that combines elements of Himachal and Ladakh landscapes, still far less visited than popular Himalayan circuits.[web:260]",Wildflower-filled meadows in summer | Tiny hamlets with very basic homestays,July–September for trekking and open-valley access.[web:260],Winter and shoulder seasons when snow blocks routes; monsoon storms can still affect approach roads.,Short Himalayan summer; crowding is limited due to remoteness.[web:260],Most of the year outside core season,"{""winter"": ""-18--2°C"", ""summer"": ""0-18°C"", ""monsoon"": ""2-16°C""}",Lies in rain-shadow-like conditions but approaches can see rain/snow; weather changeable.[web:260],Experienced_trekkers | Expedition_photographers | Offbeat_explorers,"{""Experienced_trekkers"": ""Long valley treks without huge technical difficulty but with remote conditions.[web:260]"", ""Offbeat_explorers"": ""One of the less-commercialised high valleys, offering real wilderness.""}","Should only be attempted with proper gear, guides and acclimatisation; emergency services sparse.",5.0,7.0,10,Usually planned as a 5–9 day trek from Udaipur/nearby access villages into valley and back with camping.[web:260],Homestays in approach villages | Tented camps on treks,Basic; trek kitchens and homestay meals based on local staples.,6,"Remoteness, altitude and weather demands serious preparation; not suited for casual tourists.[web:260]",Minimal to none once inside valley.,Patchy or absent; some signal closer to bigger approach points.,ATMs only in larger towns before entering valley region.,Hindi | Local Lahauli dialects | Basic English with some guides.[web:260],False,Sparse high-altitude communities with mixed Himalayan influences.,Local village festivities; valley primarily a trekker’s destination.,Travel respectfully; homestays may have very simple facilities—adjust expectations.,None inside valley; supplies must be pre-arranged,Simple lentil–rice meals | Local breads when available,2026-01-12,web:260,Celebrated among niche trekking and climbing communities; often described as pristine and unspoilt.[web:260],Highlighted in lists of truly unexplored Himachal valleys; still kept low-key in mainstream tourism.[web:260],Absolutely pack-in–pack-out for all waste; avoid campfires and follow Leave No Trace principles strictly.,Miyar Valley,Not required
78,Rajasthan,Bharatpur,North India,27.16,77.52,180,9,Easy,"{""name"": ""Agra Airport / Delhi Airport (farther)"", ""distance_km"": 55}","{""name"": ""Bharatpur Junction"", ""distance_km"": 5}",Agra,55,"Just off the Delhi–Agra–Jaipur Golden Triangle highways; easy access by car, bus and train.[web:258][web:261]","{""accommodation_range"": [800, 2000], ""food_range"": [250, 500], ""activities_range"": [400, 900], ""local_transport_range"": [200, 600], ""total_daily_range"": [1650, 4000]}","{""accommodation_range"": [2000, 4500], ""food_range"": [400, 900], ""activities_range"": [800, 1500], ""local_transport_range"": [300, 800], ""total_daily_range"": [3500, 7700]}","{""accommodation_range"": [4500, 12000], ""food_range"": [800, 2000], ""activities_range"": [1200, 2500], ""local_transport_range"": [400, 900], ""total_daily_range"": [6900, 17400]}",Birding | Wetland | Photography | Short_break,Wetland and woodland habitat with hundreds of bird species | Winter migratory birds including cranes and ducks | Well-laid cycle/foot paths inside park,"Birdwatching by cycle, on foot or cycle-rickshaw | Guided naturalist tours | Nature photography","Compact UNESCO-listed bird sanctuary offering close, easy bird views in a semi-arid landscape turned wetland oasis.[web:258][web:261][web:249][web:252]",Early-morning and late-evening walks with fewer visitors | Inner tracks where mammals like nilgai and jackal may be seen,"October–March for winter migrants, with peak diversity in mid-winter.[web:258][web:261]",Peak summer heat and mid-monsoon when bird numbers and comfort drop.,December–February weekends and holidays.[web:258][web:261],Summer months; monsoon is quieter though some residents remain,"{""winter"": ""5-22°C"", ""summer"": ""26-42°C"", ""monsoon"": ""24-32°C""}",Seasonal monsoon regenerates wetlands; water levels crucial to bird life.[web:258],Birders | Families | Photographers | School_groups,"{""Birders"": ""One of Asia’s finest birding sites with rich species diversity.[web:258][web:261]"", ""Families"": ""Flat paths and cycle-rickshaws make it accessible for all ages.[web:258]""}",Park entry fees plus separate charges for rickshaws/guides; best visited early or late in day for birds and soft light.[web:258],1.0,2.0,3,Combine 1–2 mornings/evenings in park with a Golden Triangle trip including Agra and Jaipur.[web:258][web:261],Hotels and lodges near park gate | Budget guesthouses in Bharatpur town,Hotel restaurants and local dhabas; simple North Indian and Rajasthani fare.,9,Very safe; main caution is sun exposure and hydration.,Good 4G near town and lodges; less reliable deeper in park.,Jio | Airtel | Vi,ATMs in Bharatpur town.,Hindi | Rajasthani dialects | English with guides.[web:258],True,Small-town Rajasthan with agriculture around wetland.,Birding festivals and events occasionally organised; best experiences revolve around migration season.,"Respect park rules, keep noise low and stay on designated paths.",Basic bird and wildlife souvenirs | Local snacks in nearby markets,Rajasthani-style thali at dhabas | Local sweets from town,2026-01-12,web:258 | web:261 | web:249 | web:252,Consistently praised by birders worldwide for density and accessibility of sightings; many include it in top Indian birding lists.[web:258][web:261],Improved conservation and water-management measures; ongoing promotion as prime birding destination for 2025–26.[web:258][web:261],Use binoculars and long lenses instead of approaching birds; avoid litter and support eco-friendly guides and lodges.,Keoladeo National Park (Bharatpur Bird Sanctuary),Entry tickets at gate; no special permits needed for most Indians and foreign tourists beyond fee payment.[web:258]
79,Karnataka,Mandya,South India,12.42,76.65,695,7,Easy,"{""name"": ""Mysuru / Bengaluru"", ""distance_km"": 20}","{""name"": ""Srirangapatna / Mysuru"", ""distance_km"": 5}",Mysuru,15,Just off the Mysuru–Bengaluru highway; easy stop on road trips or day trips from Mysuru.[web:261],"{""accommodation_range"": [0, 0], ""food_range"": [200, 400], ""activities_range"": [200, 600], ""local_transport_range"": [300, 600], ""total_daily_range"": [700, 1600]}","{""accommodation_range"": [0, 0], ""food_range"": [300, 600], ""activities_range"": [400, 900], ""local_transport_range"": [400, 900], ""total_daily_range"": [1100, 2400]}","{""accommodation_range"": [0, 0], ""food_range"": [400, 900], ""activities_range"": [600, 1200], ""local_transport_range"": [600, 1000], ""total_daily_range"": [1600, 3100]}",Birding | Wetland | Day_trip | Family,"River-island sanctuary on Kaveri | Large nesting colonies of storks, ibises and other waterbirds | Short boat rides for close views",Boat safaris with guides | Birdwatching from banks | Short walks and picnics,"Compact wetland where breeding waterbirds nest on islets, offering close viewing from boats, ideal for a few hours’ birding.[web:261]",Early-morning boat rides with fewer visitors | Off-peak weekday visits during breeding season,December–March for peak nesting and bird activity.[web:261],Peak summer afternoons for heat; flood periods when river levels are high.,Weekends in winter; combines with Mysuru and Srirangapatna visits.[web:261],Non-breeding months and hot seasons,"{""winter"": ""16-28°C"", ""summer"": ""22-34°C"", ""monsoon"": ""20-28°C""}",Kaveri-fed wetland with seasonal fluctuations depending on monsoon.,Beginner_birders | Families_with_kids | Road_trippers,"{""Beginner_birders"": ""Easy, short experience with reliable sightings and simple logistics.[web:261]"", ""Families_with_kids"": ""Boat rides and visible birds keep children engaged.""}",Follow lifejacket and boat-safety instructions; do not throw food to birds or into water.[web:261],0.5,0.5,1,Include as a half-day excursion from Mysuru along with Srirangapatna or en route between Bengaluru and Mysuru.[web:261],Day-trip only; stay in nearby Mysuru or highway resorts,Basic snacks and nearby eateries; most visitors eat in Mysuru or along highway.,9,Very safe; keep distance from river edge and follow staff guidance.,Highway and nearby towns have good 4G.,Jio | Airtel | Vi,ATMs in Srirangapatna and Mysuru.,Kannada | Hindi | English with guides.[web:261],True,Part of Kaveri river landscape near historic Srirangapatna.,None specific; birding itself peaks in winter.,Respect sanctuary rules and quiet environment.,Very limited; basic souvenirs nearby,Mysuru-style meals in city after visit,2026-01-12,web:261,"Liked as an easy, rewarding birding stop; often recommended in birding lists for South India.[web:261]",Renewed attention in 2025 birding-destination roundups as a top short-trip site.[web:261],"Avoid loud music, do not disturb nesting birds and keep riverbanks litter-free.",Ranganathittu Bird Sanctuary,Entry tickets and separate boat-ride charges; no special permits.
80,Gujarat,Ahmedabad / Surendranagar,West India,22.8,72.05,60,7,Easy,"{""name"": ""Ahmedabad Airport"", ""distance_km"": 65}","{""name"": ""Ahmedabad / Viramgam"", ""distance_km"": 40}",Ahmedabad,60,Connected by good roads from Ahmedabad; popular as a winter day trip by car or taxi.[web:261],"{""accommodation_range"": [0, 0], ""food_range"": [250, 500], ""activities_range"": [400, 900], ""local_transport_range"": [400, 900], ""total_daily_range"": [1050, 2300]}","{""accommodation_range"": [0, 0], ""food_range"": [300, 600], ""activities_range"": [600, 1200], ""local_transport_range"": [600, 1200], ""total_daily_range"": [1500, 3000]}","{""accommodation_range"": [0, 0], ""food_range"": [400, 900], ""activities_range"": [900, 1500], ""local_transport_range"": [800, 1500], ""total_daily_range"": [2100, 3900]}",Wetland | Birding | Day_trip | Photography,Vast shallow lake and marshes | Large flocks of winter migratory birds | Boating among islets and bird congregations,Boat rides with local boatmen | Birdwatching and photography | Short walks on islets where allowed,"Expansive wetland that transforms into a major winter bird haven with flamingos, pelicans and other waterbirds.[web:261]",Early starts to catch sunrise and bird activity before crowd arrival | Exploring slightly farther islets with fewer boats (within regulations),November–February when migratory birds peak and temperatures are pleasant.[web:261],Hot summer and heavy monsoon when bird numbers and comfort decline.,Winter weekends and holidays; popular with local families and photographers.[web:261],Non-winter months,"{""winter"": ""10-26°C"", ""summer"": ""26-42°C"", ""monsoon"": ""24-32°C""}",Seasonal monsoon fills and refreshes wetland; bird visitors follow water and food cycles.[web:261],Birdwatchers | Families_from_Ahmedabad | Photographers,"{""Birdwatchers"": ""Listed among top Indian birding wetlands with strong winter diversity.[web:261]"", ""Families_from_Ahmedabad"": ""Easy day trip combining boat rides and open-air time.""}",Arrive early to avoid mid-day glare and crowds; negotiate clear prices and time for boats in advance.[web:261],0.5,0.5,1,"Morning departure from Ahmedabad, boat rides and birding till late morning, then return via local eateries.",Usually day-trip only; overnight options are in Ahmedabad or small lodges nearby,Snack stalls and small eateries; most visitors plan main meals in Ahmedabad or highway dhabas.,9,Very safe; ensure lifejackets for children on boats and avoid leaning out.,Mobile data available near entry and along approach roads.,Jio | Airtel | Vi,ATMs in nearby towns and on Ahmedabad side; none inside sanctuary.,Gujarati | Hindi | Basic English with some boatmen.[web:261],True,Wetland used traditionally by local communities; many boatmen come from nearby villages.,Occasional birding events and nature camps in winter.,Use designated entry points and follow sanctuary rules; no loud music.,"Very limited; focus is nature, not shopping",Gujarati snacks and tea at local stalls,2026-01-12,web:261,Popular with Gujarat-based birders and photographers; often noted for impressive flamingo and pelican flocks in good years.[web:261],Highlighted in 2025 birding lists as a must-visit wetland in western India.[web:261],Do not request boatmen to chase birds for closer photos; maintain distance and avoid littering in boats or on islets.,Nal Sarovar Bird Sanctuary,Entry tickets plus separate boating charges; no complex permits.
81,Gujarat,Kutch,West India,24.09,70.64,15,9,Moderate,"{""name"": ""Bhuj Airport"", ""distance_km"": 80}","{""name"": ""Bhuj"", ""distance_km"": 80}",Bhuj,80,Good roads from Bhuj to Dhordo and beyond; desert roads are mostly paved with final stretches controlled by border/security checkposts.[web:262][web:264][web:236][web:210][web:267],"{""accommodation_range"": [1500, 2800], ""food_range"": [300, 700], ""activities_range"": [400, 1000], ""local_transport_range"": [400, 900], ""total_daily_range"": [2600, 5400]}","{""accommodation_range"": [2800, 6000], ""food_range"": [600, 1200], ""activities_range"": [800, 1800], ""local_transport_range"": [600, 1200], ""total_daily_range"": [4800, 10200]}","{""accommodation_range"": [6000, 20000], ""food_range"": [1000, 2500], ""activities_range"": [1500, 3500], ""local_transport_range"": [800, 1500], ""total_daily_range"": [9300, 27500]}",Desert | Festival | Culture | Photography,Endless white salt desert vistas | Sunset and full-moon views over salt flats | Rann Utsav tent city (seasonal) and cultural shows | Nearby sites like Kala Dungar and handicraft villages,Sunset/sunrise walks on salt flats | Cultural performances and handicraft bazaars (during festival) | Camel carts and simple desert activities | Short trips to Mandvi coast and local villages,"One of the world’s largest salt deserts, turning into a shimmering white expanse in the dry season and hosting the colourful Rann Utsav near Dhordo.[web:262][web:264][web:236][web:210][web:267]",Quieter stretches of the white desert away from main sunset crowd (within permitted zones) | Small artisan villages in Kutch for textiles and embroidery,"November–February, coinciding with Rann Utsav and cooler desert weather; full-moon nights are especially striking.[web:264][web:236][web:210][web:267]",Peak summer and monsoon when flats are marshy or waterlogged and heat is severe.[web:262][web:264],"December–January around festivals, New Year and full-moon event dates.[web:236][web:267]",Non-festival months and hotter shoulder periods,"{""winter"": ""8-26°C"", ""summer"": ""26-44°C"", ""monsoon"": ""26-34°C""}",Arid to semi-arid; monsoon turns the salt desert into a shallow marsh before drying out again.[web:262],Culture_and_festival_lovers | Landscape_photographers | Families | Couples,"{""Culture_and_festival_lovers"": ""Rann Utsav packages combine folk music, dance, crafts and desert stays in one **immersive** experience.[web:236][web:210][web:267]"", ""Landscape_photographers"": ""Vast, minimal white foregrounds with dramatic sunsets and moonlight.[web:264][web:263]""}",Border-adjacent region; permits/checkposts apply; nights can be very cold even when days feel warm.[web:262][web:264],2.0,3.0,4,Day 1: Arrive Bhuj–Dhordo; evening at White Rann; Day 2: Kala Dungar and crafts; Day 3: Optional Mandvi beach / extra desert night.[web:210][web:236][web:264],Festival tent city (seasonal packages) | Resorts and camps around Dhordo | Hotels in Bhuj town,"Gujarati thalis and snacks in camps and local eateries, with simple vegetarian-heavy menus.[web:210][web:236]",9,Very safe tourist zone; follow marked areas on the desert and stay clear of restricted border stretches.[web:262],4G in Bhuj and patchy but improving near festival zones; camps often provide Wi‑Fi.[web:236],Jio | Airtel | Vi (stronger around Bhuj and main roads),ATMs in Bhuj and larger Kutch towns; carry cash to desert camps.[web:264],Gujarati | Kutchi | Hindi | Basic English in tourism.[web:262][web:264],True,"Kutchi communities renowned for textiles, embroidery, folk music and desert pastoral traditions.[web:236][web:210]",Rann Utsav (White Desert Festival) typically runs from Nov–Feb with nightly cultural programmes.[web:236][web:210][web:267],"Dress modestly in villages, ask before photographing people or crafts, and bargain respectfully.",Kutchi embroidery and mirror-work textiles | Handwoven shawls and stoles | Leatherwork and handicrafts from artisan villages,Gujarati thali with local farsan | Kutch dabeli and snacks | Traditional bajra rotla with ghee,2026-01-12,web:262 | web:264 | web:236 | web:210 | web:267,Frequently described as surreal and otherworldly; many travellers recommend at least one moonlit night on the white desert.[web:264][web:263][web:236],Well-organised Rann Utsav infrastructure with new tent clusters and curated itineraries for 2025–26.[web:236][web:210][web:267],"Stay on designated paths to avoid crust damage, minimise plastic use and support local artisans directly.",Great Rann of Kutch (White Desert),Rann entry permit and ID often checked at Bhirandiyara/Dhordo checkpoints due to proximity to international border.[web:262][web:264]
82,Rajasthan,Jaisalmer,West India,26.91,70.91,225,9,Moderate,"{""name"": ""Jaisalmer Airport (seasonal flights) / Jodhpur"", ""distance_km"": 15}","{""name"": ""Jaisalmer"", ""distance_km"": 2}",Jodhpur,280,"Highways link Jaisalmer with Jodhpur, Jaipur and other Rajasthan cities; dunes accessed by smaller roads towards Sam and Khuri.[web:266]","{""accommodation_range"": [800, 2000], ""food_range"": [250, 500], ""activities_range"": [400, 900], ""local_transport_range"": [300, 800], ""total_daily_range"": [1750, 4200]}","{""accommodation_range"": [2000, 4500], ""food_range"": [400, 900], ""activities_range"": [800, 1500], ""local_transport_range"": [500, 1200], ""total_daily_range"": [3700, 8100]}","{""accommodation_range"": [4500, 18000], ""food_range"": [800, 2000], ""activities_range"": [1500, 3500], ""local_transport_range"": [800, 1500], ""total_daily_range"": [7600, 25000]}",Desert | Heritage | Festival | Photography,Living Jaisalmer Fort and havelis | Sam and Khuri sand dunes | Desert camps and cultural evenings | Gadisar Lake and nearby temples,Camel and jeep safaris in dunes | Overnight desert camping | Fort and old-town heritage walks,"Golden sandstone fort city at the edge of the Thar, combining intricate havelis with easy access to rolling sand dunes.[web:266]",Quieter dunes beyond the most crowded Sam belt | Smaller havelis and lanes away from main bazaar,October–March for cool desert evenings and comfortable fort exploration.[web:266],Peak summer heat and hottest pre-monsoon months; occasional dust storms.,"December–January and around Desert Festival dates, plus long-weekend spikes.[web:266]",Summer and mid-monsoon when temperatures are extreme and camps may close,"{""winter"": ""7-26°C"", ""summer"": ""28-45°C"", ""monsoon"": ""26-36°C""}",Very low rainfall desert climate with occasional intense showers.,First_time_desert_visitors | Couples | Families | History_lovers,"{""First_time_desert_visitors"": ""Classic camel-safari-plus-fort combo on the Desert Circuit promoted nationally.[web:266]"", ""History_lovers"": ""Lived-in fort and carved havelis provide rich built heritage.""}",Choose reputable camps that avoid loud generators and dune degradation; nights can be cold even when days are warm.,2.0,3.0,4,Day 1: Fort and old city; Day 2: Desert camp with sunset and cultural show; Day 3: Havelis and free time/shopping.,Heritage havelis and hotels | Budget guesthouses in town | Desert camps (ranging from basic to luxury),"Rajasthani and North Indian food, with many rooftop eateries overlooking fort and town.",9,Tourist-oriented city; typical precautions suffice; watch footing on fort ramps and dunes at night.,Good in town; weaker but present at many larger camps.,Jio | Airtel | Vi,Multiple ATMs in Jaisalmer town.,Hindi | Rajasthani/Marwari | English in tourism.[web:266],False,"Rajasthani desert communities with folk music, dance and crafts forming a key part of tourist evenings.",Jaisalmer Desert Festival and Rajasthan Desert Circuit promotions draw extra cultural programmes.[web:266],Dress modestly in older quarters and near temples; tipping for musicians and camel handlers is customary.,Mirror-work textiles and quilts | Jewellery and handicrafts | Camel leather items (ensure ethical sourcing),Dal baati churma | Ker sangri | Local sweets like ghevar and mawa,2026-01-12,web:266,Often cited as a must-visit on Rajasthan’s desert circuit for its fort silhouette and desert stays.,Ongoing promotion under Desert Circuit itineraries and upgrades to desert-road infrastructure.[web:266],"Avoid driving directly on fragile dune crests, say no to plastic cutlery at camps and support smaller local operators.",Jaisalmer & Thar Desert Dunes,Not required
83,Karnataka,Udupi,South India,13.63,74.69,5,6,Moderate,"{""name"": ""Mangaluru Airport"", ""distance_km"": 110}","{""name"": ""Kundapura / Byndoor"", ""distance_km"": 25}",Udupi / Mangaluru,55,"NH66 coastal highway runs beside Maravanthe with the sea on one side and river/backwaters on the other, making it an iconic self-drive stretch.[web:265]","{""accommodation_range"": [800, 2000], ""food_range"": [250, 500], ""activities_range"": [200, 600], ""local_transport_range"": [300, 700], ""total_daily_range"": [1550, 3800]}","{""accommodation_range"": [2000, 4500], ""food_range"": [400, 900], ""activities_range"": [400, 900], ""local_transport_range"": [400, 900], ""total_daily_range"": [3200, 7200]}","{""accommodation_range"": [4500, 10000], ""food_range"": [700, 1500], ""activities_range"": [600, 1500], ""local_transport_range"": [500, 1000], ""total_daily_range"": [6300, 14000]}",Coastal_drive | Offbeat_beach | Slow_travel,"Maravanthe Beach strip with river on one side, sea on the other | Nearby Kodi Beach and quiet fishing hamlets | Easy extensions to Udupi, Murudeshwar and Gokarna",Scenic drives and photo stops | Beach walks and simple village visits | Backwater and boat experiences in nearby areas,"Striking road section where the Arabian Sea and a river run parallel to the highway, plus little-known coves and villages ideal for unhurried stops.[web:265]",Kodi Beach near Kundapura for peaceful sunsets | Small homestays away from the main highway,November–March for calmer seas and comfortable coastal weather.[web:265],Peak monsoon for high waves and heavy rain; some erosion along highway edges occurs.[web:265],Christmas–New Year and long weekends; still quieter than major resort beaches.[web:265],"Most weekdays and shoulder months, especially outside school holidays","{""winter"": ""22-32°C"", ""summer"": ""26-35°C"", ""monsoon"": ""24-30°C""}",Heavy coastal Karnataka monsoon with strong onshore winds.,Road_trippers | Quiet_beach_lovers | Couples,"{""Road_trippers"": ""Regularly featured as one of India’s most scenic coastal drives.[web:265]"", ""Quiet_beach_lovers"": ""Less commercial than big-name beaches; more space for relaxed, **slow** stays.[web:265]""}",Sea can be rough; swim only where locals deem it safe; limited nightlife or typical resort entertainment.,1.0,2.0,4,"Use Maravanthe/Kundapura as a night halt in a Konkan drive, with time for beach walks and village visits.",Small resorts and homestays near beach | Highway lodges | Guesthouses in Kundapura/Udupi,"Coastal Karnataka food with fish curries, ghee roast and simple vegetarian thalis in local eateries.[web:265]",8,Highway traffic is fast; take care when stopping for photos and crossing roads.,Good 4G along highway and in nearby towns.,Jio | Airtel | Vi,ATMs in Kundapura and other small towns along highway.,Kannada | Tulu | Konkani | Hindi and some English in tourism.[web:265],False,Fishing communities and temple towns along the Karavali coast.,Temple festivals and annual fairs in nearby towns; not a single-event destination.,Dress modestly in villages and near temples; be respectful of fishermen and their working spaces.,Local snacks and coastal sweets | Basic handicrafts from nearby towns,Fish gassi with neer dosa | Udupi-style vegetarian meals,2026-01-12,web:265,Frequently praised as a hidden-gem coastal stretch and a highlight on long Konkan road trips.[web:265],Featured in new lists of unexplored beaches and coastal self-drive routes in India.[web:265],Avoid littering highway viewpoints and beaches; support homestays that manage waste sensibly.,Maravanthe & Karnataka Offbeat Coast,Not required
84,Odisha,Puri,East India,19.9,86.08,3,6,Moderate,"{""name"": ""Bhubaneswar Airport"", ""distance_km"": 70}","{""name"": ""Puri / Bhubaneswar"", ""distance_km"": 45}",Puri,40,Reachable by coastal roads branching from Puri–Konark–Bhubaneswar circuit; suited to taxis and self-drives.[web:265][web:268],"{""accommodation_range"": [800, 1800], ""food_range"": [200, 450], ""activities_range"": [200, 600], ""local_transport_range"": [300, 700], ""total_daily_range"": [1500, 3550]}","{""accommodation_range"": [1800, 4000], ""food_range"": [350, 800], ""activities_range"": [400, 900], ""local_transport_range"": [400, 900], ""total_daily_range"": [2950, 6600]}","{""accommodation_range"": [4000, 9000], ""food_range"": [700, 1500], ""activities_range"": [600, 1500], ""local_transport_range"": [500, 1000], ""total_daily_range"": [5800, 21000]}",Offbeat_beach | Sunset | Culture_combo,Astaranga’s colourful sunsets over Bay of Bengal | Ramachandi Beach near Konark | Proximity to Konark Sun Temple and Puri,Quiet beach walks and photography | Watching fishing boats and village life | Combining with temple and heritage visits nearby,"Under-the-radar beaches on the Puri–Konark belt, known for vivid sunsets and relatively empty sands compared with main Puri beach.[web:265][web:268]",Less-frequented stretches of Astaranga beyond main access points | Morning hours when fishing activity is high but tourists are few,November–February for mild weather and calm sea views.[web:265][web:268],Cyclone-prone late-monsoon/post-monsoon periods and very hot April–May afternoons.,Around big festivals at Puri plus winter holiday weeks; these beaches still stay quieter than the main town.[web:268],Most non-festival weekdays and sultry pre-monsoon weeks,"{""winter"": ""16-28°C"", ""summer"": ""28-38°C"", ""monsoon"": ""24-32°C""}",Coastal monsoon with heavy showers and occasional systems in Bay of Bengal.,Sunset_chasers | Quiet_beach_seekers | Culture_plus_sea_travellers,"{""Sunset_chasers"": ""Astaranga literally means ‘colourful sunset’ and is noted for evening skies.[web:268]"", ""Culture_plus_sea_travellers"": ""Easy to combine sea-time with Konark and Puri temple visits on same trip.[web:265][web:268]""}",Limited tourist infrastructure on sand; carry basic supplies and heed local advice on sea conditions.,1.0,1.0,3,Base in Puri/Konark and visit Astaranga/Ramachandi as half-day or sunset excursions.[web:268],Stays in Puri or near Konark | A few small lodges/homestays near quieter beaches,Local seafood shacks and dhabas; better variety in Puri and Bhubaneswar.[web:268],8,Respect currents and avoid venturing too deep; beaches are less monitored than major resorts.,Mobile data works on main approach roads; can be weaker directly on remote stretches.,Jio | Airtel | Vi,"ATMs in Puri, Konark and village centres, not on beachline.",Odia | Hindi | Basic English in tourism.[web:268],False,Fishing communities and temple-linked pilgrim circuits along Odisha coast.,Peak coastal energy around Rath Yatra in Puri; local village festivities at other times.,"Ask before photographing fishermen or their catch; keep beaches clean, as waste management is limited.",Conches and souvenirs from Puri/Konark (avoid protected shells) | Local snacks from village stalls,Fresh fish curries from local shacks | Odia sweets from nearby towns,2026-01-12,web:265 | web:268,"Highlighted in hidden-beach lists as calm, photogenic alternatives to busier Odisha shores.[web:265][web:268]","Growing attention in 2025 features on unexplored east-coast beaches, still with modest tourism build-out.[web:265][web:268]",Carry trash back to town bins and avoid disturbing turtle-nesting zones where relevant.,Astaranga & Ramachandi Beaches (Odisha Quiet Coast),Not required
85,Tripura,Unakoti / North Tripura,North East India,24.37,92.05,180,6,Moderate,"{""name"": ""Agartala Airport (Maharaja Bir Bikram)"", ""distance_km"": 165}","{""name"": ""Kailashahar / Kumarghat (broad-gauge access)"", ""distance_km"": 10}",Agartala,165,Hilly roads from Agartala via Kailashahar/Kumarghat; improving connectivity as part of North East circuits.[web:269],"{""accommodation_range"": [700, 1500], ""food_range"": [200, 450], ""activities_range"": [200, 500], ""local_transport_range"": [300, 700], ""total_daily_range"": [1400, 3150]}","{""accommodation_range"": [1500, 3200], ""food_range"": [350, 800], ""activities_range"": [400, 900], ""local_transport_range"": [400, 900], ""total_daily_range"": [2650, 5800]}","{""accommodation_range"": [3200, 8000], ""food_range"": [700, 1500], ""activities_range"": [700, 1500], ""local_transport_range"": [500, 1000], ""total_daily_range"": [5100, 12000]}",Heritage | Rock_sculpture | Offbeat,Unakoti rock-cut reliefs and sculptures in forested gorge | Local temples and village landscapes | Integration with wider Tripura heritage and nature circuits,Heritage walks around sculptures | Short hikes and photography | Village visits as part of North East circuits,"Ancient rock carvings of huge faces and reliefs carved into hill slopes, set amid lush vegetation and streams, still relatively little-known outside the region.[web:269]",Quieter viewpoints along the steps and pathways beyond main cluster | Nearby villages with traditional Tripuri life,November–March for comfortable temperatures and clearer skies.[web:269],Heaviest monsoon months when paths can be slippery and access affected.,"Winter weeks, especially when clubbed with wider North East tours.[web:269]",Hot pre-monsoon months and heavy-rain periods,"{""winter"": ""12-26°C"", ""summer"": ""26-36°C"", ""monsoon"": ""24-32°C""}",High rainfall typical of North East hilly tracts with lush vegetation.[web:269],Heritage_enthusiasts | Offbeat_travellers | Photographers,"{""Heritage_enthusiasts"": ""Part of emerging heritage circuits in North East, featuring unique rock art not seen elsewhere in India.[web:269]"", ""Offbeat_travellers"": ""Remote feel and small-town hospitality away from major tourist hubs.""}",Stairways and paths can be steep; basic footwear grip recommended; facilities on-site are simple.,1.0,1.0,2,Include Unakoti as a day-trip or overnight halt in a broader Tripura–North East heritage and nature circuit.[web:269],Basic hotels and guesthouses in nearby towns | Tourism department lodges (where available),Local eateries with simple Bengali and Tripuri-style meals; limited variety.,8,Generally safe and quiet; main risk is slips on wet steps in monsoon.,Mobile data in towns; may be weaker within gorge area.,BSNL | Jio | Airtel (coverage improving as per North East projects).[web:269],ATMs in district towns; none at the heritage site itself.,Bengali | Kokborok (Tripuri) | Hindi and basic English in administration.[web:269],False,"Blend of tribal and Bengali cultures, with small-farm and forest-linked lifestyles.",Local fairs and religious gatherings; Unakoti Mela draws regional visitors.,Be respectful at active worship spots and avoid climbing on sculptures.,Simple local crafts and textiles in nearby markets,Simple fish and rice plates at local eateries | Regional snacks available in small shops,2026-01-12,web:269,"Often labelled a ‘hidden Angkor-like’ site on a much smaller scale, appreciated by those seeking unusual heritage.[web:269]",Included in official tourism-circuit planning documents and funding announcements for North Eastern states.[web:269],"Avoid touching carvings, keep noise low and carry back all trash from forested valley.",Unakoti & North Tripura Heritage Belt,Not required
86,Tamil Nadu,Chengalpattu,South India,12.62,80.19,12,9,Easy,"{""name"": ""Chennai International Airport"", ""distance_km"": 55}","{""name"": ""Chengalpattu / Chennai"", ""distance_km"": 30}",Chennai,50,Excellent roads along East Coast Road (ECR) and GST corridors; frequent buses and taxis from Chennai and Puducherry.[web:266][web:269],"{""accommodation_range"": [900, 2000], ""food_range"": [250, 500], ""activities_range"": [200, 600], ""local_transport_range"": [200, 500], ""total_daily_range"": [1550, 3600]}","{""accommodation_range"": [2000, 4500], ""food_range"": [400, 900], ""activities_range"": [400, 900], ""local_transport_range"": [300, 700], ""total_daily_range"": [3100, 7000]}","{""accommodation_range"": [4500, 16000], ""food_range"": [800, 2000], ""activities_range"": [700, 1800], ""local_transport_range"": [400, 900], ""total_daily_range"": [6400, 20700]}",Heritage | Beach | Family | Weekend,UNESCO-listed shore temple and rock-cut monuments | Five Rathas and Arjuna’s Penance bas-relief | ECR coastal drives with sea views | Nearby planned heritage and eco-park projects,Heritage walks among rock-cut temples | Beach time on Coromandel coast | Short drives to DakshinaChitra and nearby attractions,"Seaside temple town with some of India’s finest Pallava-era stone carving, easily combined with Chennai and Puducherry.[web:266][web:269]",Less-visited boulder clusters and shrines beyond main ticketed zone | Quieter stretches of ECR beaches on either side of town,November–February for pleasant coastal weather; evenings are comfortable much of the year.[web:266],Peak monsoon/cyclone events and hottest April–May afternoons when humidity is high.,"Winters, weekends and festival periods; also popular for school trips.[web:266]",Weekdays outside winter; some heat in shoulder seasons but manageable,"{""winter"": ""22-30°C"", ""summer"": ""28-38°C"", ""monsoon"": ""24-32°C""}",North-east monsoon influenced; short but intense spells in Oct–Dec.[web:269],History_and_architecture_lovers | Families | Weekend_getaways_from_Chennai,"{""History_and_architecture_lovers"": ""Key site on India’s heritage circuits with iconic rock-cut temples.[web:266][web:269]"", ""Weekend_getaways_from_Chennai"": ""Quick ECR access with beach resorts and heritage in one stop.""}",Midday sun can be harsh among rock complexes; hats and hydration are essential.,1.0,2.0,3,"Day 1: Main monuments and shore temple; Day 2: Beachtime and side visits (DakshinaChitra, Crocodile Bank or ECR cafes).",Beach resorts | Budget guesthouses in town | Boutique hotels along ECR,"Seafood and South Indian favourites, plus cafes catering to domestic and international tourists.",9,Tourist-friendly; normal precautions; heed sea-safety flags.,Good 4G and broadband in town and resorts.,Jio | Airtel | Vi,ATMs available in town and along ECR.[web:269],Tamil | English widely | Hindi understood in tourism.[web:266],False,"Temple town with artisans, fishermen and hospitality workers; strong Dravidian heritage.",Dance and cultural festivals sometimes held against heritage backdrops; nearby projects like Nandavanam Heritage Park are planned under tourism circuits.[web:269],Dress modestly at temples; remove footwear where required.,Stone carvings and souvenirs | Shell craft and handicrafts,South Indian seafood curries | Filter coffee and tiffin items,2026-01-12,web:266 | web:269,"Regarded as a convenient and rewarding heritage stop with good combination of art, sea and resorts.",Featured in government tourism-circuit funding for heritage-park and eco-park enhancements.[web:269],Avoid climbing on carvings or boulders where prohibited; keep beaches and monument areas clean.,Mamallapuram (Mahabalipuram) & Coromandel Heritage Coast,Not required
87,Goa,South Goa,West India,15.01,74.02,0,7,Moderate,"{""name"": ""Goa International (Dabolim) / MOPA (North Goa)"", ""distance_km"": 65}","{""name"": ""Canacona (for Palolem area)"", ""distance_km"": 15}",Margao,40,Accessible via internal roads and short hikes/boat rides from Palolem/Agonda region; suited to cabs and two-wheelers.[web:268],"{""accommodation_range"": [900, 2000], ""food_range"": [250, 500], ""activities_range"": [200, 600], ""local_transport_range"": [300, 700], ""total_daily_range"": [1650, 3800]}","{""accommodation_range"": [2000, 4500], ""food_range"": [400, 900], ""activities_range"": [400, 900], ""local_transport_range"": [400, 900], ""total_daily_range"": [3200, 7200]}","{""accommodation_range"": [4500, 14000], ""food_range"": [700, 1500], ""activities_range"": [700, 1800], ""local_transport_range"": [500, 1000], ""total_daily_range"": [6400, 18300]}",Beach | Offbeat | Short_break | Photography,Butterfly Beach and other small coves near Canacona | Quieter sands than main stretches | Proximity to Palolem/Agonda for stay and food,Boat trips or treks to hidden coves | Beach lounging and photography | Dolphin-spotting rides (regulated in some seasons),"Tucked-away coves that offer a more secluded feel than many of Goa’s crowded main beaches, especially on off-peak days.[web:268]",Early-morning visits to Butterfly and similar coves before boats arrive | Short hill trails connecting viewpoints above the sea,November–February for good sea conditions and pleasant weather.[web:268],Monsoon when sea is rough and many boat services stop; access trails can be slippery.[web:268],"December–New Year weeks and long weekends; even then, early or weekday visits are calmer.[web:268]",Most non-holiday weekdays and shoulder months like November or February end,"{""winter"": ""22-32°C"", ""summer"": ""26-35°C"", ""monsoon"": ""24-30°C""}",Heavy Konkan monsoon shuts down most shacks and sea excursions.,Couples | Small_groups | Quiet_beach_seekers,"{""Couples"": ""Secluded coves with scenic backdrops work well for relaxed, low-key days.[web:268]"", ""Quiet_beach_seekers"": ""Option to stay in livelier Palolem/Agonda while escaping to quieter sands by day.[web:268]""}",Carry drinking water and basic supplies; not all coves have shacks or lifeguards.,1.0,2.0,4,"Base in Palolem/Agonda for 2–4 nights, adding half-day trips to Butterfly and nearby coves on calm-sea days.[web:268]",Beach huts and guesthouses in Palolem/Agonda | Boutique stays in South Goa interior,Multi-cuisine shacks and cafes in main beaches; hidden coves may have nothing or one seasonal shack.[web:268],8,Watch tides and avoid isolated late-night stays on tiny coves; respect sea-safety advice.,Good 4G in nearby towns and main beaches; may be weak in certain headland spots.,Jio | Airtel | Vi,ATMs in Canacona and other South Goa hubs.,Konkani | Hindi | English widely in tourism.[web:268],False,Blend of fishing villages and tourism economy.,Goa-wide festival calendar; specific coves are more about natural ambience than events.,Respect local fishermen’s working hours and equipment stored on beaches.,Souvenirs and clothing from Palolem markets,Goan fish curry-rice | Seafood grills at nearby main beaches,2026-01-12,web:268,"Frequently appear in ‘hidden Goa’ lists, described as lovely when timed outside peak hours.[web:268]","Rising visibility in 2025 roundups of India’s hidden beaches, while access is still via simple trails/boats.[web:268]",Pack out all trash; these small coves have almost no waste handling capacity.,Hidden Goa Coves (Butterfly & Nearby Beaches),Not required
88,Lakshadweep,Union Territory,Island Territory,10.86,72.29,0,7,Difficult,"{""name"": ""Agatti Airport (Lakshadweep)"", ""distance_km"": 15}","{""name"": ""None (islands accessed by air/ship)"", ""distance_km"": null}",Kochi (gateway by air/sea),440,"Internal island roads only; external access via flights to Agatti and inter-island boats, subject to permits and schedules.[web:265]","{""accommodation_range"": [3500, 6000], ""food_range"": [800, 1500], ""activities_range"": [1500, 3000], ""local_transport_range"": [800, 1500], ""total_daily_range"": [6600, 12000]}","{""accommodation_range"": [6000, 12000], ""food_range"": [1500, 2500], ""activities_range"": [2500, 4000], ""local_transport_range"": [1000, 2000], ""total_daily_range"": [11000, 20500]}","{""accommodation_range"": [12000, 30000], ""food_range"": [2000, 3500], ""activities_range"": [3500, 6000], ""local_transport_range"": [1500, 3000], ""total_daily_range"": [19000, 42500]}",Island | Snorkelling | Offbeat_beach | Honeymoon,Pristine white-sand beaches and lagoons | Snorkelling and kayaking in clear waters | Low tourist volumes due to entry restrictions,Snorkelling and scuba (within regulations) | Kayaking and lagoon swims | Beach walks and stargazing,Highly restricted tropical islands where limited resorts and regulations keep beaches exceptionally quiet and ecologically intact.[web:265],Less frequented parts of lagoon away from main jetties | Night skies with minimal light pollution,November–March for calmer seas and best visibility.[web:265],South-west monsoon for rough seas and limited boat options; some services may halt.,"December–February and national holiday blocks, though numbers are controlled.[web:265]",Monsoon and shoulder months when connectivity is weather-dependent,"{""winter"": ""24-30°C"", ""summer"": ""26-33°C"", ""monsoon"": ""24-30°C""}",Tropical maritime rainfall with strong winds during monsoon.,Honeymooners | Snorkellers | Quiet_luxury_seekers,"{""Honeymooners"": ""Secluded beaches and limited visitor numbers create an exclusive feel.[web:265]"", ""Snorkellers"": ""Shallow lagoons and healthy reefs near shore in designated zones.[web:265]""}",Strict permit regime and limited transport; bookings must align with official guidelines and capacity constraints.,3.0,4.0,7,"Fly to Agatti from Kochi, connect by boat to chosen island, spend 3–5 nights enjoying lagoon activities and beach downtime.[web:265]",Government/authorised resorts | Limited private island stays,Buffet-style or set-menu dining in resorts with focus on seafood and Indian dishes.[web:265],9,Highly supervised; follow all lagoon-safety and reef-protection rules.,Limited; some resorts offer basic connectivity but expect partial digital detox.,BSNL primary; other networks limited or absent.,Very limited; payments generally arranged via packages and cards where available.,Malayalam | Hindi | Basic English in tourism.[web:265],True,Islamic island communities with fishing and coconut-based livelihoods.,Local religious and community festivals; island stays focus on nature rather than events.,Dress modestly away from resort beach zones; respect local religious norms.,Very limited; some handicrafts and packaged coconut-based products,Fresh fish and coconut-based curries | Local snacks made from coconut and flour,2026-01-12,web:265,Described as among India’s most beautiful yet controlled island destinations; appreciated for quiet and clarity of water.[web:265],"Featured in 2026 travel-trend lists as offbeat but restricted, with emphasis on ecological balance.[web:265][web:255]","Use reef-safe sunscreen, avoid touching corals and abide by all restrictions on fishing and shell collection.",Bangaram & Kadmat Islands (Lakshadweep Quiet Beaches),Special entry permits required for Lakshadweep; only certain islands open to tourists and often via pre-booked packages.[web:265]
89,Kerala & Karnataka (bordering regions),"Multiple (Kasargod, Kannur, Malnad coastal districts)",South India,12.35,75.15,10,6,Moderate,"{""name"": ""Mangaluru / Kannur International Airport"", ""distance_km"": 80}","{""name"": ""Various coastal stations (e.g., Kasargod, Kannur)"", ""distance_km"": 10}",Mangaluru / Kozhikode,100,"Access via NH66 and interior roads; promoted as part of Malanad Malabar Cruise and rural circuits tying rivers, backwaters and villages.[web:266]","{""accommodation_range"": [800, 2000], ""food_range"": [250, 500], ""activities_range"": [200, 600], ""local_transport_range"": [300, 700], ""total_daily_range"": [1550, 3800]}","{""accommodation_range"": [2000, 4500], ""food_range"": [400, 900], ""activities_range"": [400, 900], ""local_transport_range"": [400, 900], ""total_daily_range"": [3200, 7200]}","{""accommodation_range"": [4500, 12000], ""food_range"": [700, 1500], ""activities_range"": [700, 1800], ""local_transport_range"": [500, 1000], ""total_daily_range"": [6400, 16300]}",Backwaters | Rural | Slow_travel | Culture,"Rivers, backwaters and village landscapes | Slow boat cruises as part of Malanad Malabar Cruise Tourism | Local temples, theyyams (seasonal) and coastal life",Backwater and river cruising | Village walks and homestays | Temple visits and cultural interactions,"Less-commercialised backwater and rural zones compared to central Kerala, with combined Karnataka–Kerala culture.[web:266]",Small village jetties and local ferries | Homestays participating in rural circuit programmes,November–March for comfortable temperatures and navigable water levels.[web:266],Peak monsoon floods and very humid shoulder weeks; boat schedules can change.,Winter months when circuits and cruises see more bookings.[web:266],"Rains and off-peak months; good for very quiet, local-focused stays","{""winter"": ""22-32°C"", ""summer"": ""26-35°C"", ""monsoon"": ""24-30°C""}",Heavy South West monsoon; region turns intensely green.,Slow_travellers | Culture_seekers | Families,"{""Slow_travellers"": ""Rural circuit explicitly built around unhurried village and waterway experiences.[web:266]"", ""Culture_seekers"": ""Chance to observe temple arts like theyyam and local rituals at close quarters.""}",Circuit is still developing; some logistics like cruise departures and homestay quality vary.,2.0,3.0,6,Combine 2–4 days of Malanad–Malabar cruising and village homestays with nearby beaches or hill stations.[web:266],Homestays | Small backwater resorts | Basic lodges in small towns,"Home-style Malabar and coastal Karnataka cuisine with rice, fish and coconut dominating.",9,Safe rural belt; main concerns are water safety and monsoon conditions.,4G in most villages near main roads; weaker in interior waterways.,Jio | Airtel | Vi,ATMs in nearby towns; cash still useful in small villages.,Malayalam | Kannada | Tulu | Hindi/English to varying degrees.[web:266],False,"Blend of Kerala and coastal Karnataka traditions in food, dress and temple architecture.",Theyyam season in North Kerala and multiple temple festivals; rural circuit itineraries often overlap festival times.[web:266],Observe temple dress codes and separate areas for non-Hindus where applicable.,Local spices and snacks | Small handicrafts and coir products,Malabar fish curry | Appam with stew | Local coastal snacks like pathiri variants,2026-01-12,web:266,Still niche but appreciated by travellers looking beyond mainstream Kerala backwaters.,Identified as part of Rural Circuit (Malanad Malabar Cruise Tourism) in national tourism-circuit plans.[web:266],Opt for eco-certified cruises and homestays; keep waterways free of litter and respect village privacy.,Malanad–Malabar Backwater & Rural Belt,Not required
90,"Uttar Pradesh, Gujarat, others",Multiple,Multi-state,27.5,77.67,170,9,Easy,"{""name"": ""Multiple gateways (Delhi for Mathura–Vrindavan, Jamnagar/Rajkot for Dwarka)"", ""distance_km"": 60}","{""name"": ""Mathura Junction / Vrindavan branch / Dwarka"", ""distance_km"": 2}",Delhi / Ahmedabad (depending segment),150,"Part of nationally promoted Krishna Circuit covering key sites in UP, Gujarat, Rajasthan, Haryana and Odisha; main nodes have strong highway and rail links.[web:266]","{""accommodation_range"": [700, 1800], ""food_range"": [200, 450], ""activities_range"": [100, 400], ""local_transport_range"": [200, 500], ""total_daily_range"": [1200, 3150]}","{""accommodation_range"": [1800, 4000], ""food_range"": [300, 700], ""activities_range"": [200, 600], ""local_transport_range"": [300, 700], ""total_daily_range"": [2600, 6000]}","{""accommodation_range"": [4000, 12000], ""food_range"": [600, 1200], ""activities_range"": [400, 1000], ""local_transport_range"": [400, 900], ""total_daily_range"": [5400, 15100]}",Spiritual | Heritage | Pilgrimage | Family,"Mathura and Vrindavan temples associated with Krishna’s early life | Dwarkadhish Temple at Dwarka in Gujarat | Additional nodes in Rajasthan, Haryana and Odisha under the Krishna Circuit",Temple darshans and aartis | Heritage walks in old temple towns | Participation in festivals and kirtans,"Multi-state circuit centred on the life and legends of Krishna, linking riverfront ghats, historic temples and coastal shrines.[web:266]",Smaller ashrams and older shrines away from main temple queues | Quieter ghats visited early morning or late evening,October–March for manageable temperatures on north and west Indian plains.[web:266],Hottest summer months for long queues and heat stress; monsoon for some travel disruptions.,Janmashtami and major festival periods; long weekends and school vacations.,Non-festival weekdays outside winter,"{""winter"": ""8-24°C (north) / 14-28°C (coastal)"", ""summer"": ""26-42°C"", ""monsoon"": ""24-32°C""}",Typical monsoon on plains and Saurashtra coast; some temples see crowds during Shravan/monsoon festivals.,Devotees | Culture_seekers | Families,"{""Devotees"": ""Designated national Krishna Circuit connects multiple major temples with improved infrastructure.[web:266]"", ""Culture_seekers"": ""Chance to experience bhajans, kirtans and temple-town street life across regions.""}",Crowding around festival dates; accommodation in temple towns should be booked early during Janmashtami or big yatras.,2.0,4.0,10,Short trips might focus on Mathura–Vrindavan only; longer yatras add Dwarka and intermediate nodes across states.[web:266],Dharamshalas and ashrams | Budget and mid-range hotels | Some higher-end hotels in larger nodes,Predominantly vegetarian with many satvik and temple-linked eateries.,8,Temple-town pickpocketing possible in crowds; take usual precautions and keep hydrated.,Good 4G in main towns; some ashrams emphasize low-tech stays.,Jio | Airtel | Vi,Widely available in main circuit towns.[web:266],Hindi | Gujarati (in Gujarat nodes) | English in tourism and larger temples.[web:266],False,"Strong Vaishnav devotional traditions with daily rituals, bhajans and prasad offerings.","Janmashtami, Holi in Braj region, Kartik and other key Vaishnav festivals draw large crowds.[web:266]","Dress modestly, especially in temple interiors; remove footwear and follow queue systems.","Religious books, idols and accessories | Local sweets like peda (Mathura) and prasad items",Mathura peda and lassi | Simple satvik thalis | Local farsan and snacks in Gujarat nodes,2026-01-12,web:266,Considered spiritually fulfilling and logistically straightforward thanks to strong connectivity between main nodes.,Officially listed Krishna Circuit under national tourism with funding for facility upgrades across multiple states.[web:266],"Use refillable bottles, avoid plastic offerings where alternatives exist and respect queue etiquette to keep flows smooth.",Krishna Heritage Circuit (Mathura–Vrindavan–Dwarka Focus),Not required
91,Uttarakhand,Dehradun / Haridwar,North India,30.12,78.29,372,10,Easy,"{""name"": ""Dehradun (Jolly Grant) Airport"", ""distance_km"": 20}","{""name"": ""Haridwar Junction / Rishikesh"", ""distance_km"": 0}",Dehradun,45,"Excellent highway and bus connectivity from Delhi, Dehradun and other north Indian cities.[web:273][web:274][web:277]","{""accommodation_range"": [600, 1600], ""food_range"": [150, 350], ""activities_range"": [200, 600], ""local_transport_range"": [150, 400], ""total_daily_range"": [1100, 2950]}","{""accommodation_range"": [1600, 3500], ""food_range"": [300, 700], ""activities_range"": [400, 1000], ""local_transport_range"": [200, 500], ""total_daily_range"": [2500, 5700]}","{""accommodation_range"": [3500, 15000], ""food_range"": [600, 1500], ""activities_range"": [700, 2000], ""local_transport_range"": [300, 700], ""total_daily_range"": [5100, 19200]}",Spiritual | Yoga | Ganga_ghats | Adventure,Ganga Aarti at Haridwar and Rishikesh ghats | Ashrams and yoga/meditation centres | Suspension bridges like Lakshman Jhula (and new bridge) | Rafting and short hikes in surrounding hills,Yoga classes and retreats | Evening Ganga Aarti | White-water rafting (seasonal) | Temple and ashram visits,"Gateway to the Himalayas where Ganga emerges from the hills, combining yoga, spiritual stays and soft adventure.[web:273][web:274][web:277]",Small ashrams upriver from main town ghats | Quiet morning walks on less-crowded river stretches,September–April for comfortable weather and active yoga/retreat calendar.[web:273][web:274],Peak monsoon for high river levels and landslides; high summer afternoons can be hot in Haridwar.[web:274],"Festivals, long weekends and winter months; Char Dham season brings high pilgrim flows through Haridwar–Rishikesh.[web:273][web:277]","Monsoon and very hot weeks before rains, except for serious sadhaks who stay year-round","{""winter"": ""6-22°C"", ""summer"": ""24-38°C"", ""monsoon"": ""22-30°C""}",North Indian monsoon with occasional intense spells that raise Ganga levels.[web:274],Yoga_seekers | First_time_spiritual_travellers | Families,"{""Yoga_seekers"": ""Global reputation as ‘yoga capital’, with teacher-training and shorter retreats.[web:273][web:274]"", ""First_time_spiritual_travellers"": ""Easy logistics and wide range of ashrams and hotels at different budgets.[web:273]""}",Alcohol and non-vegetarian food are restricted in many parts of Rishikesh; respect river safety advisories during rafting and high flow.,2.0,3.0,7,"Combine Haridwar evening Aarti with 2–5 days in Rishikesh focusing on yoga, river walks and short hill excursions.[web:273][web:274]",Ashrams and dharamshalas | Budget guesthouses | Boutique Ganga-facing resorts,Predominantly vegetarian with many cafes serving Indian and continental health-focused dishes.[web:273],9,Very popular with solo and foreign travellers; main risks are river currents and occasional crowd surges at ghats.,"Strong 4G and Wi‑Fi in most ashrams, cafes and hotels.",Jio | Airtel | Vi,Ample ATMs in both towns.,Hindi | Garhwali | English widely in tourism.[web:273],False,"Deeply religious Ganga-town culture with daily rituals, kirtans and satsangs.","Kumbh (periodic in Haridwar), Kanwar Yatra, Ganga Dussehra and numerous ashram events.[web:277]",Dress modestly at ghats and temples; avoid photography during worship where restricted.,Rudraksha beads and spiritual books | Ayurvedic products and yoga gear,Simple ashram thalis | Street-side chole–bhature and lassi in Haridwar,2026-01-12,web:273 | web:274 | web:277,"Frequently rated among India’s top spiritual journeys, combining accessibility with a strong yoga and Ganga focus.[web:273][web:274]",Featured in multiple ‘spiritual journeys’ and ‘Himalayan yoga route’ write‑ups for 2025.[web:274][web:277],"Avoid plastic near the river, participate in ghat clean‑ups where offered and use biodegradable offerings.",Rishikesh & Haridwar (Himalayan Yoga Route),Not required
92,Uttar Pradesh,Varanasi,North India,25.31,83.01,80,10,Easy,"{""name"": ""Varanasi (Lal Bahadur Shastri) Airport"", ""distance_km"": 22}","{""name"": ""Varanasi Junction / Banaras"", ""distance_km"": 2}",Prayagraj,120,Connected to major north Indian cities by highways and frequent trains; city traffic is dense in old quarters.[web:274][web:276][web:277],"{""accommodation_range"": [700, 1800], ""food_range"": [200, 450], ""activities_range"": [200, 600], ""local_transport_range"": [200, 500], ""total_daily_range"": [1300, 3350]}","{""accommodation_range"": [1800, 4000], ""food_range"": [300, 700], ""activities_range"": [300, 800], ""local_transport_range"": [300, 700], ""total_daily_range"": [2700, 6200]}","{""accommodation_range"": [4000, 18000], ""food_range"": [600, 1200], ""activities_range"": [500, 1200], ""local_transport_range"": [400, 900], ""total_daily_range"": [5500, 21300]}",Spiritual | Heritage | Ganga_ghats,Ganga ghats including Dashashwamedh and Assi | Kashi Vishwanath Temple corridor | Morning and evening Ganga Aarti | Boat rides on the river,Sunrise and sunset boat rides | Walking tours of lanes and ghats | Temple darshans and ritual observance,"One of the world’s oldest living cities, with continuous ritual life along the Ganga and dense historic lanes.[web:274][web:276][web:277]",Less-crowded southern ghats near Assi in early morning | Small akharas and temples tucked inside alleys,October–March for more comfortable temperatures and clear river mornings.[web:274][web:276],Peak summer heat and humidity; some monsoon weeks with very high river levels.,"Winter months, festivals like Dev Deepawali and Kartik Purnima; also popular during key Hindu festivals.[web:274][web:277]",Mid-summer and parts of monsoon (excluding festival dates),"{""winter"": ""8-24°C"", ""summer"": ""26-42°C"", ""monsoon"": ""24-32°C""}",Typical Ganga plain monsoon; high water can submerge lower ghat steps.,Spiritual_travellers | Photographers | Culture_seekers,"{""Spiritual_travellers"": ""Ghats and temples form a focused ‘Varanasi Ganga Ghats Pilgrimage’ route highlighted in modern spiritual itineraries.[web:274][web:277]"", ""Photographers"": ""Atmospheric light, boats and rituals create powerful visual scenes.""}",Crowded and intense; stay aware of belongings in narrow lanes and respect people’s privacy during funerary rituals.,2.0,3.0,5,"Mix 2–3 ghats per day with one sunrise and one evening Aarti boat, plus time in Kashi Vishwanath corridor and old city walks.[web:274]",Ghat-facing guesthouses | Budget hotels | Heritage and boutique stays,"Mostly vegetarian, with street food staples like kachori–sabzi, chaat and sweets, plus cafes in touristy pockets.[web:274]",8,"Chaotic but generally safe; main risks are crowds, traffic and occasional scams.",Good 4G in most parts of the city; some ghats have patchier coverage.,Jio | Airtel | Vi,Numerous ATMs across city.,Hindi | Bhojpuri | English widely used with tourists.[web:274],False,"Strongly devotional Hindu culture with continuous aartis, yagya and Sanskrit chanting traditions.","Dev Deepawali, Kartik month rituals, Holi (nearby), and countless local temple festivals.[web:274][web:277]",Dress modestly; remove footwear at temples; avoid photography at cremation ghats unless explicitly allowed.,"Rudraksha, religious books and brassware | Silk sarees from local weavers",Banarasi paan | Kachori–sabzi and jalebi breakfast | Lassi from traditional shops,2026-01-12,web:274 | web:276 | web:277,"Described as intense, moving and unforgettable; often included in ‘transformative routes’ lists for spiritual India.[web:274][web:277]",New Kashi Vishwanath corridor infrastructure and riverfront improvements have changed visitor flows in recent years.[web:272][web:277],"Use eco-friendly offerings, avoid throwing plastic into the river and support ghats that host clean‑up efforts.",Varanasi Ganga Ghats Pilgrimage,Not required
93,Bihar,Gaya,East India,24.7,84.99,113,9,Moderate,"{""name"": ""Gaya Airport"", ""distance_km"": 10}","{""name"": ""Gaya Junction"", ""distance_km"": 15}",Patna,110,"Connected by highways to Patna and neighbouring states; forms part of the broader Buddhist Circuit linking Sarnath, Kushinagar, Lumbini etc.[web:274][web:276]","{""accommodation_range"": [700, 1800], ""food_range"": [200, 450], ""activities_range"": [200, 500], ""local_transport_range"": [200, 500], ""total_daily_range"": [1300, 3250]}","{""accommodation_range"": [1800, 3800], ""food_range"": [300, 700], ""activities_range"": [300, 800], ""local_transport_range"": [300, 700], ""total_daily_range"": [2700, 6000]}","{""accommodation_range"": [3800, 12000], ""food_range"": [600, 1200], ""activities_range"": [400, 900], ""local_transport_range"": [400, 900], ""total_daily_range"": [5200, 15300]}",Spiritual | Buddhist_circuit | Heritage,Mahabodhi Temple Complex (UNESCO) | Bodhi Tree and meditation paths | International monasteries from various Buddhist countries,Meditation and retreats | Temple circumambulation and puja | Visits to nearby Buddhist sites in the circuit,"Site of Buddha’s enlightenment, drawing monks, meditators and pilgrims from across the world.[web:274][web:276]",Quiet predawn and late-night meditation times at temple complex (when permitted) | Smaller monasteries representing different Buddhist traditions,October–March for pleasant weather and active international pilgrimage season.[web:274],Peak summer heat; some monsoon periods for humidity and waterlogging.,"Winter months, especially around major Buddhist festivals and teaching events.[web:274]",Hot months with fewer foreign groups; useful for very quiet retreats,"{""winter"": ""8-24°C"", ""summer"": ""28-42°C"", ""monsoon"": ""24-32°C""}",Ganga plain monsoon with occasional heavy spells.[web:274],Meditation_practitioners | Buddhist_pilgrims | Culture_seekers,"{""Meditation_practitioners"": ""Highlighted as a core stop on the ‘Bodh Gaya Buddhist Circuit’ route in spiritual travel features.[web:274]"", ""Buddhist_pilgrims"": ""Global Buddhist community convergence with teachings, retreats and ceremonies.""}","Respect temple rules regarding silence, dress and photography; security can be tight during peak events.",2.0,3.0,5,"Spend 2–3 days based in Bodh Gaya combining temple time, monastery visits and short trips to nearby associated sites.[web:274]",Guesthouses | Pilgrim lodges | Mid-range hotels,Simple vegetarian and multi‑cuisine cafes serving travellers and monastic communities.[web:274],8,Pilgrimage town; normal precautions; avoid very late‑night solitary walks away from main zones.,4G in town; Wi‑Fi in most guesthouses and cafes.,Jio | Airtel | Vi,ATMs in town and nearby city of Gaya.,Hindi | Magahi/Bhojpuri | English commonly used with pilgrims.[web:274],False,Mix of local Bihari communities with international Buddhist presence.,Buddha Purnima and periodic large‑scale teachings by senior monks and teachers.[web:274],Dress modestly and move clockwise (pradakshina) around sacred structures as per traditions.,Buddhist statues and ritual items | Books and CDs on meditation and teachings,Simple thalis at pilgrim restaurants | Tea and snacks at monastery canteens,2026-01-12,web:274 | web:276,"Frequently described as calm and deeply contemplative, particularly beyond peak hours in temple complex.[web:274]",Highlighted among key UNESCO‑linked spiritual circuits and improved under national tourism schemes.[web:272][web:276],Help keep temple grounds quiet and clean; avoid overuse of plastic near sacred areas.,Bodh Gaya Buddhist Circuit Hub,Not required
94,Tamil Nadu,Ramanathapuram,South India,9.29,79.31,10,8,Moderate,"{""name"": ""Madurai Airport"", ""distance_km"": 175}","{""name"": ""Rameswaram"", ""distance_km"": 1}",Madurai,170,Linked to mainland via iconic Pamban Bridge; buses and cars connect from Madurai and other Tamil Nadu cities.[web:274][web:276],"{""accommodation_range"": [700, 1600], ""food_range"": [200, 450], ""activities_range"": [100, 400], ""local_transport_range"": [200, 400], ""total_daily_range"": [1200, 2850]}","{""accommodation_range"": [1600, 3500], ""food_range"": [300, 700], ""activities_range"": [200, 600], ""local_transport_range"": [300, 600], ""total_daily_range"": [2400, 5450]}","{""accommodation_range"": [3500, 10000], ""food_range"": [600, 1200], ""activities_range"": [400, 800], ""local_transport_range"": [300, 700], ""total_daily_range"": [4800, 12700]}",Spiritual | Coastal | Pilgrimage,Ramanathaswamy Temple and long pillared corridors | Sacred ‘teerthams’ (water bodies) and sea dips | Pamban Bridge views and coastal scenery,Temple darshans and ritual baths at designated wells/ghats | Walks along sea and bridge viewpoints | Short drives to Dhanushkodi ruins and beaches,A coastal pilgrimage combining legendary Ramayana associations with a ritual walk through multiple sacred water points.[web:274],Early‑morning temple visits before crowds build | Quiet stretches of coast near Dhanushkodi on non‑holiday weekdays,October–March for relatively milder heat and calmer seas.[web:274],Peak summer and days with active cyclonic systems in Bay of Bengal.,"Festival periods, school vacations and long weekends; temple lines can be long.[web:274]",Non‑festival weekdays outside winter,"{""winter"": ""22-30°C"", ""summer"": ""28-36°C"", ""monsoon"": ""26-32°C""}","Influenced by both south‑west and north‑east monsoon, with heaviest spells in Oct–Dec.[web:274]",Devotees | Culture_plus_sea_travellers | Families,"{""Devotees"": ""Listed in spiritual‑journey guides as ‘Rameswaram Sacred Water Walk’ for its many teerthams.[web:274]"", ""Culture_plus_sea_travellers"": ""Temple plus coastal landscapes and Pamban views make for a rounded trip.""}",Strict dress norms for certain temple areas; check timings and rules for water rituals; sea can have strong currents.,1.0,2.0,3,One full day for main temple and teerthams; additional day for Dhanushkodi and relaxed coast drives.[web:274],Pilgrim lodges | Budget and mid‑range hotels | A few seaside resorts,Vegetarian and coastal South Indian cuisine dominated by tiffin items and thalis.,9,Pilgrim town; common‑sense precautions; follow official warnings about sea entry.,Functional 4G in town; patchy in some outlying coastal stretches.,Jio | Airtel | Vi,ATMs in town and on approach roads.,Tamil | Hindi (to some extent) | English in tourism.[web:274],False,Devotional Shaivite town with strong temple economy and seafaring links.,Shivratri and other major Hindu festival days see big inflows.[web:274],Maintain decorum during rituals; follow temple queues and instructions from priests.,Religious souvenirs and shells (ensure not from protected species) | Local snacks and sweets,South Indian filter coffee | Temple‑town vegetarian meals,2026-01-12,web:274 | web:276,Described as spiritually intense and visually striking due to long corridors and the surrounding sea.[web:274],"Featured as ‘Rameswaram Sacred Water Walk’ in recent spiritual‑route articles, highlighting teertham sequences.[web:274]",Avoid soap/shampoo in sea or teerthams; use eco‑friendly offerings and minimise plastic at ghats.,Rameswaram & Pamban Coast (Sacred Water Walk),Not required
95,Karnataka,Vijayanagara / Bagalkot,South India,15.33,76.46,470,9,Moderate,"{""name"": ""Hubballi / Ballari (regional)"", ""distance_km"": 140}","{""name"": ""Hosapete (for Hampi) / Badami (for Pattadakal)"", ""distance_km"": 13}",Bengaluru,340,"Good highways connect Bengaluru, Goa and Hyderabad to Hosapete–Hampi; Pattadakal is accessed via Badami–Aihole road network.[web:276][web:279]","{""accommodation_range"": [800, 2000], ""food_range"": [250, 500], ""activities_range"": [200, 600], ""local_transport_range"": [300, 700], ""total_daily_range"": [1550, 3800]}","{""accommodation_range"": [2000, 4500], ""food_range"": [400, 900], ""activities_range"": [400, 900], ""local_transport_range"": [400, 900], ""total_daily_range"": [3200, 7200]}","{""accommodation_range"": [4500, 15000], ""food_range"": [700, 1500], ""activities_range"": [700, 1800], ""local_transport_range"": [500, 1000], ""total_daily_range"": [6400, 19300]}",Heritage | UNESCO | Photography,Ruins and temple complexes of Hampi (UNESCO) | Vittala Temple and Stone Chariot | Pattadakal temple complex (UNESCO) | Nearby Badami caves and Aihole early temples,Guided heritage walks and cycling | Sunrise/sunset viewpoints over boulder landscapes | Day trips linking Hampi with Pattadakal–Badami–Aihole,"Surreal boulder‑strewn landscapes dotted with Vijayanagara capital ruins, combined with early temple experiments and Chalukyan art nearby.[web:276][web:279]",Less‑visited shrines and river‑side ghats in Hampi | Smaller structures in Aihole with early experimentation,October–March for bearable daytime heat and clearer skies.[web:276][web:279],Peak summer; some monsoon weeks when paths become slick among boulders.,Winter holidays and long weekends; also around major local festivals.[web:276],Shoulder months and hotter weeks (for those tolerant of heat),"{""winter"": ""16-30°C"", ""summer"": ""26-40°C"", ""monsoon"": ""22-32°C""}",Semi‑arid with moderate monsoon; boulders and ruins dry quickly after showers.[web:276],History_buffs | Architecture_lovers | Backpackers,"{""History_buffs"": ""Featured in UNESCO circuits as must‑visit for Vijayanagara and Chalukyan architecture.[web:276][web:279]"", ""Architecture_lovers"": ""Mix of Dravidian and Nagara styles, cave temples and monumental complexes.""}",Large area and strong sun; plan early‑morning and late‑afternoon sightseeing and carry enough water.,2.0,3.0,5,"Spend 2–3 days around Hampi core ruins, then 1–2 days for Pattadakal–Badami–Aihole day trips or overnights.[web:276][web:279]",Guesthouses in Hampi/Hosapete | Mid‑range hotels | A few upscale resorts,"Simple South Indian, North Indian and traveller‑oriented cafes near main bazaar zones.[web:279]",9,Generally safe; be cautious on boulder edges and deserted ruins after dark.,4G in Hosapete and most village cores; may weaken inside deeper ruin clusters.,Jio | Airtel | Vi,ATMs in Hosapete and main villages.,Kannada | Hindi | English used widely in tourism.[web:279],False,Rural Karnataka communities interwoven with heritage tourism economy.,Hampi Utsav and other cultural events highlight music and dance against monument backdrops.[web:276],Avoid climbing on fragile structures; follow ASI guidelines at sites.,Local handicrafts and small stone carvings | Simple souvenirs and textiles,South Indian tiffin at local eateries | Special vegetarian thalis,2026-01-12,web:276 | web:279,"Rated as one of India’s most rewarding heritage landscapes, with many visitors recommending at least 3 days.[web:276][web:279]",Featured among ‘UNESCO World Heritage circuits’ and in South India UNESCO tours.[web:276][web:279],"Stick to marked paths, avoid graffiti and support local guides trained in heritage interpretation.",Hampi & Pattadakal (UNESCO Vijayanagara–Chalukya Circuit),Not required
96,Jammu and Kashmir,Baramulla,North India,34.05,74.38,2650,9,Moderate,"{""name"": ""Srinagar Airport"", ""distance_km"": 50}","{""name"": ""Srinagar/Udhampur (via road)"", ""distance_km"": 50}",Srinagar,50,Hill road from Srinagar to Gulmarg; winter snow can impact driving time but route is popular and well‑used.[web:275][web:278],"{""accommodation_range"": [1500, 3000], ""food_range"": [400, 900], ""activities_range"": [1200, 2500], ""local_transport_range"": [500, 1200], ""total_daily_range"": [3600, 7600]}","{""accommodation_range"": [3000, 7000], ""food_range"": [700, 1500], ""activities_range"": [2000, 3500], ""local_transport_range"": [700, 1500], ""total_daily_range"": [6400, 13500]}","{""accommodation_range"": [7000, 22000], ""food_range"": [1200, 2500], ""activities_range"": [3000, 6000], ""local_transport_range"": [1000, 2000], ""total_daily_range"": [12200, 32700]}",Skiing | Snow_destination | Mountain,Gulmarg Gondola (one of highest cable cars) | Deep‑snow ski slopes and powder runs | Meadows and pine forests turning into ski terrain in winter,Skiing and snowboarding (varied difficulty) | Snow play and sledging | Gondola rides for vistas and high‑altitude access,"Global‑level ski terrain with high‑altitude powder slopes and a famous gondola, set within classic Kashmir scenery.[web:275][web:278]",Off‑piste runs for advanced skiers with guides | Quieter snow meadows away from main crowd belts,"December–March for snow sports, with peak conditions often Jan–Feb.[web:275][web:278]",Shoulder weeks with slushy snow; heavy storm days when lifts may be closed.,Winter school holidays and long weekends; also busy in summer for meadows and views.[web:275],Late spring and autumn shoulder periods with fewer visitors,"{""winter"": ""-8-6°C"", ""summer"": ""10-22°C"", ""monsoon"": ""12-20°C""}",Snowfall dominates winter; shoulder months see rain/snow mix.,Skiers_and_snowboarders | Snow_lovers | Adventure_travellers,"{""Skiers_and_snowboarders"": ""Described as ‘Himalayan ski paradise’ with terrain for beginners to professionals.[web:275][web:278]"", ""Adventure_travellers"": ""Heli‑skiing and off‑piste options suit experienced riders.[web:278]""}",Avalanche and weather risks at higher slopes; always ski with certified guides and follow official advisories.[web:278],2.0,3.0,7,"Base in Gulmarg for 3–5 days with mix of lessons, free skiing and gondola‑top sessions, plus Srinagar side‑trip before/after.[web:278]",Heritage hotels | Modern ski resorts | Budget lodges,Kashmiri and North Indian dishes with hearty winter meals in hotels and dhabas.[web:275],7,Terrain and snowpack present real risks; choose reputable operators for skiing and gondola‑top activities.[web:278],Variable; main hotels usually offer Wi‑Fi; mobile data quality depends on current J&K restrictions and networks.,Jio | Airtel and others subject to regional policy at the time.[web:278],Limited ATMs in/around Gulmarg; carry some cash from Srinagar.,Kashmiri | Urdu | Hindi | English in tourism.[web:275],False,Mountain communities with tourism and pastoral livelihoods; winter economy strongly ski‑oriented.,Winter sports events and ski competitions occasionally organised.,Negotiation for sleds/ponies is common; agree prices clearly beforehand.,Woollens and pashmina (better verified in Srinagar) | Small souvenirs in local shops,Kashmiri wazwan dishes (mostly in Srinagar) | Noon chai and kahwa,2026-01-12,web:275 | web:278,Frequently cited as India’s premier adventure ski destination with stunning views and serious powder.[web:275][web:278],Highlighted in 2025–26 lists of top snow destinations and ski‑comparisons with Auli.[web:275][web:278],Respect off‑piste guidelines; avoid littering slopes and support operators who follow mountain‑safety norms.,Gulmarg (Kashmir Ski & Snow Destination),Not required
97,Uttarakhand,Chamoli,North India,30.53,79.57,2800,8,Difficult,"{""name"": ""Dehradun (Jolly Grant) Airport"", ""distance_km"": 280}","{""name"": ""Rishikesh / Haridwar"", ""distance_km"": 260}",Dehradun,300,Mountain roads via Rishikesh–Joshimath; cable car and mountain roads connect Joshimath to Auli slopes.[web:275][web:278],"{""accommodation_range"": [1200, 2500], ""food_range"": [300, 700], ""activities_range"": [800, 1500], ""local_transport_range"": [500, 1200], ""total_daily_range"": [2800, 5900]}","{""accommodation_range"": [2500, 6000], ""food_range"": [600, 1200], ""activities_range"": [1200, 2200], ""local_transport_range"": [700, 1500], ""total_daily_range"": [5000, 10900]}","{""accommodation_range"": [6000, 16000], ""food_range"": [900, 1800], ""activities_range"": [2000, 3500], ""local_transport_range"": [900, 1800], ""total_daily_range"": [9800, 23100]}",Skiing | Snow_destination | Mountain,Groomed ski slopes with Nanda Devi views | Chair‑lifts and cable car rides | Snow activities for beginners and families,Skiing lessons and guided runs | Snow play and simple sledding | Short treks and viewpoint walks,"Well‑structured, family‑friendly ski slopes with spectacular Himalayan backdrops.[web:275][web:278]",Quiet slope segments early in the day | Nearby viewpoints away from main lift lines,January–March for reliable snow on slopes and comfortable winter stays.[web:275][web:278],Weeks with patchy snowfall; monsoon when access roads can be affected.,Winter holiday weeks and long weekends; also busy during specific snow‑festival events.[web:275],Most of year outside snow window; summer sees some trekking traffic but no skiing,"{""winter"": ""-4-8°C"", ""summer"": ""10-22°C"", ""monsoon"": ""12-18°C""}","Snow in winter, rain in shoulder/monsoon; road conditions can be impacted by weather.",First_time_skiers | Families | Snow_view_lovers,"{""First_time_skiers"": ""Article comparisons emphasise Auli’s smooth, groomed slopes and structured facilities for beginners.[web:275][web:278]"", ""Families"": ""Compact resort‑style setting with designated learning areas and local trainers.[web:278]""}",Long drive times; altitude acclimatisation helpful; book ski equipment and instruction in advance for peak weeks.[web:278],2.0,3.0,5,Rishikesh–Joshimath–Auli circuit with 2–4 snow days followed by down‑valley spiritual stops.[web:278],Ski resorts | GMVN and private hotels | Guesthouses in Joshimath,Hotel‑based dining with North Indian and Garhwali dishes; limited independent cafes in peak snow belt.,8,"Structured slopes reduce risk, but beginners must follow instructor guidance and slope rules.[web:278]",Basic 4G/Wi‑Fi around resorts and Joshimath; may be slow during bad weather.,"Jio | Airtel, BSNL (coverage varies with terrain).[web:278]",ATMs mainly in Joshimath; carry cash to Auli.,Hindi | Garhwali | Basic English with ski instructors and hotel staff.[web:278],False,Garhwali hill communities; winter months bring seasonal tourism focus.,Occasional skiing championships and winter events.[web:275],Respect local temple norms in Joshimath and surrounding villages.,Woollens and small souvenirs in Joshimath,Garhwali dishes like aloo ke gutke | Simple hot pahadi meals in cold weather,2026-01-12,web:275 | web:278,"Well liked by families and first‑time skiers; often contrasted with Gulmarg as the gentler, more organised option.[web:275][web:278]",Featured heavily in 2025 ‘snow destinations’ and Auli‑vs‑Gulmarg comparisons.[web:275][web:278],"Keep slopes clean, avoid off‑trail damage to vegetation and minimise vehicle idling around snow zones.",Auli (Garhwal Ski & Snow Resort),Not required
98,Tamil Nadu,Tiruvannamalai,South India,12.23,79.07,200,7,Moderate,"{""name"": ""Chennai Airport"", ""distance_km"": 190}","{""name"": ""Tiruvannamalai"", ""distance_km"": 1}",Vellore / Chennai,90,"State highways connect from Chennai, Bengaluru and Puducherry; part of southern spiritual routes.[web:274]","{""accommodation_range"": [600, 1500], ""food_range"": [150, 400], ""activities_range"": [100, 300], ""local_transport_range"": [150, 400], ""total_daily_range"": [1000, 2600]}","{""accommodation_range"": [1500, 3200], ""food_range"": [250, 600], ""activities_range"": [150, 400], ""local_transport_range"": [200, 500], ""total_daily_range"": [2100, 4700]}","{""accommodation_range"": [3200, 9000], ""food_range"": [400, 900], ""activities_range"": [200, 600], ""local_transport_range"": [300, 700], ""total_daily_range"": [4100, 11200]}",Spiritual | Ashram | Pilgrimage,Arunachaleswarar Temple | Ramana Maharshi Ashram | Girivalam/Pradakshina (circumambulation) of Arunachala hill,Temple darshans and aartis | Meditation and satsangs at ashrams | Hill circumambulation walk (14–15 km),Fire‑element associated hill considered a powerful spiritual centre for self‑inquiry and meditation.[web:274],Quieter ashrams and satsang venues beyond main centres | Predawn or late‑night girivalam on non‑festival days (with safety in mind),November–March for cooler walking temperatures.[web:274],Hottest late‑summer weeks for long barefoot walks; heavy‑rain days.,Full‑moon nights and Karthigai Deepam festival when massive crowds arrive.[web:274],Non‑festival weekdays and off‑moon days for quieter stays,"{""winter"": ""20-30°C"", ""summer"": ""28-40°C"", ""monsoon"": ""24-32°C""}",Receives north‑east monsoon rains in Oct–Dec.,Meditation_seekers | Spiritual_solo_travellers | Ashram_visitors,"{""Meditation_seekers"": ""Recommended as ‘Inner Fire Journey’ in spiritual‑routes lists, focused on introspection and self‑enquiry.[web:274]"", ""Ashram_visitors"": ""Multiple ashrams and satsang centres near Arunachala.""}",Crowds and traffic around full‑moon girivalam; book stays early for major festival dates.,2.0,3.0,7,"Split time between temple visits, one full girivalam and quiet days at ashram or retreat centres.[web:274]",Ashram guest rooms | Budget lodges | Simple hotels and a few boutique stays,Mostly vegetarian tiffin and thalis; ashram food is simple and sattvic.,8,Town is busy but manageable; avoid walking isolated stretches late at night without company.,4G in town; some ashrams intentionally keep Wi‑Fi limited.,Jio | Airtel | Vi,ATMs in town centre.,Tamil | Hindi to some extent | English at ashrams.[web:274],False,Strong Shaivite devotional culture with continuous worship and pilgrim movement.,"Karthigai Deepam, full‑moon girivalam days and numerous temple festivals.[web:274]",Dress modestly; many people walk girivalam barefoot as a vow.,Religious books and photos | Incense and small souvenirs,Simple South Indian meals | Filter coffee in local tiffin shops,2026-01-12,web:274,Regarded as intense but inward‑focused pilgrimage town; many visitors return annually for spiritual practice.[web:274],Highlighted as ‘Tiruvannamalai Inner Fire Journey’ in long‑form spiritual route guides.[web:274],"Keep the girivalam path clean, avoid plastic offerings and respect forested flanks of Arunachala.",Tiruvannamalai & Arunachala (Inner Fire Journey),Not required
99,Madhya Pradesh / Chhattisgarh border,Anuppur region,Central India,22.67,81.75,1065,6,Moderate,"{""name"": ""Jabalpur / Raipur (farther)"", ""distance_km"": 230}","{""name"": ""Pendra Road / Anuppur"", ""distance_km"": 40}",Jabalpur / Bilaspur,230,Hilly forest roads connect from Madhya Pradesh and Chhattisgarh; part of emerging nature‑spiritual itineraries.[web:274],"{""accommodation_range"": [600, 1500], ""food_range"": [150, 400], ""activities_range"": [100, 300], ""local_transport_range"": [200, 500], ""total_daily_range"": [1050, 2700]}","{""accommodation_range"": [1500, 3200], ""food_range"": [250, 600], ""activities_range"": [150, 400], ""local_transport_range"": [300, 600], ""total_daily_range"": [2200, 4800]}","{""accommodation_range"": [3200, 8000], ""food_range"": [400, 900], ""activities_range"": [200, 600], ""local_transport_range"": [400, 800], ""total_daily_range"": [4200, 10300]}",Spiritual | Nature | Offbeat,Source region of Narmada and Son rivers | Temples and ashrams amidst forests | Nearby waterfalls and viewpoints,Temple and river‑source visits | Short hikes to falls and forest viewpoints | Meditation and ashram stays,"Jungle‑edge plateau with river origins, mixing quiet nature with low‑key spiritual sites.[web:274]",Less‑visited streams and smaller shrines in forested areas | Off‑peak weekday walks along river‑source paths,"October–March for cool, dry weather and walkable trails.[web:274]","Heavy monsoon for leechy, slippery trails; very hot pre‑monsoon months.",Winter vacation weeks and certain festival dates.[web:274],Monsoon and hot months; suited only to those prepared for basic conditions,"{""winter"": ""10-24°C"", ""summer"": ""24-36°C"", ""monsoon"": ""20-28°C""}",Forest plateau monsoon; streams and waterfalls swell in rains.[web:274],Nature_spiritual_seekers | Offbeat_travellers | Small_groups,"{""Nature_spiritual_seekers"": ""Highlighted as ‘Amarkantak Nature–Spiritual Loop’ blending river origins and simple ashrams.[web:274]"", ""Offbeat_travellers"": ""Low footfall and basic facilities keep it relatively uncommercial.""}",Facilities and healthcare are basic; good for those comfortable with small‑town infrastructure.,2.0,2.0,4,"Spend 2–3 nights visiting river sources, nearby falls and ashrams, combining with wider MP/Chhattisgarh trips.[web:274]",Simple lodges | Dharamshalas and ashram stays,Basic vegetarian meals; limited restaurant variety.,8,Quiet and generally safe; exercise caution on forest trails and near waterfall edges.,"Limited; some 4G near town centre, weaker deeper into forest.",Jio | Airtel | BSNL (patchy in some areas).[web:274],ATMs in nearby small towns; carry cash for local spending.,Hindi | Local dialects | Very limited English.[web:274],False,Central Indian hill communities with strong river‑reverence traditions.,Local river festivals and religious gatherings at origin points.[web:274],Maintain silence and cleanliness at river‑source spots regarded as highly sacred.,Small religious items and local snacks,Simple thalis at local dhabas,2026-01-12,web:274,"Not as famous as big pilgrim towns but appreciated by those seeking a green, uncrowded spiritual escape.[web:274]",Appears in new ‘spiritual journeys’ lists as a nature‑linked alternative to urban centres.[web:274],"Carry trash out of forests, avoid loud music and respect wildlife presence on trails.",Amarkantak Nature–Spiritual Loop,Not required
100,Uttarakhand,Haridwar / Dehradun / Garhwal,North India,30.0,78.2,300,10,Moderate,"{""name"": ""Dehradun (Jolly Grant) Airport"", ""distance_km"": 25}","{""name"": ""Haridwar Junction / Rishikesh"", ""distance_km"": 0}",Dehradun,45,Starting point for Char Dham and multiple Himalayan yatras; extensive bus and taxi networks operate in season.[web:273][web:274][web:277],"{""accommodation_range"": [600, 1600], ""food_range"": [150, 350], ""activities_range"": [100, 300], ""local_transport_range"": [200, 500], ""total_daily_range"": [1050, 2750]}","{""accommodation_range"": [1600, 3500], ""food_range"": [250, 600], ""activities_range"": [150, 400], ""local_transport_range"": [300, 600], ""total_daily_range"": [2300, 5100]}","{""accommodation_range"": [3500, 15000], ""food_range"": [500, 1200], ""activities_range"": [300, 800], ""local_transport_range"": [400, 800], ""total_daily_range"": [4700, 17800]}",Spiritual | Pilgrimage_hub | Family,"Gateway status for Char Dham Yatra (Yamunotri, Gangotri, Kedarnath, Badrinath) | Haridwar and Rishikesh ghats and ashrams | Organised yatra packages originating here",Short local darshans and Ganga Aarti | Start/end‑point rituals for longer yatras | Booking and orientation for hill pilgrimages,Serves as basecamp for some of India’s most significant Himalayan pilgrimages while also offering stand‑alone spiritual stays.[web:273][web:274][web:277],Small family‑run dharamshalas favoured by repeat pilgrims | Off‑season quiet days on selected ghats,"Char Dham window (roughly April/May–Oct, excluding heavy‑rain weeks) plus separate Sep–Apr spiritual‑stay season.[web:273][web:277]",Peak monsoon for landslides in upper Garhwal; very hot May days for those not proceeding uphill.,Char Dham peak months and major festivals like Kumbh years; spiritual travel trends cite strong demand.[web:273][web:277],"Non‑yatra monsoon stretch and some winter weeks, when hill shrines are closed","{""winter"": ""8-24°C (plains level)"", ""summer"": ""24-38°C"", ""monsoon"": ""22-30°C""}",Monsoon impacts onward routes more than base towns; still sees heavy showers.[web:274],Pilgrim_families | Organised_tour_groups | First_time_Himalayan_pilgrims,"{""Pilgrim_families"": ""Char Dham packages commonly bundle Haridwar–Rishikesh orientation nights.[web:273]"", ""First_time_Himalayan_pilgrims"": ""Infrastructure, guides and tour operators concentrated here for spiritual tourism.[web:277]""}",Char Dham routes demand fitness and altitude tolerance; check health and travel insurance; follow official advisories closely.[web:273][web:277],1.0,2.0,4,"1–2 nights to acclimatise, attend Aarti and finalise logistics before moving to Char Dham or other Himalayan routes.[web:273]",Dharamshalas and ashrams | Budget–mid hotels | Upscale riverfront retreats,Vegetarian restaurants and langar/annadan setups for pilgrims.,8,"City segments busy; main risks relate to onward hill travel and crowds, not crime.[web:277]",Good 4G; vital for coordination of hill logistics and weather checks.,Jio | Airtel | Vi,Ample ATMs and banking services.,Hindi | Garhwali | English widely in tourism.[web:273],False,Highly devotional Ganga towns with strong yatra support ecosystem.,"Kumbh (periodically), Kanwar Yatra and multiple fairs create intense surges.[web:277]",Queue discipline and modest dress are expected; respect lane closures and police directions in festival time.,"Yatra essentials, woollens and spiritual items | Ayurvedic medicines and books",Simple bhojanalay thalis | Street chaat and sweets before/after yatra,2026-01-12,web:273 | web:274 | web:277,Seen as the natural jumping‑off point for major Himalayan pilgrimages; spiritual‑tour trend pieces cite strong demand from all age groups.[web:273][web:277],Mentioned in reports on growth of religious tourism and expanded infrastructure under national schemes.[web:272][web:277],"Travel in smaller groups where possible, avoid litter during yatras and adhere to hill‑route carrying‑capacity advisories.",Haridwar–Rishikesh–Char Dham Spiritual Trail (Meta‑Circuit Node),Not required
