hotel_name,hotel_rating,city,amenities,hotel_price
Crowne Plaza Kochi,4.6,Kochi,"5-star hotel, Free breakfast, Free Wi-Fi, Free parking, Pool, Hot tub, Air conditioning, Fitness center, Spa",8854.0
Trident Hotel Cochin,4.5,Kochi,"5-star hotel, Free breakfast, Wi-Fi, Free parking, Pool, Air conditioning, Fitness center, Spa, Restaurant",6441.0
The Galaxy Suites,3.8,Kochi,"Apartment, Sleeps 10, Free parking, Free Wi-Fi, No air conditioning, No airport shuttle, No beach access, No elevator, No fireplace",831.0
The Renai cochin,4.2,Kochi,"4-star hotel, Free breakfast, Free Wi-Fi, Free parking, Pool, Air conditioning, Fitness center, Spa, Bar",2768.0
Ramada by Wyndham Kochi,4.5,Kochi,"5-star hotel, Breakfast, Free Wi-Fi, Free parking, Pool, Air conditioning, Fitness center, Spa, Bar",8938.0
"Radisson Blu Hotel, Kochi",4.3,Kochi,"5-star hotel, Breakfast, Free Wi-Fi, Free parking, Pool, Hot tub, Air conditioning, Fitness center, Spa",6061.0
"Holiday Inn Cochin, an IHG Hotel",4.4,Kochi,"5-star hotel, Breakfast, Free Wi-Fi, Free parking, Pool, Air conditioning, Fitness center, Bar, Restaurant",5689.0
OAK FIELD INN,3.8,Kochi,"Free breakfast, Wi-Fi, Free parking, Air conditioning, Restaurant, Kitchen, Full-service laundry, Kid-friendly, 0",819.0
Grand Hyatt Kochi Bolgatty,4.7,Kochi,"5-star hotel, Breakfast, Free Wi-Fi, Free parking, Pool, Hot tub, Air conditioning, Fitness center, Spa",14282.0
Hotel South Gate Residency,3.9,Kochi,"3-star hotel, Breakfast, Free Wi-Fi, Free parking, Air conditioning, Restaurant, Airport shuttle, Full-service laundry, Kid-friendly",1051.0
Cherai Beach Resorts,3.9,Kochi,"3-star hotel, Free breakfast, Wi-Fi, Free parking, Pool, Air conditioning, Fitness center, Spa, Beach access",3281.0
North Centre Hotel,4.7,Kochi,"3-star hotel, Breakfast, Free Wi-Fi, Free parking, Air conditioning, Airport shuttle, Full-service laundry, Kid-friendly, Smoke-free",1118.0
Boche Island - Kumbalangi,4.1,Kochi,"3-star hotel, Free breakfast, Free Wi-Fi, Free parking, Pool, Air conditioning, Pet-friendly, Spa, Restaurant",5855.0
"Nihara Resort & Spa, Kadamakudy Island, Kochi",4.3,Kochi,"4-star hotel, Free breakfast, Free Wi-Fi, Free parking, Pool, Air conditioning, Spa, Restaurant, Room service",4692.0
Ayurjani Ayurvedics,4.2,Kochi,"Sleeps 4, 2 bedrooms, Air conditioning, Fireplace, Paid parking, No crib, No elevator, No fitness center, No ironing board",896.0
Niko Hotels,4.6,Kochi,"3-star hotel, Free breakfast, Free Wi-Fi, Free parking, Air conditioning, Restaurant, Room service, Airport shuttle, Accessible",2073.0
The Gateway Hotel Marine Drive Ernakulam,4.3,Kochi,"5-star hotel, Free breakfast, Free Wi-Fi, Free parking, Pool, Air conditioning, Fitness center, Spa, Restaurant",7252.0
Napier Heritage Fort Kochi,4.5,Kochi,"Free breakfast, Free Wi-Fi, Free parking, Pool, Air conditioning, Beach access, Restaurant, Room service, Full-service laundry",3808.0
Maurya Rajadhani,4.0,Trivandrum,"4-star hotel, Free breakfast, Free Wi-Fi, Free parking, Hot tub, Air conditioning, Fitness center, Spa, Bar",2812.0
"Biverah Hotel and Suites, 4-star hotels in Trivandrum, Medical college, kims hospital, hotels in trivandrum, budget hotel",3.8,Trivandrum,"4-star hotel, Free breakfast, Free Wi-Fi, Free parking, Air conditioning, Bar, Restaurant, Room service, Full-service laundry",2898.0
Montecello Home Stay,3.2,Trivandrum,"Free Wi-Fi, Paid parking, Pet-friendly, Beach access, Kitchen, Full-service laundry, Kid-friendly, 0, 0",643.0
HOTEL HIGHLAND,4.0,Trivandrum,"3-star hotel, Free breakfast, Free Wi-Fi, Paid parking, Air conditioning, Restaurant, Room service, Airport shuttle, Full-service laundry",1350.0
Ariya Nivaas - A Vegetarian Hotel,4.2,Trivandrum,"2-star hotel, Breakfast, Free Wi-Fi, Free parking, Air conditioning, Restaurant, Full-service laundry, Accessible, Kid-friendly",2401.0
PLANET RESIDENCY,4.5,Trivandrum,"Free Wi-Fi, Paid parking, Air conditioning, Breakfast, Kitchen, 0, 0, 0, 0",1263.0
Saras Park Inn,3.4,Trivandrum,"2-star hotel, Air conditioning, Kitchen, Full-service laundry, Kid-friendly, 0, 0, 0, 0",875.0
Stayzone Royal INN,3.7,Trivandrum,"Breakfast, Free Wi-Fi, Free parking, Air conditioning, Room service, Kitchen, Airport shuttle, Full-service laundry, Kid-friendly",909.0
Hotel Prathiba Heritage,3.7,Trivandrum,"Free Wi-Fi, Free parking, Air conditioning, Restaurant, Full-service laundry, Kid-friendly, Smoke-free, 0, 0",956.0
Adara Residency,4.3,Trivandrum,"0, 0, 0, 0, 0, 0, 0, 0, 0",1616.0
Hotel Venkateswara,3.7,Trivandrum,"3-star hotel, Breakfast, Free Wi-Fi, Free parking, Air conditioning, Restaurant, Room service, Full-service laundry, Accessible",1347.0
Hilton Garden Inn Trivandrum,4.3,Trivandrum,"5-star hotel, Breakfast, Free Wi-Fi, Free parking, Pool, Air conditioning, Fitness center, Bar, Restaurant",6837.0
KTDC Grand Chaithram,4.1,Trivandrum,"3-star hotel, Free breakfast, Free Wi-Fi, Free parking, Air conditioning, Restaurant, Room service, Full-service laundry, Accessible",2509.0
Majestic Lodge,4.1,Trivandrum,"Free breakfast, Free Wi-Fi, Paid parking, Kitchen, 0, 0, 0, 0, 0",1236.0
Safire Residency,4.0,Trivandrum,"3-star hotel, Wi-Fi, Air conditioning, Pet-friendly, Kitchen, Airport shuttle, Full-service laundry, Kid-friendly, 0",1165.0
Hotel Sunday - Townhouse Club - Near Airport - Trivandrum,3.7,Trivandrum,"Breakfast, Free Wi-Fi, Free parking, Kitchen, Airport shuttle, Full-service laundry, 0, 0, 0",1120.0
Meghna Residency,3.6,Trivandrum,"3-star hotel, Breakfast, Free Wi-Fi, Free parking, Air conditioning, Room service, Airport shuttle, Full-service laundry, Accessible",831.0
The South Gate By WB Hotels,3.9,Trivandrum,"Free breakfast, Free Wi-Fi, Air conditioning, Room service, Full-service laundry, Kid-friendly, 0, 0, 0",2111.0
Anies Garden | Rooms in a Homestay,4.3,Trivandrum,"Sleeps 5, 2 bedrooms, Air conditioning, Fireplace, Cable TV, Paid parking, Free Wi-Fi, No crib, No elevator",1645.0
Treebo Trend Goodland Residency,4.1,Trivandrum,"3-star hotel, Free breakfast, Free Wi-Fi, Free parking, Air conditioning, Pet-friendly, Restaurant, Room service, Airport shuttle",4265.0
Windsor Rajadhani,4.1,Trivandrum,"4-star hotel, Free breakfast, Free Wi-Fi, Free parking, Pool, Hot tub, Air conditioning, Fitness center, Spa",4341.0
Backwater Ripples,4.4,Kumarakom,"3-star hotel, Free breakfast, Wi-Fi, Free parking, Pool, Air conditioning, Fitness center, Spa, Restaurant",8968.0
Lakesong Resort,4.2,Kumarakom,"4-star hotel, Free breakfast, Wi-Fi, Free parking, Pool, Air conditioning, Fitness center, Spa, Restaurant",11948.0
Abad Whispering Palms | Resort in Kumarakom,4.3,Kumarakom,"4-star hotel, Free breakfast, Free Wi-Fi, Free parking, Pool, Air conditioning, Fitness center, Spa, Restaurant",6921.0
Cocobay Resort,4.2,Kumarakom,"3-star hotel, Free breakfast, Wi-Fi, Free parking, Pool, Air conditioning, Fitness center, Spa, Restaurant",6138.0
Paradise Resorts Kumarakom,4.1,Kumarakom,"3-star hotel, Free breakfast, Free Wi-Fi, Free parking, Pool, Air conditioning, Spa, Restaurant, Airport shuttle",5148.0
"The Zuri Kumarakom, Kerala Resort & Spa",4.3,Kumarakom,"5-star hotel, Free breakfast, Free Wi-Fi, Free parking, Pool, Hot tub, Air conditioning, Fitness center, Spa",13682.0
Saro Lake County,4.0,Kumarakom,"3-star hotel, Free breakfast, Free Wi-Fi, Paid parking, Pool, Air conditioning, Restaurant, Kitchen, Airport shuttle",2945.0
Kumarakom Heritage Resort & Ayurveda,4.1,Kumarakom,"3-star hotel, Free breakfast, Free Wi-Fi, Free parking, Pool, Air conditioning, Spa, Bar, Restaurant",5355.0
Rhythm Kumarakom,4.5,Kumarakom,"5-star hotel, Free breakfast, Free Wi-Fi, Free parking, Pool, Air conditioning, Fitness center, Spa, Restaurant",14712.0
Manor Backwater Resort,3.8,Kumarakom,"3-star hotel, Free breakfast, Free Wi-Fi, Free parking, Pool, Air conditioning, Restaurant, Kitchen, Full-service laundry",3024.0
ILLIKKALAM Lakeside Cottages,4.1,Kumarakom,"3-star hotel, Breakfast, Free Wi-Fi, Free parking, Air conditioning, Pet-friendly, Restaurant, Room service, Kitchen",3549.0
KTDC Waterscapes,4.5,Kumarakom,"4-star hotel, Free breakfast, Free Wi-Fi, Free parking, Pool, Air conditioning, Fitness center, Spa, Bar",10560.0
Backwater Brook,4.7,Kumarakom,"Free breakfast, Free Wi-Fi, Pool, Restaurant, Kitchen, Full-service laundry, Kid-friendly, 0, 0",5063.0
Gokulam Grand Resort and Spa Kumarakom,4.7,Kumarakom,"Breakfast, Free Wi-Fi, Free parking, Pool, Air conditioning, Fitness center, Spa, Restaurant, Room service",14059.0
Lily Pad on the Vembanad,4.2,Kumarakom,"3-star hotel, Free breakfast, Free Wi-Fi, Paid parking, Pool, Air conditioning, Spa, Restaurant, Room service",6160.0
Kumarakom Lake Resort,4.8,Kumarakom,"5-star hotel, Free breakfast, Wi-Fi, Free parking, Pool, Hot tub, Air conditioning, Fitness center, Spa",30267.0
Renai Green Fields,3.8,Kumarakom,"3-star hotel, Free breakfast, Wi-Fi, Free parking, Pool, Air conditioning, Fitness center, Restaurant, Room service",2849.0
Kumarakom Park Resort,4.3,Kumarakom,"Free breakfast, Free Wi-Fi, Free parking, Pool, Air conditioning, Bar, Restaurant, Room service, Full-service laundry",6726.0
Meenakshi River Villa | Rooms & Wi-Fi,4.5,Kumarakom,"Sleeps 6, 2 bedrooms, Air conditioning, Fireplace, Paid parking, Free Wi-Fi, No crib, No elevator, No fitness center",3488.0
Kumarakom Wood Castle,4.4,Kumarakom,"Sleeps 3, 1 bedroom, Air conditioning, Fireplace, Cable TV, Paid parking, Free Wi-Fi, No crib, No elevator",2861.0
Treebo Trend Kuval Inn,4.2,Pune,"Free breakfast, Free Wi-Fi, Free parking, Pool, Air conditioning, Full-service laundry, Kid-friendly, 0, 0",2084.0
Hotel Corporate Stay,4.0,Pune,"3-star hotel, Free breakfast, Free Wi-Fi, Free parking, Air conditioning, Restaurant, Room service, Kitchen, Airport shuttle",2123.0
Jugglers Backpack,4.7,Pune,"Free breakfast, Free Wi-Fi, Free parking, Air conditioning, Room service, Kitchen, Airport shuttle, Full-service laundry, Business center",1116.0
Hyatt Pune,4.4,Pune,"5-star hotel, Breakfast, Free Wi-Fi, Free parking, Pool, Air conditioning, Fitness center, Spa, Bar",9701.0
"The Central Park Hotel, Pune",4.1,Pune,"4-star hotel, Free breakfast, Wi-Fi, Free parking, Pool, Air conditioning, Fitness center, Spa, Restaurant",3708.0
"Four Points by Sheraton Hotel & Serviced Apartments, Pune",4.3,Pune,"5-star hotel, Breakfast, Free Wi-Fi, Free parking, Pool, Air conditioning, Fitness center, Spa, Bar",6796.0
Hotel Phoenix,4.0,Pune,"3-star hotel, Free breakfast, Wi-Fi, Paid parking, Air conditioning, Restaurant, Room service, Airport shuttle, Full-service laundry",2752.0
Hotel anvisha executive,4.4,Pune,"0, 0, 0, 0, 0, 0, 0, 0, 0",1067.0
EMA Family Rooms,3.8,Pune,"Sleeps 6, 2 bedrooms, Air conditioning, Fireplace, Kitchen, Cable TV, Paid parking, Free Wi-Fi, No crib",1241.0
JM Four Hotel,3.9,Pune,"3-star hotel, Free breakfast, Free Wi-Fi, Free parking, Air conditioning, Restaurant, Room service, Airport shuttle, Full-service laundry",2550.0
Royal Orchid Central Pune,4.3,Pune,"4-star hotel, Free breakfast, Free Wi-Fi, Free parking, Pool, Air conditioning, Fitness center, Bar, Restaurant",5085.0
"StayBird - B Suite, Business Hotel",4.0,Pune,"3-star hotel, Free breakfast, Free Wi-Fi, Free parking, Air conditioning, Restaurant, Room service, Kitchen, Airport shuttle",2512.0
Hotel Sardar,3.5,Pune,"3-star hotel, Free Wi-Fi, Free parking, Air conditioning, Restaurant, Room service, Kitchen, Full-service laundry, Kid-friendly",1344.0
Sunny's World,4.2,Pune,"Free breakfast, Free Wi-Fi, Free parking, Pool, Air conditioning, Restaurant, Kitchen, Full-service laundry, Accessible",4549.0
Procida Hostel by Zero Jhanjhat,4.4,Pune,"Breakfast, Free Wi-Fi, Pool, Restaurant, Full-service laundry, 0, 0, 0, 0",921.0
The Oakwood,4.0,Pune,"4-star hotel, Free breakfast, Wi-Fi, Paid parking, Air conditioning, Restaurant, Room service, Kitchen, Full-service laundry",3333.0
Sheraton Grand Pune Bund Garden Hotel,4.5,Pune,"5-star hotel, Breakfast, Free Wi-Fi, Free parking, Pool, Hot tub, Air conditioning, Fitness center, Spa",9435.0
Pratikruti The Lakeview Resort,4.2,Pune,"3-star hotel, Free breakfast, Free Wi-Fi, Free parking, Pool, Air conditioning, Pet-friendly, Restaurant, Room service",1284.0
Hotel Centro,4.4,Pune,"Breakfast, Free Wi-Fi, Free parking, Air conditioning, Restaurant, Room service, Full-service laundry, Accessible, Kid-friendly",2607.0
St Laurn Hotel,3.9,Pune,"4-star hotel, Breakfast, Free Wi-Fi, Free parking, Pool, Air conditioning, Bar, Restaurant, Room service",4381.0
Cherry Tree | Rooms & Wi-Fi,3.6,Pune,"Sleeps 3, 1 bedroom, Air conditioning, Fireplace, Free parking, Free Wi-Fi, No crib, No elevator, No fitness center",1588.0
Fairfield by Marriott Pune Kharadi,4.3,Pune,"4-star hotel, Free breakfast, Free Wi-Fi, Free parking, Air conditioning, Fitness center, Bar, Restaurant, Room service",7280.0
Novotel Chennai Sipcot,4.7,Chennai,"5-star hotel, Free breakfast, Free Wi-Fi, Free parking, Pool, Air conditioning, Fitness center, Bar, Restaurant",5145.0
Park Plaza Chennai OMR,4.1,Chennai,"5-star hotel, Breakfast, Free Wi-Fi, Free parking, Pool, Air conditioning, Fitness center, Spa, Bar",4704.0
Avenue 11 Boutique Residences | Rooms & Caretaker,4.0,Chennai,"Sleeps 8, 3 bedrooms, Air conditioning, Fireplace, Paid parking, Free Wi-Fi, No crib, No elevator, No fitness center",3853.0
"Olive Inn Luxurious 4-BHK Villa with Indoor Swimming Pool, Wifi, BBQ",3.4,Chennai,"Villa, Sleeps 10, 4 bedrooms, 7 bathrooms, Air conditioning, Pool, Kitchen, Smoke-free, Free parking",9753.0
Juhu Beach House ECR,4.5,Chennai,"Free Wi-Fi, Free parking, Pool, Air conditioning, Beach access, Kitchen, Full-service laundry, 0, 0",4965.0
Umino Beach Resort Banquet Hall and Restaurant,4.3,Chennai,"Breakfast, Free Wi-Fi, Free parking, Pool, Air conditioning, Beach access, Restaurant, Room service, Full-service laundry",3677.0
VGP Golden Beach Resort,3.9,Chennai,"2-star hotel, Free breakfast, Free Wi-Fi, Free parking, Pool, Hot tub, Air conditioning, Spa, Beach access",4267.0
"Regenta Central RS, Chennai(OMR). 4 Star Hotel",4.2,Chennai,"Free breakfast, Free Wi-Fi, Free parking, Pool, Air conditioning, Fitness center, Bar, Restaurant, Room service",3366.0
Turyaa Chennai,4.3,Chennai,"5-star hotel, Free breakfast, Free Wi-Fi, Free parking, Pool, Air conditioning, Fitness center, Spa, Bar",3797.0
Blue Lagoon Beach Resort,3.9,Chennai,"3-star hotel, Free breakfast, Free Wi-Fi, Free parking, Pool, Air conditioning, Restaurant, Room service, Full-service laundry",6402.0
Fairfield by Marriott Chennai OMR,4.2,Chennai,"4-star hotel, Free breakfast, Free Wi-Fi, Free parking, Air conditioning, Fitness center, Bar, Restaurant, Room service",3707.0
Four Points by Sheraton Chennai OMR,4.2,Chennai,"4-star hotel, Breakfast, Free Wi-Fi, Free parking, Pool, Air conditioning, Fitness center, Restaurant, Room service",5053.0
"Taj Club House, Chennai",4.4,Chennai,"5-star hotel, Free breakfast, Free Wi-Fi, Free parking, Pool, Air conditioning, Pet-friendly, Fitness center, Spa",7552.0
"Vivanta Chennai, IT Expressway",4.3,Chennai,"5-star hotel, Free breakfast, Free Wi-Fi, Free parking, Pool, Air conditioning, Pet-friendly, Fitness center, Spa",5485.0
Ilara Hotels & Spa,4.6,Chennai,"3-star hotel, Free breakfast, Wi-Fi, Free parking, Pool, Air conditioning, Spa, Restaurant, Room service",4234.0
Maroma Suites,4.5,Chennai,"Free breakfast, Free Wi-Fi, Free parking, Pool, Air conditioning, Restaurant, Airport shuttle, Full-service laundry, Accessible",3795.0
The Madras Grand - Hotel Egmore,4.5,Chennai,"Free breakfast, Free Wi-Fi, Free parking, Air conditioning, Fitness center, Restaurant, Room service, Airport shuttle, Full-service laundry",4974.0
"Holiday Inn Express Chennai Omr Thoraipakkam, an IHG Hotel",4.1,Chennai,"2-star hotel, Free breakfast, Free Wi-Fi, Free parking, Air conditioning, Fitness center, Restaurant, Room service, Airport shuttle",3859.0
"Crowne Plaza New Delhi Rohini, an IHG Hotel",4.4,Delhi,"4-star hotel, Breakfast, Free Wi-Fi, Free parking, Pool, Hot tub, Air conditioning, Fitness center, Spa",7825.0
ट्राइडेंट होटल,4.6,Delhi,"5-star hotel, Free breakfast, Free Wi-Fi, Free parking, Pool, Hot tub, Air conditioning, Fitness center, Spa",12272.0
Nu Delhi Homestay - Deluxe Double Room,4.6,Delhi,"House, Sleeps 2, 1 bedroom, 1 bathroom, 2 beds, Air conditioning, Crib, Fitness center, Heating",1999.0
The Leela Ambience Convention Hotel Delhi,4.5,Delhi,"5-star hotel, Free breakfast, Wi-Fi, Free parking, Pool, Hot tub, Air conditioning, Fitness center, Spa",9809.0
Hotel City Park- Hotels in Delhi,4.2,Delhi,"4-star hotel, Free breakfast, Free Wi-Fi, Free parking, Pool, Hot tub, Air conditioning, Fitness center, Spa",5376.0
Hotel Mayda Residency By Mayda Hospitality Pvt. Ltd.,4.6,Delhi,"Breakfast, Free Wi-Fi, Free parking, Air conditioning, Restaurant, Room service, Airport shuttle, Full-service laundry, Accessible",1212.0
JRD Pride,4.4,Delhi,"3-star hotel, Free breakfast, Free Wi-Fi, Free parking, Air conditioning, Restaurant, Room service, Airport shuttle, Full-service laundry",4720.0
Radisson Blu Hotel New Delhi Paschim Vihar,4.4,Delhi,"5-star hotel, Breakfast, Free Wi-Fi, Paid parking, Pool, Air conditioning, Fitness center, Spa, Bar",7285.0
IIDL Suites,4.3,Delhi,"5-star hotel, Free breakfast, Free Wi-Fi, Free parking, Pool, Hot tub, Air conditioning, Fitness center, Spa",5720.0
Park Inn by Radisson New Delhi IP Extension,4.3,Delhi,"4-star hotel, Breakfast, Free Wi-Fi, Free parking, Pool, Air conditioning, Fitness center, Bar, Restaurant",6828.0
"Welcomhotel By ITC Hotels, Dwarka, New Delhi - Contemporary Hotel in the Capital | Ideal for Business & Leisure Travellers",4.5,Delhi,"5-star hotel, Free breakfast, Free Wi-Fi, Free parking, Pool, Air conditioning, Fitness center, Spa, Bar",8141.0
Sarovar Portico Naraina,3.9,Delhi,"3-star hotel, Free breakfast, Free Wi-Fi, Free parking, Air conditioning, Restaurant, Room service, Kitchen, Airport shuttle",4536.0
Hyatt Centric Janakpuri New Delhi,3.8,Delhi,"5-star hotel, Free breakfast, Free Wi-Fi, Free parking, Pool, Air conditioning, Fitness center, Spa, Bar",7484.0
"Taj Palace, New Delhi",4.7,Delhi,"5-star hotel, Breakfast, Wi-Fi, Free parking, Pool, Hot tub, Air conditioning, Fitness center, Spa",15050.0
The Pamposh,3.7,Delhi,"3-star hotel, Free breakfast, Free Wi-Fi, Air conditioning, Restaurant, Full-service laundry, Business center, Kid-friendly, 0",3931.0
Caves by Craftels,4.7,Delhi,"Breakfast, Free Wi-Fi, Free parking, Pool, Hot tub, Air conditioning, Spa, Restaurant, Room service",5040.0
Bloomrooms @ Janpath,4.4,Delhi,"3-star hotel, Breakfast, Free Wi-Fi, Free parking, Air conditioning, Fitness center, Restaurant, Room service, Full-service laundry",6451.0
Ramada by Wyndham New Delhi Pitampura,3.9,Delhi,"4-star hotel, Free breakfast, Free Wi-Fi, Free parking, Air conditioning, Fitness center, Restaurant, Room service, Accessible",6305.0
Bloom Boutique | GK-1,4.2,Delhi,"3-star hotel, Breakfast, Free Wi-Fi, Free parking, Air conditioning, Restaurant, Room service, Kitchen, Full-service laundry",4659.0
The Grand Parisian,4.2,Delhi,"3-star hotel, Free breakfast, Wi-Fi, Air conditioning, Restaurant, Room service, Full-service laundry, Kid-friendly, 0",4673.0
amigosindia,4.5,Delhi,"1-star hotel, Breakfast, Free Wi-Fi, Paid parking, Air conditioning, Pet-friendly, Restaurant, Kitchen, Airport shuttle",706.0
Holiday Inn Express New Delhi Int'l Airport T3,4.2,Delhi,"3-star hotel, Free breakfast, Free Wi-Fi, Air conditioning, Fitness center, Spa, Paid parking, Bar, Restaurant",14081.0
Treebo Trend Lazystay Grand - Hotel in Bhubaneswar,4.1,Bhubaneswar,"Free breakfast, Free Wi-Fi, Paid parking, Pool, Restaurant, Room service, Kitchen, Full-service laundry, 0",2920.0
"MAYFAIR Convention, Bhubaneswar",4.5,Bhubaneswar,"4-star hotel, Free breakfast, Free Wi-Fi, Free parking, Hot tub, Air conditioning, Fitness center, Spa, Bar",6476.0
Hello Stay Hotel Bhubaneswar,4.2,Bhubaneswar,"Breakfast, Free Wi-Fi, Paid parking, Air conditioning, Kitchen, Airport shuttle, Full-service laundry, Kid-friendly, 0",1231.0
Hotel SJ Pride,4.8,Bhubaneswar,"2-star hotel, Free Wi-Fi, Pool, Restaurant, Kitchen, Airport shuttle, Full-service laundry, 0, 0",1239.0
Empires Hotel Bhubaneswar,4.1,Bhubaneswar,"3-star hotel, Breakfast, Free Wi-Fi, Paid parking, Pool, Air conditioning, Fitness center, Spa, Bar",3646.0
"Mango Hotels–Prangan, Bhubaneswar",4.1,Bhubaneswar,"3-star hotel, Breakfast, Free Wi-Fi, Free parking, Air conditioning, Restaurant, Room service, Kitchen, Airport shuttle",3126.0
Mayfair Lagoon,4.6,Bhubaneswar,"5-star hotel, Free breakfast, Free Wi-Fi, Free parking, Pool, Hot tub, Air conditioning, Fitness center, Spa",10779.0
Venus Inn Restaurant,4.1,Bhubaneswar,"4-star hotel, Free breakfast, Free Wi-Fi, Air conditioning, Restaurant, Room service, Airport shuttle, Full-service laundry, Kid-friendly",1948.0
Ginger Bhubaneshwar,3.9,Bhubaneswar,"2-star hotel, Free Wi-Fi, Paid parking, Air conditioning, Fitness center, Breakfast, Full-service laundry, Kid-friendly, 0",2959.0
THE GREENSTAR INN PREMIUM,4.6,Bhubaneswar,"Breakfast, Free Wi-Fi, Free parking, Pool, Air conditioning, Restaurant, Room service, Kitchen, 0",1512.0
IRA By Orchid Bhubaneswar ( Formerly Vits Bhubaneswar ),4.1,Bhubaneswar,"4-star hotel, Free breakfast, Free Wi-Fi, Free parking, Pool, Air conditioning, Fitness center, Restaurant, Room service",3782.0
Swosti Premium - Luxury 5-Star Hotel in Bhubaneswar,4.3,Bhubaneswar,"5-star hotel, Free breakfast, Free Wi-Fi, Free parking, Pool, Air conditioning, Fitness center, Bar, Restaurant",6215.0
"Vivanta Bhubaneswar, DN Square",4.6,Bhubaneswar,"5-star hotel, Free breakfast, Free Wi-Fi, Free parking, Pool, Air conditioning, Pet-friendly, Fitness center, Spa",9089.0
"Welcomhotel By ITC Hotels, Bhubaneswar-LEED Platinum Certified Premium Hotel Near the Airport| 1.5 hrs away from Puri",4.7,Bhubaneswar,"4-star hotel, Breakfast, Free Wi-Fi, Free parking, Pool, Air conditioning, Fitness center, Spa, Bar",7616.0
Hotel Excellency (A Unit of Excellency Resorts Pvt. Ltd.),4.1,Bhubaneswar,"4-star hotel, Free breakfast, Free Wi-Fi, Free parking, Pool, Air conditioning, Fitness center, Bar, Restaurant",3395.0
Super OYO Townhouse 235 Swain Heritage,4.4,Bhubaneswar,"Apartment, Sleeps 4, 2 bedrooms, Air conditioning, Cable TV, Free Wi-Fi, No airport shuttle, No beach access, No elevator",2044.0
Treebo Trend Oasis,4.2,Bhubaneswar,"3-star hotel, Free breakfast, Free Wi-Fi, Free parking, Pool, Air conditioning, Restaurant, Kitchen, Full-service laundry",2854.0
The Westin Goa,4.6,Goa,"5-star hotel, Breakfast, Free Wi-Fi, Free parking, Pool, Air conditioning, Fitness center, Spa, Bar",20650.0
The LaLiT Golf & Spa Resort Goa,4.4,Goa,"5-star hotel, Free breakfast, Wi-Fi, Free parking, Pool, Hot tub, Air conditioning, Fitness center, Spa",16756.0
Casa Seaesta Beach Cottages and Suites,3.6,Goa,"Sleeps 6, 2 bedrooms, Air conditioning, Airport shuttle, Pool, Smoke-free, Free parking, Free Wi-Fi, No beach access",2466.0
Radisson Resort Goa Baga,4.8,Goa,"4-star hotel, Breakfast, Free Wi-Fi, Free parking, Pool, Hot tub, Air conditioning, Fitness center, Spa",4397.0
W Goa,4.5,Goa,"5-star hotel, Free breakfast, Free Wi-Fi, Free parking, Pool, Air conditioning, Pet-friendly, Fitness center, Spa",7435.0
"The Hosteller Goa, Arpora",4.3,Goa,"Breakfast, Free Wi-Fi, Free parking, Pool, Air conditioning, Restaurant, 0, 0, 0",1157.0
Grand Hyatt Goa,4.6,Goa,"5-star hotel, Breakfast, Free Wi-Fi, Free parking, Pool, Hot tub, Air conditioning, Fitness center, Spa",20307.0
Little India Beach Cottages,4.0,Goa,"House, Sleeps 10, 5 bedrooms, 5 bathrooms, Air conditioning, Pool, Free parking, Free Wi-Fi, No airport shuttle",6947.0
"Holiday Inn Resort Goa, an IHG Hotel",4.6,Goa,"5-star hotel, Breakfast, Free Wi-Fi, Free parking, Pool, Air conditioning, Fitness center, Spa, Beach access",11934.0
Agonda Paradise Beach Huts,4.2,Goa,"Sleeps 9, 3 bedrooms, Air conditioning, Fireplace, Cable TV, Paid parking, Free Wi-Fi, No beach access, No crib",4200.0
Pitruchaya Sea View Cottages by Vyom Trails,4.1,Goa,"0, 0, 0, 0, 0, 0, 0, 0, 0",1617.0
"Whoopers Boutique Hotel, Anjuna",4.9,Goa,"0, 0, 0, 0, 0, 0, 0, 0, 0",1612.0
"The Hosteller Goa, Candolim",4.7,Goa,"Free Wi-Fi, Free parking, Pool, Air conditioning, Breakfast, 0, 0, 0, 0",1315.0
Tropical Bay,3.8,Goa,"Free breakfast, Free Wi-Fi, Free parking, Air conditioning, Pet-friendly, Bar, Kitchen, Kid-friendly, 0",1344.0
Cola Goa Beach Resort,4.3,Goa,"Free breakfast, Free Wi-Fi, Free parking, Pool, Hot tub, Air conditioning, Spa, Beach access, Bar",12744.0
Blue Lagoon Resort | Room & Restaurant,3.9,Goa,"Villa, Sleeps 8, 3 bedrooms, Fireplace, Paid parking, Free Wi-Fi, No air conditioning, No crib, No elevator",4487.0
Radisson Blu Resort Goa Cavelossim Beach,4.4,Goa,"5-star hotel, Breakfast, Free Wi-Fi, Free parking, Pool, Hot tub, Air conditioning, Fitness center, Spa",15898.0
"Vivanta Goa, Miramar",4.5,Goa,"5-star hotel, Free breakfast, Free Wi-Fi, Free parking, Pool, Pet-friendly, Fitness center, Restaurant, Room service",11788.0
Mayfair on Sea,4.5,Goa,"0, 0, 0, 0, 0, 0, 0, 0, 0",10620.0
"The Zuri White Sands, Goa Resort & Casino",4.4,Goa,"5-star hotel, Free breakfast, Free Wi-Fi, Free parking, Pool, Hot tub, Air conditioning, Fitness center, Spa",16795.0
The Queeny,3.4,Goa,"3-star hotel, Free breakfast, Wi-Fi, Free parking, Pool, Air conditioning, Fitness center, Restaurant, Room service",1435.0
"Holiday Inn Goa Candolim, an IHG Hotel",4.7,Goa,"5-star hotel, Breakfast, Free Wi-Fi, Free parking, Pool, Air conditioning, Fitness center, Restaurant, Room service",15503.0
"Taj Holiday Village Resort and Spa, Goa",4.7,Goa,"5-star hotel, Free breakfast, Free Wi-Fi, Free parking, Pool, Hot tub, Air conditioning, Fitness center, Spa",26550.0
ibis Mumbai Vikhroli,4.5,Mumbai,"Free breakfast, Free Wi-Fi, Free parking, Air conditioning, Pet-friendly, Fitness center, Restaurant, Room service, Airport shuttle",7392.0
The Lalit Mumbai,4.4,Mumbai,"5-star hotel, Free breakfast, Free Wi-Fi, Free parking, Pool, Hot tub, Air conditioning, Fitness center, Spa",14278.0
JW Marriott Mumbai Juhu,4.6,Mumbai,"5-star hotel, Free Wi-Fi, Free parking, Pool, Air conditioning, Fitness center, Spa, Breakfast, Beach access",5725.0
Empire Royale Hotel,4.4,Mumbai,"3-star hotel, Free breakfast, Free Wi-Fi, Free parking, Pool, Restaurant, Kitchen, Full-service laundry, 0",1582.0
"The Taj Mahal Palace, Mumbai",4.7,Mumbai,"5-star hotel, Free breakfast, Free Wi-Fi, Paid parking, Pool, Hot tub, Air conditioning, Fitness center, Spa",33021.0
Grand Hyatt Mumbai Hotel & Residences,4.5,Mumbai,"5-star hotel, Breakfast, Free Wi-Fi, Free parking, Pool, Hot tub, Air conditioning, Pet-friendly, Fitness center",14025.0
Shahana Guest House,3.1,Mumbai,"2-star hotel, Breakfast, Free Wi-Fi, Air conditioning, Full-service laundry, 0, 0, 0, 0",635.0
SAINA RESORT,3.6,Mumbai,"3-star hotel, Free breakfast, Free Wi-Fi, Free parking, Pool, Air conditioning, Restaurant, Accessible, Kid-friendly",5082.0
Stay Villa Dormitory (for Male and Female),5.0,Mumbai,"Bungalow, Sleeps 28, 28 bedrooms, 7 bathrooms, Air conditioning, Kid-friendly, Kitchen, Smoke-free, No fitness center",952.0
Hotel Milan International,3.9,Mumbai,"Breakfast, Free Wi-Fi, Free parking, Air conditioning, Restaurant, Room service, Airport shuttle, Full-service laundry, Accessible",1389.0
Gagal Home BKC Suite | Rooms & Caretaker,3.7,Mumbai,"Sleeps 4, 2 bedrooms, Air conditioning, Elevator, Fireplace, Kitchen, Paid parking, Free Wi-Fi, No crib",4208.0
Qubestay Airport Capsule Hotel And Hostel,4.1,Mumbai,"Free breakfast, Free Wi-Fi, Air conditioning, Restaurant, Full-service laundry, Kid-friendly, 0, 0, 0",1334.0
"Ginger Mumbai, Goregaon",4.0,Mumbai,"Free breakfast, Free Wi-Fi, Paid parking, Pool, Air conditioning, Restaurant, Room service, Full-service laundry, 0",4031.0
Royal Palms Villas with Private Pool,4.0,Mumbai,"Free Wi-Fi, Paid parking, Pool, Spa, Kitchen, Full-service laundry, 0, 0, 0",20536.0
The Leela Mumbai - Resort Style Business Hotel,4.5,Mumbai,"5-star hotel, Free breakfast, Free Wi-Fi, Free parking, Pool, Hot tub, Air conditioning, Fitness center, Spa",11210.0
Hotel Nest N Rest - Mumbai,4.4,Mumbai,"Pool, Air conditioning, Restaurant, Room service, Kitchen, Full-service laundry, 0, 0, 0",1116.0
Novotel Mumbai Juhu Beach,4.3,Mumbai,"5-star hotel, Breakfast, Free Wi-Fi, Free parking, Pool, Air conditioning, Pet-friendly, Fitness center, Beach access",11785.0
Airport inn residency,3.7,Mumbai,"3-star hotel, Free breakfast, Free Wi-Fi, Paid parking, Air conditioning, Restaurant, Room service, Airport shuttle, Full-service laundry",1109.0
Courtyard by Marriott Mumbai International Airport,4.4,Mumbai,"4-star hotel, Breakfast, Free Wi-Fi, Free parking, Pool, Air conditioning, Fitness center, Spa, Bar",11103.0
JW Marriott Mumbai Sahar,4.6,Mumbai,"5-star hotel, Breakfast, Free Wi-Fi, Free parking, Pool, Air conditioning, Fitness center, Spa, Bar",12963.0
The Westin Mumbai Garden City,4.5,Mumbai,"5-star hotel, Free Wi-Fi, Free parking, Pool, Hot tub, Air conditioning, Fitness center, Spa, Breakfast",12963.0
"Holiday Inn Mumbai International Airport, an IHG Hotel",4.5,Mumbai,"4-star hotel, Breakfast, Free Wi-Fi, Free parking, Pool, Air conditioning, Fitness center, Spa, Bar",10619.0
Fairfield by Marriott Lucknow,4.3,Lucknow,"4-star hotel, Free breakfast, Free Wi-Fi, Free parking, Air conditioning, Fitness center, Bar, Restaurant, Room service",4816.0
Novotel Lucknow Gomti Nagar,4.5,Lucknow,"5-star hotel, Free breakfast, Free Wi-Fi, Free parking, Pool, Air conditioning, Pet-friendly, Fitness center, Bar",6551.0
Townhouse 1166 Bsa Townhouse,3.7,Lucknow,"Apartment, Sleeps 3, 1 bedroom, Free parking, Free Wi-Fi, No air conditioning, No airport shuttle, No beach access, No elevator",1296.0
Hyatt Regency Lucknow,4.4,Lucknow,"5-star hotel, Breakfast, Free Wi-Fi, Free parking, Pool, Air conditioning, Fitness center, Spa, Bar",4480.0
Radisson Lucknow City Center,4.3,Lucknow,"3-star hotel, Breakfast, Free Wi-Fi, Paid parking, Pool, Air conditioning, Fitness center, Spa, Bar",4189.0
Taj Mahal Lucknow,4.6,Lucknow,"5-star hotel, Free breakfast, Free Wi-Fi, Free parking, Pool, Air conditioning, Fitness center, Spa, Bar",10936.0
The Regnant,4.2,Lucknow,"Breakfast, Free Wi-Fi, Paid parking, Pool, Air conditioning, Fitness center, Bar, Restaurant, Room service",3892.0
Hilton Garden Inn Lucknow,4.3,Lucknow,"4-star hotel, Free breakfast, Free Wi-Fi, Free parking, Pool, Air conditioning, Fitness center, Bar, Restaurant",5663.0
Ginger Lucknow,4.0,Lucknow,"3-star hotel, Free Wi-Fi, Paid parking, Air conditioning, Fitness center, Breakfast, Full-service laundry, Kid-friendly, 0",2664.0
DCorbiz Hotel & Restaurant,4.0,Lucknow,"3-star hotel, Free breakfast, Free Wi-Fi, Free parking, Pool, Air conditioning, Restaurant, Room service, Full-service laundry",2108.0
Hotel Aryan,3.8,Lucknow,"2-star hotel, Free Wi-Fi, Room service, Kitchen, Full-service laundry, Kid-friendly, 0, 0, 0",587.0
Hotel Golden Orchid,4.0,Lucknow,"3-star hotel, Free breakfast, Free Wi-Fi, Paid parking, Air conditioning, Room service, Kitchen, Airport shuttle, Full-service laundry",2218.0
Fortune Park BBD - Hotel in Lucknow,4.3,Lucknow,"4-star hotel, Free breakfast, Free Wi-Fi, Free parking, Pool, Air conditioning, Fitness center, Spa, Bar",7197.0
Hotel Millenia Regency Lucknow,4.2,Lucknow,"Free breakfast, Free parking, Pool, Air conditioning, Restaurant, Room service, Full-service laundry, Accessible, Kid-friendly",2814.0
Golden Tulip Lucknow,4.2,Lucknow,"4-star hotel, Free breakfast, Free Wi-Fi, Free parking, Pool, Air conditioning, Fitness center, Spa, Bar",7271.0
The Grand Radiant-3 Star Hotel in Lucknow,4.0,Lucknow,"4-star hotel, Free breakfast, Free Wi-Fi, Free parking, Pool, Air conditioning, Restaurant, Room service, Airport shuttle",2453.0
Comfort Inn,4.1,Lucknow,"3-star hotel, Free breakfast, Free Wi-Fi, Free parking, Pool, Air conditioning, Fitness center, Restaurant, Room service",3394.0
"lebua Lucknow, Saraca Estate",4.3,Lucknow,"4-star hotel, Free breakfast, Wi-Fi, Free parking, Pool, Air conditioning, Fitness center, Restaurant, Room service",7621.0
Comfort Hotel Vista,4.6,Lucknow,"3-star hotel, Free breakfast, Free Wi-Fi, Free parking, Pool, Air conditioning, Restaurant, Room service, Full-service laundry",6160.0
The Park Hotel,4.4,Kolkata,"5-star hotel, Free breakfast, Free Wi-Fi, Paid parking, Pool, Hot tub, Air conditioning, Fitness center, Spa",7295.0
"The Oberoi Grand, Kolkata",4.4,Kolkata,"5-star hotel, Free breakfast, Free Wi-Fi, Free parking, Pool, Hot tub, Air conditioning, Fitness center, Spa",4534.0
The Elite Apartment Hotel,4.7,Kolkata,"3-star hotel, Free breakfast, Free Wi-Fi, Free parking, Air conditioning, Pet-friendly, Restaurant, Kitchen, Airport shuttle",784.0
Golden Parkk Hotel,4.0,Kolkata,"3-star hotel, Free breakfast, Free Wi-Fi, Paid parking, Air conditioning, Spa, Bar, Restaurant, Room service",3790.0
Aristro Club,4.0,Kolkata,"3-star hotel, Breakfast, Free Wi-Fi, Free parking, Pool, Air conditioning, Pet-friendly, Restaurant, Room service",1344.0
The Panash (Hotel and Banquets),4.4,Kolkata,"Free breakfast, Free Wi-Fi, Free parking, Air conditioning, Restaurant, Room service, Airport shuttle, Full-service laundry, Accessible",1565.0
HOTEL ORCHID INN,4.2,Kolkata,"Free Wi-Fi, Paid parking, Pool, Air conditioning, Restaurant, Full-service laundry, Kid-friendly, 0, 0",1027.0
Bubble Beds Kolkata,4.3,Kolkata,"2-star hotel, Free breakfast, Free Wi-Fi, Free parking, Air conditioning, Restaurant, Kitchen, Full-service laundry, Business center",862.0
Hotel Platinum,3.9,Kolkata,"3-star hotel, Free breakfast, Wi-Fi, Pool, Air conditioning, Pet-friendly, Restaurant, Kitchen, Full-service laundry",1464.0
Aster Guest House Kolkata,4.0,Kolkata,"Free breakfast, Free Wi-Fi, Air conditioning, Pet-friendly, Paid parking, Restaurant, Full-service laundry, Kid-friendly, 0",2885.0
Hotel Radiant (Kolkata),4.0,Kolkata,"3-star hotel, Free breakfast, Free Wi-Fi, Free parking, Air conditioning, Restaurant, Room service, Full-service laundry, Kid-friendly",2731.0
Hotel Afsha,3.4,Kolkata,"Breakfast, Free Wi-Fi, Free parking, Air conditioning, Restaurant, Airport shuttle, Full-service laundry, Accessible, 0",1285.0
backpackers park,4.0,Kolkata,"Free breakfast, Free Wi-Fi, Paid parking, Pool, Air conditioning, Kitchen, Full-service laundry, 0, 0",1103.0
Hotel Mayfair tower,4.0,Kolkata,"0, 0, 0, 0, 0, 0, 0, 0, 0",1680.0
"The Manor House, Kolkata",4.4,Kolkata,"Free breakfast, Free Wi-Fi, Pool, Air conditioning, Restaurant, Room service, Full-service laundry, Kid-friendly, 0",3880.0
Barsana Boutique Hotel,4.3,Kolkata,"3-star hotel, Free breakfast, Free Wi-Fi, Free parking, Pool, Air conditioning, Restaurant, Room service, Airport shuttle",3719.0
Hotel Pan Asia Continental (A Unit Of Sharda Resources Limited),4.1,Kolkata,"3-star hotel, Free breakfast, Wi-Fi, Free parking, Air conditioning, Restaurant, Room service, Airport shuttle, Full-service laundry",3074.0
Hotel Emirates,4.0,Kolkata,"2-star hotel, Free breakfast, Free Wi-Fi, Free parking, Air conditioning, Restaurant, Room service, Kitchen, Airport shuttle",3014.0
The Aster Heritage,4.7,Kolkata,"Free breakfast, Free Wi-Fi, Free parking, Air conditioning, Pet-friendly, Room service, Full-service laundry, Business center, Kid-friendly",2778.0
Calcutta Bungalow| Heritage Rooms,4.9,Kolkata,"Sleeps 13, 6 bedrooms, Air conditioning, Fireplace, Paid parking, Free Wi-Fi, No crib, No elevator, No fitness center",8604.0
"BhubanBari historic house airy twin room w 2 baths, kitchen, garden terrace",5.0,Kolkata,"House, Sleeps 2, 1 bedroom, 2 bathrooms, Kid-friendly, Kitchen, Smoke-free, Free parking, No air conditioning",2856.0
Hotel Pawan Putra,4.1,Kolkata,"3-star hotel, Free breakfast, Free Wi-Fi, Pool, Air conditioning, Paid parking, Restaurant, Full-service laundry, 0",2436.0
"FabHotel Orion Crystal - Hotel in Park Circus, Kolkata",4.1,Kolkata,"Free breakfast, Free Wi-Fi, Paid parking, Pool, Air conditioning, Restaurant, Room service, Kitchen, Full-service laundry",2652.0
The Elanza Hotel,4.1,Bangalore,"4-star hotel, Free breakfast, Free Wi-Fi, Free parking, Air conditioning, Fitness center, Restaurant, Room service, Airport shuttle",3968.0
"Country Inn & Suites by Radisson, Bengaluru Hebbal Road",4.1,Bangalore,"4-star hotel, Breakfast, Free Wi-Fi, Free parking, Pool, Air conditioning, Fitness center, Spa, Bar",4480.0
Kadackal Farmhouse | Rooms & Pool,4.2,Bangalore,"Sleeps 9, 3 bedrooms, Air conditioning, Fireplace, Cable TV, Paid parking, No crib, No elevator, No fitness center",4012.0
Kings Palace Manyata,3.2,Bangalore,"Sleeps 8, 3 bedrooms, Air conditioning, Elevator, Fireplace, Cable TV, Paid parking, Free Wi-Fi, No crib",891.0
Prestige Residency,3.1,Bangalore,"Free Wi-Fi, Breakfast, Room service, Kitchen, Full-service laundry, 0, 0, 0, 0",609.0
Hotel TAP Paradise,3.4,Bangalore,"1-star hotel, Free Wi-Fi, Paid parking, Pool, Air conditioning, Restaurant, Kitchen, Airport shuttle, Full-service laundry",539.0
Regenta Inn Grand Koramangala,4.6,Bangalore,"Free breakfast, Free Wi-Fi, Free parking, Air conditioning, Fitness center, Restaurant, Room service, Airport shuttle, Full-service laundry",3192.0
Guhantara,3.7,Bangalore,"3-star hotel, Free breakfast, Wi-Fi, Free parking, Pool, Air conditioning, Spa, Restaurant, Full-service laundry",4803.0
Palm Meadows Resort,4.5,Bangalore,"5-star hotel, Breakfast, Free Wi-Fi, Free parking, Pool, Hot tub, Air conditioning, Fitness center, Spa",6745.0
Holiday Inn Express & Suites Bengaluru OMR,4.4,Bangalore,"4-star hotel, Free breakfast, Free Wi-Fi, Paid parking, Air conditioning, Fitness center, Restaurant, Room service, Airport shuttle",4930.0
Howard Johnson by Wyndham Bengaluru Hebbal,4.1,Bangalore,"4-star hotel, Free breakfast, Free Wi-Fi, Paid parking, Pool, Air conditioning, Pet-friendly, Fitness center, Spa",4636.0
The Signature Inn,3.8,Bangalore,"3-star hotel, Free breakfast, Free Wi-Fi, Paid parking, Air conditioning, Restaurant, Room service, Full-service laundry, Kid-friendly",756.0
"Radisson Blu Hotel, Atria Bengaluru",4.4,Bangalore,"5-star hotel, Breakfast, Free Wi-Fi, Free parking, Pool, Air conditioning, Fitness center, Spa, Bar",6300.0
SAP Golden Grande,4.0,Bangalore,"3-star hotel, Free breakfast, Wi-Fi, Free parking, Air conditioning, Restaurant, Room service, Airport shuttle, Full-service laundry",792.0
Royal Regency Lodge,3.8,Bangalore,"3-star hotel, Free Wi-Fi, Free parking, Air conditioning, Breakfast, Room service, Airport shuttle, Full-service laundry, Accessible",909.0
The Chancery Pavilion,4.1,Bangalore,"5-star hotel, Free breakfast, Free Wi-Fi, Free parking, Pool, Hot tub, Air conditioning, Fitness center, Spa",5376.0
Bangalore Gate Hotel & Conferences,4.1,Bangalore,"3-star hotel, Free breakfast, Free Wi-Fi, Free parking, Air conditioning, Restaurant, Room service, Airport shuttle, Full-service laundry",2804.0
"Holiday Inn Bengaluru Racecourse, an IHG Hotel",4.4,Bangalore,"5-star hotel, Breakfast, Free Wi-Fi, Free parking, Pool, Air conditioning, Fitness center, Restaurant, Room service",6298.0
Gokulam Grand Hotel & Spa,4.3,Bangalore,"5-star hotel, Free breakfast, Free Wi-Fi, Free parking, Pool, Air conditioning, Fitness center, Spa, Bar",6228.0
"Taj Yeshwantpur, Bengaluru",4.5,Bangalore,"5-star hotel, Free breakfast, Free Wi-Fi, Free parking, Pool, Air conditioning, Fitness center, Spa, Bar",11800.0
Attide Boutique Hotel,4.2,Bangalore,"4-star hotel, Free breakfast, Free Wi-Fi, Free parking, Air conditioning, Fitness center, Bar, Restaurant, Room service",3863.0
Hyatt Place Hyderabad Banjara Hills,4.3,Hyderabad,"4-star hotel, Breakfast, Free Wi-Fi, Free parking, Pool, Air conditioning, Fitness center, Bar, Restaurant",11209.0
Trident Hotel Hyderabad,4.5,Hyderabad,"5-star hotel, Free breakfast, Wi-Fi, Free parking, Pool, Air conditioning, Fitness center, Spa, Restaurant",10974.0
The Wilderness Retreat,4.0,Hyderabad,"Free breakfast, Free Wi-Fi, Free parking, Pool, Pet-friendly, Restaurant, Room service, Full-service laundry, Kid-friendly",4928.0
Hyderabad Marriott Hotel & Convention Centre,4.4,Hyderabad,"5-star hotel, Breakfast, Free Wi-Fi, Free parking, Pool, Air conditioning, Fitness center, Spa, Bar",7112.0
Citadel Hotels & Conventions By Vinnca,4.4,Hyderabad,"Free breakfast, Free Wi-Fi, Free parking, Pool, Air conditioning, Restaurant, Airport shuttle, Full-service laundry, Accessible",3640.0
Hotel Rainbow Tower,4.5,Hyderabad,"Breakfast, Free Wi-Fi, Free parking, Pool, Air conditioning, Restaurant, Room service, Airport shuttle, Full-service laundry",1187.0
"Deccan Serai Hotel, HITEC CITY, HYDERABAD",4.2,Hyderabad,"3-star hotel, Breakfast, Free Wi-Fi, Paid parking, Air conditioning, Fitness center, Restaurant, Room service, Airport shuttle",3436.0
Taramati Baradari Resort,4.2,Hyderabad,"3-star hotel, Free breakfast, Free Wi-Fi, Paid parking, Pool, Air conditioning, Restaurant, Room service, Kitchen",2520.0
The Grand Plaza Hotel,3.8,Hyderabad,"3-star hotel, Free breakfast, Free Wi-Fi, Free parking, Air conditioning, Restaurant, Room service, Airport shuttle, Accessible",1240.0
Taj Falaknuma Palace,4.7,Hyderabad,"5-star hotel, Free breakfast, Free Wi-Fi, Free parking, Pool, Air conditioning, Fitness center, Spa, Restaurant",46573.0
"Lemon Tree Hotel, Gachibowli, Hyderabad",4.2,Hyderabad,"4-star hotel, Free breakfast, Free Wi-Fi, Free parking, Pool, Hot tub, Air conditioning, Fitness center, Spa",4910.0
Hotel Shubham Palace - Karmanghat,4.3,Hyderabad,"3-star hotel, Free breakfast, Free Wi-Fi, Free parking, Air conditioning, Bar, Restaurant, Room service, Full-service laundry",2371.0
RESTEL STUDIO FLATS,4.2,Hyderabad,"Breakfast, Free Wi-Fi, Free parking, Air conditioning, Pet-friendly, Restaurant, Room service, Kitchen, Airport shuttle",2576.0
Ellaa Hotel,4.8,Hyderabad,"4-star hotel, Free breakfast, Free Wi-Fi, Paid parking, Pool, Hot tub, Air conditioning, Fitness center, Spa",4349.0
Zibe Hyderabad by GRT Hotels,4.5,Hyderabad,"3-star hotel, Free breakfast, Wi-Fi, Free parking, Air conditioning, Restaurant, Room service, Airport shuttle, Full-service laundry",4520.0
Ananya Eco Resorts,3.9,Hyderabad,"Free breakfast, Free Wi-Fi, Free parking, Air conditioning, Restaurant, Kid-friendly, 0, 0, 0",3808.0
Hotel Daspalla Hyderabad,4.2,Hyderabad,"4-star hotel, Free breakfast, Free Wi-Fi, Free parking, Pool, Air conditioning, Fitness center, Spa, Bar",5446.0
Capital O Jubilee Banjara Suites Near City Center Mall,3.2,Hyderabad,"Apartment, Sleeps 4, 2 bedrooms, Air conditioning, Cable TV, Free Wi-Fi, No airport shuttle, No beach access, No elevator",1044.0
Luxury House in Hyderabad With Chef and Driver,5.0,Hyderabad,"Sleeps 6, 3 bedrooms, 4 bathrooms, Kitchen, Free parking, Free Wi-Fi, No air conditioning, No airport shuttle, No beach access",10115.0
"Taj Krishna, Hyderabad",4.5,Hyderabad,"5-star hotel, Free breakfast, Free Wi-Fi, Free parking, Pool, Air conditioning, Fitness center, Spa, Bar",11800.0
Treebo Trend South Avenue With Roadside View,3.8,Pondicherry,"3-star hotel, Free breakfast, Free Wi-Fi, Air conditioning, Bar, Restaurant, Room service, Airport shuttle, Full-service laundry",9558.0
The Bull Boutique Hotel,4.3,Pondicherry,"Free breakfast, Free Wi-Fi, Free parking, Air conditioning, Restaurant, Room service, Airport shuttle, Full-service laundry, Kid-friendly",4129.0
Aashikha Farm House,4.8,Pondicherry,"Breakfast, Free Wi-Fi, Free parking, Pool, Air conditioning, Pet-friendly, Room service, Kitchen, Airport shuttle",1974.0
HOMESTAY HOTEL LA VILLA PONDI CHÉRIE GUESTHOUSE ROOMS,4.3,Pondicherry,"Breakfast, Free Wi-Fi, Paid parking, Pool, Air conditioning, Pet-friendly, Fitness center, Spa, Restaurant",904.0
La Grrande Malar - The Boutique Hotel Pondicherry,4.4,Pondicherry,"Free breakfast, Free Wi-Fi, Paid parking, Pool, Air conditioning, Restaurant, Room service, Full-service laundry, 0",2344.0
Treebo Trend Grace Inn,4.2,Pondicherry,"3-star hotel, Free breakfast, Free Wi-Fi, Air conditioning, Restaurant, Room service, Kitchen, Full-service laundry, Kid-friendly",9698.0
Hotel Bon Sejour,3.8,Pondicherry,"3-star hotel, Free breakfast, Wi-Fi, Free parking, Air conditioning, Restaurant, Room service, Full-service laundry, Accessible",4415.0
Esparan Heritage,4.3,Pondicherry,"3-star hotel, Free breakfast, Free Wi-Fi, Air conditioning, Restaurant, Room service, Airport shuttle, Full-service laundry, Kid-friendly",1990.0
La Maison Pondichéry - Heritage Guesthouse,4.4,Pondicherry,"Free breakfast, Free Wi-Fi, Free parking, Air conditioning, Beach access, Restaurant, Room service, Airport shuttle, Full-service laundry",3846.0
Lotus Comfort- A Pondy Hotel,3.6,Pondicherry,"3-star hotel, Free breakfast, Free Wi-Fi, Free parking, Air conditioning, Restaurant, Airport shuttle, Full-service laundry, Kid-friendly",1734.0
Pleasant Inn,3.9,Pondicherry,"1-star hotel, Free breakfast, Wi-Fi, Air conditioning, Restaurant, Room service, Full-service laundry, Kid-friendly, 0",1016.0
A La Villa Creole,4.2,Pondicherry,"3-star hotel, Free breakfast, Wi-Fi, Air conditioning, Restaurant, Kitchen, Airport shuttle, Full-service laundry, Kid-friendly",1659.0
Hotel Le Royal Park,4.1,Pondicherry,"3-star hotel, Free breakfast, Free Wi-Fi, Free parking, Pool, Air conditioning, Fitness center, Spa, Bar",3415.0
Raj Residency,4.2,Pondicherry,"1-star hotel, Free breakfast, Wi-Fi, Paid parking, Air conditioning, Restaurant, Room service, Kitchen, Airport shuttle",1593.0
Hotel Ram International,3.9,Pondicherry,"3-star hotel, Breakfast, Free Wi-Fi, Free parking, Air conditioning, Restaurant, Room service, Full-service laundry, Accessible",1939.0
Prince Park Farm House,3.9,Pondicherry,"3-star hotel, Free breakfast, Free Wi-Fi, Free parking, Pool, Air conditioning, Restaurant, Room service, Full-service laundry",2258.0
Hotel D'Inn,3.6,Pondicherry,"3-star hotel, Free breakfast, Wi-Fi, Paid parking, Air conditioning, Restaurant, Room service, Kitchen, Airport shuttle",1190.0
Hotel Annamalai International,4.0,Pondicherry,"3-star hotel, Free breakfast, Free Wi-Fi, Free parking, Pool, Air conditioning, Fitness center, Restaurant, Room service",3724.0
Nomad House,4.5,Pondicherry,"Free Wi-Fi, Air conditioning, Kitchen, Full-service laundry, 0, 0, 0, 0, 0",1381.0
Villa Sentosa,4.1,Pondicherry,"Free breakfast, Free Wi-Fi, Air conditioning, Restaurant, Kitchen, Airport shuttle, Full-service laundry, Kid-friendly, 0",2168.0
Her View I Luxe Room & Kitchen,3.2,Pondicherry,"Sleeps 12, 4 bedrooms, Air conditioning, Fireplace, Cable TV, Paid parking, Free Wi-Fi, No beach access, No crib",3306.0
Maison Petite Singapore,3.9,Pondicherry,"House, Sleeps 10, 5 bedrooms, 5 bathrooms, Air conditioning, Smoke-free, Free parking, Free Wi-Fi, No airport shuttle",2521.0
Hotel Gargee Grand | Best Hotel in Patna,4.1,Patna,"4-star hotel, Free breakfast, Free Wi-Fi, Free parking, Pool, Air conditioning, Fitness center, Restaurant, Room service",4956.0
HOTEL AMALFI GRAND,4.1,Patna,"4-star hotel, Breakfast, Free Wi-Fi, Paid parking, Pool, Restaurant, Room service, Kitchen, Airport shuttle",4004.0
Hotel Fortune..,3.6,Patna,"3-star hotel, Free Wi-Fi, Paid parking, Pool, Restaurant, Kitchen, Full-service laundry, Kid-friendly, 0",1200.0
Hotel Bodhi Tree - Best Hotel in Patna | Hotels Near Patna junction Railway Station and Patna airport,4.1,Patna,"Free breakfast, Free Wi-Fi, Paid parking, Pool, Air conditioning, Restaurant, Room service, Full-service laundry, Kid-friendly",2438.0
"Lemon Tree Premier, Patna",4.1,Patna,"4-star hotel, Free breakfast, Free Wi-Fi, Free parking, Pool, Air conditioning, Fitness center, Spa, Restaurant",6472.0
The Grand Empire | Best 4 Star Luxury Hotel in Patna,4.0,Patna,"4-star hotel, Breakfast, Free Wi-Fi, Free parking, Air conditioning, Fitness center, Restaurant, Room service, Kitchen",4662.0
Ghar Aangan Resort,3.9,Patna,"3-star hotel, Free breakfast, Free Wi-Fi, Free parking, Pool, Air conditioning, Pet-friendly, Restaurant, Room service",2902.0
The Park Pride,4.2,Patna,"Free breakfast, Free Wi-Fi, Paid parking, Pool, Restaurant, Room service, Full-service laundry, 0, 0",2837.0
"Hotel Virasat Retreat, Opposit Medanta Hospital,Patna",4.0,Patna,"Free breakfast, Free Wi-Fi, Free parking, Pool, Air conditioning, Fitness center, Bar, Restaurant, Room service",1712.0
Buddha Heritage,4.0,Patna,"3-star hotel, Breakfast, Free Wi-Fi, Free parking, Air conditioning, Restaurant, Room service, Airport shuttle, Full-service laundry",3015.0
Hotel Maurya,4.3,Patna,"5-star hotel, Free breakfast, Free Wi-Fi, Free parking, Pool, Air conditioning, Fitness center, Spa, Restaurant",10112.0
Hotel Mundrika Deluxe,3.2,Patna,"3-star hotel, Free breakfast, Free Wi-Fi, Free parking, Pool, Air conditioning, Restaurant, Room service, Full-service laundry",1300.0
Hotel Aurelia Pearl,4.8,Patna,"Breakfast, Free Wi-Fi, Air conditioning, Restaurant, Room service, Full-service laundry, Smoke-free, 0, 0",1846.0
The Hotel Bliss | Best Hotels in Patna,4.1,Patna,"Breakfast, Free Wi-Fi, Free parking, Air conditioning, Restaurant, Room service, Airport shuttle, Full-service laundry, Accessible",1450.0
The AVR Hotel,4.1,Patna,"3-star hotel, Free breakfast, Free Wi-Fi, Free parking, Air conditioning, Fitness center, Restaurant, Room service, Airport shuttle",2438.0
Super OYO Townhouse OAK Holiday Grand,3.3,Patna,"Apartment, Sleeps 7, Air conditioning, Kitchen, Cable TV, Free Wi-Fi, No airport shuttle, No beach access, No elevator",1553.0
Hotel Windsor,3.9,Patna,"3-star hotel, Free breakfast, Free Wi-Fi, Free parking, Air conditioning, Restaurant, Room service, Airport shuttle, Full-service laundry",4536.0
Treebo Trend Seven Suites,3.5,Nagpur,"3-star hotel, Free breakfast, Free Wi-Fi, Air conditioning, Paid parking, Room service, Kitchen, Full-service laundry, Kid-friendly",2488.0
Treebo Trend Chalets,4.2,Nagpur,"3-star hotel, Free breakfast, Free Wi-Fi, Paid parking, Pool, Air conditioning, Restaurant, Room service, Full-service laundry",3008.0
Radisson Blu Hotel Nagpur,4.5,Nagpur,"5-star hotel, Breakfast, Free Wi-Fi, Paid parking, Pool, Hot tub, Air conditioning, Fitness center, Spa",9361.0
Regenta Central Hotel & Convention Centre,4.0,Nagpur,"4-star hotel, Free breakfast, Wi-Fi, Free parking, Air conditioning, Fitness center, Bar, Restaurant, Room service",3830.0
Hotel The Embassy,4.1,Nagpur,"3-star hotel, Free breakfast, Free Wi-Fi, Free parking, Pool, Air conditioning, Bar, Restaurant, Room service",3395.0
Hotel Centre Point,4.3,Nagpur,"5-star hotel, Free breakfast, Free Wi-Fi, Free parking, Pool, Air conditioning, Fitness center, Spa, Bar",4681.0
"The Legend Inn, Nagpur",4.0,Nagpur,"3-star hotel, Free breakfast, Free Wi-Fi, Free parking, Air conditioning, Bar, Restaurant, Room service, Airport shuttle",3276.0
Orange Tree Hotels,4.4,Nagpur,"Free breakfast, Free Wi-Fi, Pool, Air conditioning, Restaurant, Room service, Full-service laundry, 0, 0",3042.0
Octave Parkland Suites,4.3,Nagpur,"Breakfast, Free Wi-Fi, Free parking, Pool, Air conditioning, Room service, Kitchen, Full-service laundry, 0",2099.0
"RSVP NAGPUR(Restro-bar,Rooftop & Rooms)",4.0,Nagpur,"Free breakfast, Free Wi-Fi, Paid parking, Pool, Restaurant, Room service, Full-service laundry, 0, 0",2300.0
Hotel Orient Crown,3.9,Nagpur,"Free breakfast, Free Wi-Fi, Free parking, Pool, Air conditioning, Restaurant, Kitchen, Smoke-free, 0",1677.0
Hotel Maitrayee,4.6,Nagpur,"Free breakfast, Free Wi-Fi, Free parking, Pool, Air conditioning, Restaurant, Room service, Kitchen, Full-service laundry",2384.0
Hotel Nagpur Ashok,4.0,Nagpur,"3-star hotel, Breakfast, Free Wi-Fi, Free parking, Pool, Air conditioning, Spa, Bar, Restaurant",5235.0
Nirvana Residency,4.7,Nagpur,"0, 0, 0, 0, 0, 0, 0, 0, 0",2600.0
The Paramount Hotel,4.4,Nagpur,"Free Wi-Fi, Paid parking, Pool, Air conditioning, Room service, Kitchen, Full-service laundry, Smoke-free, 0",1071.0
Hotel President Nagpur,4.1,Nagpur,"3-star hotel, Free breakfast, Wi-Fi, Free parking, Pool, Air conditioning, Restaurant, Room service, Airport shuttle",2813.0
Treebo Trend The Pavilion,4.0,Nagpur,"Free breakfast, Free Wi-Fi, Paid parking, Pool, Air conditioning, Restaurant, Room service, Full-service laundry, 0",2966.0
Treebo Trend Hotel A1,3.9,Nagpur,"3-star hotel, Free breakfast, Free Wi-Fi, Paid parking, Pool, Air conditioning, Restaurant, Airport shuttle, Full-service laundry",2689.0
The Park Indore,4.7,Indore,"5-star hotel, Breakfast, Free Wi-Fi, Free parking, Pool, Air conditioning, Fitness center, Spa, Bar",6272.0
Pride Hotel & Convention Centre Indore,4.1,Indore,"4-star hotel, Free breakfast, Wi-Fi, Free parking, Pool, Air conditioning, Fitness center, Bar, Restaurant",3807.0
Hotel Solaris,4.0,Indore,"3-star hotel, Free breakfast, Wi-Fi, Free parking, Pool, Air conditioning, Fitness center, Restaurant, Room service",2259.0
Sayaji Hotel Indore,4.4,Indore,"5-star hotel, Free breakfast, Free Wi-Fi, Free parking, Pool, Hot tub, Air conditioning, Fitness center, Spa",5111.0
Best Western Plus Indore,4.2,Indore,"4-star hotel, Free breakfast, Free Wi-Fi, Free parking, Air conditioning, Fitness center, Bar, Restaurant, Room service",3424.0
Fairfield by Marriott Indore,4.2,Indore,"4-star hotel, Free breakfast, Free Wi-Fi, Free parking, Air conditioning, Fitness center, Bar, Restaurant, Room service",4770.0
Jalsa Resort & Banquets,4.3,Indore,"Free Wi-Fi, Free parking, Pool, Spa, Restaurant, Kitchen, Full-service laundry, Accessible, Kid-friendly",2921.0
Radisson Blu Hotel Indore,4.5,Indore,"5-star hotel, Breakfast, Free Wi-Fi, Free parking, Pool, Hot tub, Air conditioning, Fitness center, Spa",6266.0
Indore Marriott Hotel,4.4,Indore,"5-star hotel, Breakfast, Free Wi-Fi, Free parking, Pool, Air conditioning, Fitness center, Spa, Bar",6721.0
Sheraton Grand Palace Indore,4.3,Indore,"5-star hotel, Breakfast, Free Wi-Fi, Free parking, Pool, Air conditioning, Fitness center, Spa, Bar",7280.0
Jardin Hotels,4.2,Indore,"Free breakfast, Free Wi-Fi, Free parking, Pool, Restaurant, Room service, Kitchen, Full-service laundry, Accessible",2508.0
"WOW Crest, Indore - IHCL SeleQtions",4.3,Indore,"Free breakfast, Free Wi-Fi, Paid parking, Pool, Air conditioning, Fitness center, Spa, Bar, Restaurant",5878.0
Effotel by Sayaji,4.3,Indore,"4-star hotel, Free breakfast, Free Wi-Fi, Paid parking, Pool, Air conditioning, Restaurant, Room service, Airport shuttle",4090.0
"Hotel Meritel Grande, Indore",4.9,Indore,"Free breakfast, Free Wi-Fi, Free parking, Air conditioning, Spa, Bar, Restaurant, Room service, Kitchen",1384.0
Hotel Vrindavan Palace,4.4,Indore,"Free Wi-Fi, Free parking, Pool, Air conditioning, Pet-friendly, Room service, Kitchen, Full-service laundry, 0",1871.0
Hotel Shri Niwas,3.7,Indore,"2-star hotel, Free Wi-Fi, Paid parking, Pool, Kitchen, Full-service laundry, Kid-friendly, 0, 0",1289.0
JMC HOTEL S GRANDE INDORE,4.6,Indore,"3-star hotel, Free breakfast, Free Wi-Fi, Free parking, Air conditioning, Fitness center, Restaurant, Room service, Kitchen",2239.0
My Special House,2.9,Indore,"Sleeps 2, 1 bedroom, Air conditioning, Fireplace, Paid parking, Free Wi-Fi, No crib, No elevator, No fitness center",1020.0
Astha Lakshmi Tourist Homestay,4.5,Indore,"Sleeps 6, 2 bedrooms, Air conditioning, Fireplace, Cable TV, Paid parking, Free Wi-Fi, No crib, No elevator",1428.0
Treebo Trend Grand Euro,4.7,Indore,"Free breakfast, Free Wi-Fi, Free parking, Air conditioning, Restaurant, Room service, Full-service laundry, Business center, Kid-friendly",2570.0
Trident Hotel Jaipur,4.4,Jaipur,"5-star hotel, Breakfast, Free Wi-Fi, Free parking, Pool, Air conditioning, Fitness center, Spa, Bar",14160.0
The Lalit Jaipur,4.4,Jaipur,"5-star hotel, Free breakfast, Wi-Fi, Free parking, Pool, Air conditioning, Fitness center, Spa, Bar",12389.0
Hotel Sarang Palace - Boutique Stays & Candlelight Dining,4.4,Jaipur,"3-star hotel, Breakfast, Free Wi-Fi, Free parking, Air conditioning, Spa, Bar, Restaurant, Room service",2724.0
Moustache Jaipur,4.4,Jaipur,"2-star hotel, Free Wi-Fi, Pool, Air conditioning, Restaurant, Kitchen, Full-service laundry, 0, 0",1039.0
Chokhi Dhani Resort,4.3,Jaipur,"5-star hotel, Free breakfast, Free Wi-Fi, Free parking, Pool, Air conditioning, Fitness center, Spa, Restaurant",10029.0
"Holiday Inn Jaipur City Centre, an IHG Hotel",4.5,Jaipur,"5-star hotel, Breakfast, Free Wi-Fi, Free parking, Pool, Air conditioning, Fitness center, Spa, Bar",14190.0
Umaid Bhawan-A Royal Heritage Style Boutique Hotel,4.3,Jaipur,"4-star hotel, Free breakfast, Free Wi-Fi, Free parking, Pool, Air conditioning, Bar, Restaurant, Room service",5585.0
Jaipur Marriott Hotel,4.5,Jaipur,"5-star hotel, Breakfast, Free Wi-Fi, Free parking, Pool, Hot tub, Air conditioning, Fitness center, Spa",7840.0
"Devi Ratn, Jaipur – IHCL SeleQtions",4.5,Jaipur,"5-star hotel, Free breakfast, Free Wi-Fi, Free parking, Pool, Hot tub, Air conditioning, Pet-friendly, Fitness center",16992.0
Hotel Rajasthan Palace,4.7,Jaipur,"3-star hotel, Breakfast, Free Wi-Fi, Free parking, Pool, Air conditioning, Restaurant, Room service, Airport shuttle",5479.0
WelcomHeritage Traditional Haveli,4.5,Jaipur,"5-star hotel, Free breakfast, Free Wi-Fi, Free parking, Pool, Air conditioning, Spa, Bar, Restaurant",4704.0
Hilton Jaipur,4.4,Jaipur,"5-star hotel, Breakfast, Free Wi-Fi, Free parking, Pool, Air conditioning, Fitness center, Spa, Bar",6885.0
"Lemon Tree Premier, Jaipur",4.3,Jaipur,"4-star hotel, Breakfast, Wi-Fi, Free parking, Pool, Air conditioning, Fitness center, Spa, Bar",3920.0
Hotel Grand Lotus Inn,4.7,Jaipur,"3-star hotel, Breakfast, Free Wi-Fi, Free parking, Air conditioning, Restaurant, Room service, Airport shuttle, Full-service laundry",1489.0
"Jai Mahal Palace, Jaipur",4.7,Jaipur,"5-star hotel, Free breakfast, Free Wi-Fi, Free parking, Pool, Air conditioning, Fitness center, Spa, Bar",34173.0
Dera Jaipur,4.5,Jaipur,"Sleeps 17, 6 bedrooms, Air conditioning, Fireplace, Cable TV, Paid parking, Free Wi-Fi, No crib, No elevator",8400.0
Blue Beds Jaipur,4.4,Jaipur,"3-star hotel, Breakfast, Free Wi-Fi, Paid parking, Air conditioning, Restaurant, Kitchen, Airport shuttle, Full-service laundry",1858.0
Hotel Royal Orchid Jaipur,4.3,Jaipur,"5-star hotel, Free breakfast, Free Wi-Fi, Paid parking, Pool, Hot tub, Air conditioning, Fitness center, Restaurant",6011.0
Ginger Jaipur,4.1,Jaipur,"3-star hotel, Free Wi-Fi, Paid parking, Air conditioning, Fitness center, Breakfast, Full-service laundry, Kid-friendly, 0",3135.0
Pride Amber Vilas Resort & Convention Centre,4.2,Jaipur,"4-star hotel, Free breakfast, Free Wi-Fi, Free parking, Pool, Air conditioning, Fitness center, Spa, Restaurant",7951.0
Sureli Haveli Jaipur,3.8,Jaipur,"Sleeps 2, 1 bedroom, Paid parking, No outdoor grill, Not pet-friendly, Not smoke-free, Not wheelchair accessible, 0, 0",1415.0
ibis Nashik,4.4,Nashik,"2-star hotel, Free breakfast, Free Wi-Fi, Free parking, Air conditioning, Pet-friendly, Fitness center, Restaurant, Full-service laundry",2911.0
Treebo Trend Abode,4.0,Nashik,"3-star hotel, Free breakfast, Free Wi-Fi, Paid parking, Air conditioning, Kitchen, Full-service laundry, Kid-friendly, 0",3271.0
Birla Ayurveda Stay Centre,4.1,Nashik,"Sleeps 6, 2 bedrooms, Air conditioning, Paid parking, Free Wi-Fi, No crib, No elevator, No fireplace, No fitness center",1482.0
Raghunandan Resort,4.2,Nashik,"0, 0, 0, 0, 0, 0, 0, 0, 0",2195.0
The Emerald Park,4.0,Nashik,"3-star hotel, Breakfast, Free Wi-Fi, Free parking, Air conditioning, Bar, Restaurant, Room service, Full-service laundry",3190.0
The Gateway Hotel Ambad Nashik,4.6,Nashik,"5-star hotel, Free breakfast, Free Wi-Fi, Free parking, Pool, Air conditioning, Pet-friendly, Fitness center, Spa",12980.0
"Enrise by Sayaji - Nashik, Best Banquet Hotel",4.2,Nashik,"Breakfast, Free Wi-Fi, Free parking, Air conditioning, Bar, Restaurant, Room service, Airport shuttle, Full-service laundry",3489.0
"Hotel Royale Heritage, Nashik",3.8,Nashik,"3-star hotel, Free breakfast, Free Wi-Fi, Free parking, Air conditioning, Pet-friendly, Restaurant, Room service, Airport shuttle",1242.0
Courtyard by Marriott Nashik,4.4,Nashik,"5-star hotel, Free breakfast, Free Wi-Fi, Free parking, Pool, Air conditioning, Fitness center, Spa, Restaurant",9735.0
Ginger Nashik,3.8,Nashik,"3-star hotel, Free Wi-Fi, Paid parking, Air conditioning, Fitness center, Breakfast, Kitchen, Full-service laundry, Kid-friendly",3518.0
Hotel Panchavati Yatri,4.0,Nashik,"2-star hotel, Free breakfast, Free Wi-Fi, Free parking, Air conditioning, Restaurant, Room service, Kitchen, Full-service laundry",1934.0
Caves County,4.1,Nashik,"Free breakfast, Free Wi-Fi, Free parking, Restaurant, Room service, Full-service laundry, 0, 0, 0",4021.0
Hotel Rama Heritage,4.1,Nashik,"3-star hotel, Free breakfast, Free Wi-Fi, Free parking, Air conditioning, Restaurant, Room service, Full-service laundry, Accessible",2746.0
PANCHAVATI ELITE INN,3.6,Nashik,"3-star hotel, Free breakfast, Free Wi-Fi, Free parking, Pool, Air conditioning, Restaurant, Room service, Full-service laundry",2071.0
"Holiday Inn Express Nashik Indira Nagar, an IHG Hotel",3.8,Nashik,"2-star hotel, Free breakfast, Free Wi-Fi, Free parking, Air conditioning, Fitness center, Restaurant, Room service, Accessible",4434.0
Shakuntala Farms - Rustic Farmstay with Modern Comforts,4.9,Nashik,"Free breakfast, Free Wi-Fi, Free parking, Air conditioning, Kitchen, Full-service laundry, 0, 0, 0",4745.0
Hotel Grand Rio,4.5,Nashik,"4-star hotel, Free breakfast, Free Wi-Fi, Paid parking, Pool, Restaurant, Room service, Kitchen, Airport shuttle",4016.0
"Hotel MBC Citadel Nashik ( Near Sula, Trimbakeshwar and MIDC Area )",4.2,Nashik,"Breakfast, Free Wi-Fi, Free parking, Air conditioning, Restaurant, Room service, Airport shuttle, Full-service laundry, Accessible",3870.0
Shriram Guest House,3.0,Nashik,"Free Wi-Fi, Pool, Kitchen, Full-service laundry, Kid-friendly, 0, 0, 0, 0",618.0
Quality Inn Regency,3.8,Nashik,"3-star hotel, Free breakfast, Free Wi-Fi, Free parking, Pool, Air conditioning, Fitness center, Bar, Restaurant",3210.0
"Treebo Trend The Utsav, Nashik",4.6,Nashik,"Free breakfast, Free Wi-Fi, Paid parking, Pool, Air conditioning, Restaurant, Room service, Kitchen, Full-service laundry",2968.0
Itsy by Treebo - Oasis Pride,4.0,Nashik,"Free breakfast, Free Wi-Fi, Free parking, Air conditioning, Room service, Kitchen, Full-service laundry, Accessible, Kid-friendly",2217.0
Best Western Bliss,4.1,Kanpur,"3-star hotel, Free breakfast, Free Wi-Fi, Free parking, Air conditioning, Pet-friendly, Restaurant, Room service, Kitchen",3300.0
MVR Grand Hotel,4.4,Kanpur,"Free breakfast, Free Wi-Fi, Paid parking, Pool, Restaurant, Room service, Kitchen, Full-service laundry, 0",3744.0
The Landmark Towers,4.4,Kanpur,"5-star hotel, Free breakfast, Free Wi-Fi, Free parking, Pool, Hot tub, Air conditioning, Fitness center, Spa",6719.0
Red Orchid Hotel Kanpur,4.3,Kanpur,"Free breakfast, Free Wi-Fi, Paid parking, Bar, Restaurant, Room service, Kitchen, Full-service laundry, 0",2335.0
Hotel Kartar Yatri Niwas,4.1,Kanpur,"Free Wi-Fi, Air conditioning, Room service, Kitchen, Full-service laundry, 0, 0, 0, 0",627.0
Vijay Intercontinental,4.1,Kanpur,"5-star hotel, Free breakfast, Free Wi-Fi, Free parking, Pool, Air conditioning, Fitness center, Spa, Bar",4452.0
Moon And Mars Resort,4.3,Kanpur,"Free breakfast, Free Wi-Fi, Free parking, Pool, Air conditioning, Restaurant, Room service, Airport shuttle, Full-service laundry",4242.0
Status club business Hotel,3.9,Kanpur,"3-star hotel, Free breakfast, Free Wi-Fi, Free parking, Pool, Air conditioning, Restaurant, Airport shuttle, Full-service laundry",2395.0
Hotel Bhagyaraj Palace -Best Hotel In Kanpur,4.2,Kanpur,"Free Wi-Fi, Paid parking, Restaurant, Room service, Kitchen, Full-service laundry, 0, 0, 0",1826.0
Hotel The Novelty,4.8,Kanpur,"Free Wi-Fi, Air conditioning, Breakfast, Paid parking, Room service, Kitchen, Kid-friendly, Smoke-free, 0",1800.0
Little Chef Hotel,4.3,Kanpur,"3-star hotel, Free breakfast, Wi-Fi, Paid parking, Air conditioning, Fitness center, Bar, Restaurant, Room service",3679.0
"Krishna vatika, Krishna nagar Kanpur nagar uttar pradesh",4.2,Kanpur,"0, 0, 0, 0, 0, 0, 0, 0, 0",2600.0
THE VILLA,3.9,Kanpur,"3-star hotel, Free Wi-Fi, Pool, Kitchen, Full-service laundry, Kid-friendly, 0, 0, 0",3133.0
Hotel Sant Villa,3.2,Kanpur,"1-star hotel, Free Wi-Fi, Air conditioning, Kitchen, Full-service laundry, 0, 0, 0, 0",533.0
Status Club & Resort,4.3,Kanpur,"3-star hotel, Air conditioning, Kid-friendly, 0, 0, 0, 0, 0, 0",4040.0
The Deep Hotel,4.0,Kanpur,"3-star hotel, Free breakfast, Free Wi-Fi, Free parking, Air conditioning, Restaurant, Room service, Full-service laundry, 0",2072.0
THE ROYAL ORCHID HOTEL | Hotels in Kanpur,4.1,Kanpur,"Free Wi-Fi, Paid parking, Pool, Restaurant, Room service, Kitchen, Full-service laundry, 0, 0",3280.0
The Altius Boutique Hotel,4.0,Chandigarh,"4-star hotel, Free breakfast, Free Wi-Fi, Free parking, Pool, Air conditioning, Bar, Restaurant, Room service",4435.0
Hotel Oyster,4.0,Chandigarh,"3-star hotel, Free breakfast, Free Wi-Fi, Paid parking, Air conditioning, Fitness center, Spa, Bar, Restaurant",3528.0
Hotel Emerald Chandigarh,4.2,Chandigarh,"3-star hotel, Free breakfast, Free Wi-Fi, Air conditioning, Restaurant, Room service, Airport shuttle, Full-service laundry, Kid-friendly",1765.0
Hotel Aroma Chandigarh,4.3,Chandigarh,"3-star hotel, Free breakfast, Free Wi-Fi, Free parking, Air conditioning, Fitness center, Spa, Restaurant, Room service",3035.0
Hotel The Yellow,4.1,Chandigarh,"Free breakfast, Free Wi-Fi, Free parking, Air conditioning, Restaurant, Room service, Airport shuttle, Full-service laundry, Accessible",1651.0
Hotel Royal Park 22,4.3,Chandigarh,"3-star hotel, Free Wi-Fi, Air conditioning, Pet-friendly, Restaurant, Kitchen, Airport shuttle, Full-service laundry, Kid-friendly",2231.0
Hotel City Palace,3.4,Chandigarh,"Breakfast, Free Wi-Fi, Air conditioning, Restaurant, Room service, Kitchen, Full-service laundry, 0, 0",461.0
"The Fern Residency, Chandigarh",4.0,Chandigarh,"3-star hotel, Free breakfast, Free Wi-Fi, Free parking, Air conditioning, Bar, Restaurant, Room service, Airport shuttle",4077.0
Wyndham Chandigarh Mohali,4.6,Chandigarh,"Free breakfast, Free Wi-Fi, Free parking, Pool, Hot tub, Air conditioning, Fitness center, Spa, Restaurant",10636.0
Hotel City Heart Premium,3.8,Chandigarh,"3-star hotel, Free breakfast, Free Wi-Fi, Paid parking, Air conditioning, Bar, Restaurant, Room service, Full-service laundry",2036.0
Hotel Pride,4.5,Chandigarh,"2-star hotel, Free breakfast, Free Wi-Fi, Free parking, Air conditioning, Restaurant, Room service, Airport shuttle, Full-service laundry",1407.0
The Regent hotel,3.5,Chandigarh,"3-star hotel, Free breakfast, Wi-Fi, Paid parking, Air conditioning, Restaurant, Room service, Airport shuttle, Full-service laundry",1950.0
Hotel Chandigarh Beckons,4.2,Chandigarh,"3-star hotel, Free breakfast, Wi-Fi, Free parking, Pool, Air conditioning, Restaurant, Room service, Full-service laundry",2808.0
Taj Chandigarh,4.4,Chandigarh,"5-star hotel, Free breakfast, Free Wi-Fi, Free parking, Pool, Hot tub, Air conditioning, Fitness center, Spa",15337.0
The Piccadily Hotel,4.1,Chandigarh,"4-star hotel, Free breakfast, Free Wi-Fi, Paid parking, Air conditioning, Bar, Restaurant, Room service, Kitchen",4656.0
Amara Hotel,4.1,Chandigarh,"3-star hotel, Free breakfast, Wi-Fi, Air conditioning, Restaurant, Room service, Airport shuttle, Full-service laundry, Accessible",2533.0
Hotel Landmark Chandigarh,3.8,Chandigarh,"2-star hotel, Breakfast, Free Wi-Fi, Paid parking, Hot tub, Air conditioning, Restaurant, Room service, Kitchen",1976.0
Hotel Park Inn,4.1,Chandigarh,"3-star hotel, Free breakfast, Wi-Fi, Air conditioning, Restaurant, Room service, Full-service laundry, Kid-friendly, 0",3506.0
Kapoor's Homestay Chandigarh,3.2,Chandigarh,"Sleeps 5, 2 bedrooms, Air conditioning, Fireplace, Cable TV, Paid parking, Free Wi-Fi, No crib, No elevator",2580.0
Natures Blessing,4.9,Chandigarh,"Sleeps 7, 3 bedrooms, Air conditioning, Elevator, Fireplace, Kitchen, Paid parking, Free Wi-Fi, No crib",2528.0
Hotel Parkview,4.0,Chandigarh,"0, 0, 0, 0, 0, 0, 0, 0, 0",2398.0
Hotel Icon,4.2,Chandigarh,"4-star hotel, Free breakfast, Wi-Fi, Pool, Air conditioning, Restaurant, Room service, Airport shuttle, Full-service laundry",5544.0
The Guwahati Address,4.3,Guwahati,"4-star hotel, Free breakfast, Wi-Fi, Paid parking, Air conditioning, Restaurant, Room service, Airport shuttle, Full-service laundry",6720.0
Treebo Trend Umal Homestay,4.5,Guwahati,"3-star hotel, Free breakfast, Free Wi-Fi, Paid parking, Pool, Air conditioning, Restaurant, Kitchen, Full-service laundry",2572.0
"Radisson Blu Hotel, Guwahati",4.5,Guwahati,"5-star hotel, Breakfast, Free Wi-Fi, Free parking, Pool, Hot tub, Air conditioning, Fitness center, Spa",7153.0
Exotic Villa Homestay,4.3,Guwahati,"Breakfast, Free Wi-Fi, Free parking, Room service, Kitchen, Full-service laundry, Kid-friendly, 0, 0",1026.0
Vivanta Guwahati,4.4,Guwahati,"5-star hotel, Free breakfast, Free Wi-Fi, Free parking, Pool, Hot tub, Air conditioning, Pet-friendly, Fitness center",9781.0
"The Greenwood Resort, Guwahati",4.3,Guwahati,"3-star hotel, Free breakfast, Free Wi-Fi, Free parking, Pool, Air conditioning, Spa, Bar, Restaurant",7111.0
Novotel Guwahati GS Road,4.6,Guwahati,"5-star hotel, Free breakfast, Free Wi-Fi, Free parking, Pool, Air conditioning, Fitness center, Spa, Bar",8623.0
Ginger Guwahati,3.8,Guwahati,"3-star hotel, Free Wi-Fi, Paid parking, Air conditioning, Fitness center, Breakfast, Full-service laundry, Kid-friendly, 0",3358.0
A P Home's,4.4,Guwahati,"Sleeps 6, 2 bedrooms, Air conditioning, Fireplace, Cable TV, Free Wi-Fi, No crib, No elevator, No fitness center",1306.0
Mahalaxmi Home Stay,4.3,Guwahati,"Breakfast, Free Wi-Fi, Free parking, Air conditioning, Bar, Restaurant, Room service, Kitchen, Airport shuttle",710.0
The Ornate,4.2,Guwahati,"3-star hotel, Breakfast, Free Wi-Fi, Free parking, Air conditioning, Bar, Restaurant, Room service, Full-service laundry",4017.0
Gibbon Backpackers Hostel,4.5,Guwahati,"Breakfast, Free Wi-Fi, Paid parking, Air conditioning, Restaurant, Kitchen, Full-service laundry, 0, 0",782.0
Pragati Manor,4.1,Guwahati,"3-star hotel, Free breakfast, Free Wi-Fi, Free parking, Pool, Air conditioning, Restaurant, Room service, Airport shuttle",4451.0
The Rhino,4.0,Guwahati,"0, 0, 0, 0, 0, 0, 0, 0, 0",1371.0
Hiltop Lodge,3.8,Guwahati,"Sleeps 5, 2 bedrooms, Fireplace, Paid parking, Free Wi-Fi, No air conditioning, No crib, No elevator, No fitness center",1166.0
Airport Guest House Guwahati,4.0,Guwahati,"3-star hotel, Free breakfast, Free Wi-Fi, Paid parking, Pool, Air conditioning, Restaurant, Room service, Kitchen",2354.0
"The Greenwood, Guwahati : A Luxury Boutique Hotel",4.6,Guwahati,"Breakfast, Free Wi-Fi, Free parking, Pool, Air conditioning, Fitness center, Spa, Bar, Restaurant",6335.0
Dula Homestay,4.7,Guwahati,"Free Wi-Fi, Free parking, Air conditioning, Breakfast, Kitchen, Accessible, 0, 0, 0",1034.0
Luit Vista Guest House (A boutique Heritage property),4.3,Guwahati,"Breakfast, Free Wi-Fi, Free parking, Air conditioning, Restaurant, Room service, Airport shuttle, Kid-friendly, Smoke-free",2106.0
Hotel Dynasty,4.1,Guwahati,"4-star hotel, Free breakfast, Free Wi-Fi, Paid parking, Air conditioning, Fitness center, Spa, Bar, Restaurant",3604.0
Ratnamouli Palace,4.6,Guwahati,"Free breakfast, Free Wi-Fi, Free parking, Pool, Air conditioning, Fitness center, Spa, Bar, Restaurant",6720.0
Treebo Trend Pappilon Palace,4.2,Mangalore,"3-star hotel, Free breakfast, Free Wi-Fi, Free parking, Air conditioning, Room service, Full-service laundry, Kid-friendly, Smoke-free",3008.0
Treebo Trend The Horizon - Hotel in Mangalore,4.1,Mangalore,"3-star hotel, Free breakfast, Free Wi-Fi, Paid parking, Pool, Air conditioning, Restaurant, Kitchen, Full-service laundry",2738.0
Rks Beachfront,4.8,Mangalore,"Free Wi-Fi, Free parking, Pool, Beach access, Bar, Restaurant, Room service, Kitchen, Full-service laundry",4116.0
Hotel Manorama,4.0,Mangalore,"3-star hotel, Free Wi-Fi, Free parking, Air conditioning, Kitchen, Airport shuttle, Full-service laundry, Kid-friendly, 0",1237.0
Grand Plaza Hotel,3.9,Mangalore,"3-star hotel, Free breakfast, Free Wi-Fi, Paid parking, Air conditioning, Room service, Airport shuttle, Kid-friendly, 0",2580.0
Hotel Ganga Sagar,4.3,Mangalore,"Free breakfast, Free Wi-Fi, Pool, Air conditioning, Restaurant, Room service, Full-service laundry, Kid-friendly, Smoke-free",1348.0
"Vivanta Mangalore, Old Port Road",4.2,Mangalore,"4-star hotel, Free breakfast, Free Wi-Fi, Free parking, Pool, Air conditioning, Pet-friendly, Fitness center, Spa",6891.0
Hotel Mangalore International,3.8,Mangalore,"3-star hotel, Free breakfast, Free Wi-Fi, Free parking, Pool, Restaurant, Room service, Full-service laundry, Kid-friendly",1362.0
Cosmo Lodge,3.8,Mangalore,"Free Wi-Fi, Paid parking, Air conditioning, Breakfast, Room service, Kitchen, Full-service laundry, Accessible, Kid-friendly",887.0
The Sea View,4.2,Mangalore,"Free breakfast, Free Wi-Fi, Free parking, Pool, Spa, Bar, Restaurant, Room service, Kitchen",4777.0
Hotel Heraa International - The Heraa Inn,4.6,Mangalore,"0, 0, 0, 0, 0, 0, 0, 0, 0",2239.0
Hotel Poonja International,3.5,Mangalore,"3-star hotel, Free breakfast, Free Wi-Fi, Paid parking, Air conditioning, Restaurant, Room service, Airport shuttle, Full-service laundry",1677.0
THE OCEAN PEARL INN,4.3,Mangalore,"Free breakfast, Free parking, Air conditioning, Restaurant, Room service, Airport shuttle, Full-service laundry, Accessible, 0",4106.0
The Ocean Pearl,4.4,Mangalore,"3-star hotel, Free breakfast, Free Wi-Fi, Free parking, Pool, Air conditioning, Fitness center, Spa, Bar",5891.0
Royal Plaza Suites,4.7,Mangalore,"Free breakfast, Free Wi-Fi, Free parking, Air conditioning, Fitness center, Restaurant, Room service, Airport shuttle, 0",4409.0
Goldfinch Hote l Mangaluru,4.2,Mangalore,"Breakfast, Free Wi-Fi, Paid parking, Pool, Fitness center, Restaurant, Room service, Kitchen, Airport shuttle",4619.0
Hotel Paramount Suites & Service Apartments (Mangalore),4.5,Mangalore,"Free Wi-Fi, Free parking, Pool, Air conditioning, Room service, Kitchen, Full-service laundry, Business center, 0",2464.0
Hotel Plaza Heights,4.6,Mangalore,"Free Wi-Fi, Free parking, Air conditioning, Smoke-free, 0, 0, 0, 0, 0",1937.0
Woodlands Hotel,4.0,Mangalore,"Breakfast, Free parking, Wi-Fi, Restaurant, Room service, Full-service laundry, Kid-friendly, 0, 0",1888.0
AJ Grand Hotel,4.5,Mangalore,"Free breakfast, Free Wi-Fi, Free parking, Pool, Air conditioning, Fitness center, Spa, Bar, Restaurant",4620.0
Grand Mercure Mysore,4.5,Mysore,"5-star hotel, Free breakfast, Free Wi-Fi, Free parking, Pool, Air conditioning, Fitness center, Spa, Bar",7503.0
Treebo Trend Akshaya Mahal Inn - Hotel in Mysore,4.2,Mysore,"3-star hotel, Free breakfast, Free Wi-Fi, Free parking, Air conditioning, Restaurant, Room service, Kid-friendly, 0",5572.0
Tulips Homestay | Studio Rooms & Wi-Fi,4.3,Mysore,"Sleeps 6, 2 bedrooms, Air conditioning, Fireplace, Cable TV, Paid parking, Free Wi-Fi, No crib, No elevator",2195.0
Lalitha Mahal Palace Hotel,4.3,Mysore,"4-star hotel, Free breakfast, Wi-Fi, Free parking, Pool, Air conditioning, Restaurant, Room service, Full-service laundry",5244.0
"Hotel Heritage Inn, Mysore",4.3,Mysore,"Free breakfast, Free Wi-Fi, Free parking, Air conditioning, Restaurant, Room service, Kitchen, Full-service laundry, Kid-friendly",1967.0
Hotel Garden City,3.6,Mysore,"2-star hotel, Breakfast, Free Wi-Fi, Free parking, Restaurant, Room service, Airport shuttle, Full-service laundry, Kid-friendly",715.0
Aishwarya Le Royal (Best Budget Hotel in Mysore),3.7,Mysore,"3-star hotel, Free Wi-Fi, Paid parking, Air conditioning, Restaurant, Kitchen, Full-service laundry, 0, 0",1048.0
Hotel Mayura Hoysala Mysuru,4.1,Mysore,"3-star hotel, Free Wi-Fi, Free parking, Air conditioning, Breakfast, Bar, Restaurant, Room service, Airport shuttle",2419.0
Livaana (Formerly known as Vivaana),3.8,Mysore,"Breakfast, Free Wi-Fi, Free parking, Pool, Bar, Restaurant, Room service, Kitchen, Airport shuttle",2193.0
Hotel Sandesh The Prince,4.1,Mysore,"4-star hotel, Free breakfast, Free Wi-Fi, Free parking, Pool, Hot tub, Air conditioning, Fitness center, Spa",3008.0
"Fortune JP Palace, Mysore - Member ITC's hotel group",4.3,Mysore,"4-star hotel, Breakfast, Free Wi-Fi, Free parking, Pool, Air conditioning, Fitness center, Spa, Bar",4880.0
Country Inn Mysore - Mosaic,4.5,Mysore,"0, 0, 0, 0, 0, 0, 0, 0, 0",4645.0
Hotel Sepoy Grande,4.0,Mysore,"3-star hotel, Free Wi-Fi, Paid parking, Pool, Restaurant, Room service, Airport shuttle, Full-service laundry, 0",1455.0
Silent Shores Resort & Spa,4.3,Mysore,"4-star hotel, Free breakfast, Free Wi-Fi, Free parking, Pool, Air conditioning, Fitness center, Spa, Restaurant",6838.0
Maya's Kings Kourt,4.1,Mysore,"3-star hotel, Breakfast, Free Wi-Fi, Free parking, Air conditioning, Bar, Restaurant, Room service, Full-service laundry",1852.0
Rahee Bi Roambay,4.5,Mysore,"0, 0, 0, 0, 0, 0, 0, 0, 0",1398.0
REGALIA INN AND SUITES,4.0,Mysore,"3-star hotel, Free breakfast, Free Wi-Fi, Free parking, Air conditioning, Restaurant, Kitchen, Airport shuttle, Full-service laundry",1628.0
Hotel Kalyani,3.9,Mysore,"2-star hotel, Breakfast, Free Wi-Fi, Free parking, Air conditioning, Bar, Restaurant, Room service, Airport shuttle",1288.0
Royal Tusker Luxury Service Apartments,4.9,Mysore,"Free Wi-Fi, Free parking, Air conditioning, Spa, Breakfast, Kitchen, Airport shuttle, Full-service laundry, Accessible",2107.0
Grand Maurya Hotel & Resort,4.1,Mysore,"2-star hotel, Breakfast, Free Wi-Fi, Free parking, Pool, Air conditioning, Fitness center, Bar, Restaurant",2828.0
Tulips Homestay Mysore,4.4,Mysore,"Sleeps 4, Airport shuttle, Cable TV, Wheelchair accessible, Free parking, Free Wi-Fi, No air conditioning, No beach access, No elevator",2387.0
LP Vilas,4.4,Dehradun,"4-star hotel, Free breakfast, Free Wi-Fi, Free parking, Pool, Hot tub, Air conditioning, Fitness center, Spa",5848.0
Shahanshahi Adventure Park and Wellness Resort,4.2,Dehradun,"Free breakfast, Free Wi-Fi, Free parking, Pool, Hot tub, Air conditioning, Fitness center, Spa, Bar",3207.0
The River's Edge Farm - A Boutique Stay,4.5,Dehradun,"Free breakfast, Free Wi-Fi, Free parking, Air conditioning, Pet-friendly, Room service, Airport shuttle, Full-service laundry, Kid-friendly",6114.0
Mango Tree Courtyard,4.7,Dehradun,"Free breakfast, Paid parking, Air conditioning, Restaurant, Room service, Kitchen, Full-service laundry, Kid-friendly, 0",2285.0
Hyatt Regency Dehradun Resort and Spa,4.6,Dehradun,"5-star hotel, Breakfast, Free Wi-Fi, Free parking, Pool, Air conditioning, Pet-friendly, Fitness center, Spa",20562.0
The Hosteller Dehradun,4.8,Dehradun,"Breakfast, Free Wi-Fi, Free parking, Air conditioning, Restaurant, Full-service laundry, 0, 0, 0",1315.0
Adidev Group of Homestays,4.6,Dehradun,"Breakfast, Free Wi-Fi, Paid parking, Kitchen, Full-service laundry, 0, 0, 0, 0",1005.0
Riverstone Cottages,4.0,Dehradun,"3-star hotel, Free breakfast, Wi-Fi, Free parking, Pool, Air conditioning, Restaurant, Full-service laundry, Kid-friendly",4686.0
Ramada by Wyndham,4.2,Dehradun,"4-star hotel, Free breakfast, Free Wi-Fi, Free parking, Pool, Air conditioning, Fitness center, Bar, Restaurant",6131.0
"Tree of Life Resort, Dehradun Foothills",4.5,Dehradun,"Free breakfast, Free Wi-Fi, Free parking, Pool, Pet-friendly, Restaurant, Room service, Kitchen, Full-service laundry",6176.0
Hotel Rajpur Heights,4.0,Dehradun,"3-star hotel, Breakfast, Free Wi-Fi, Free parking, Air conditioning, Restaurant, Room service, Airport shuttle, Full-service laundry",2169.0
Bhagwant Villa - A terrace view,4.4,Dehradun,"Sleeps 4, 1 bedroom, Fireplace, Paid parking, No air conditioning, No crib, No elevator, No fitness center, No ironing board",2090.0
Fairfield by Marriott Dehradun,4.4,Dehradun,"4-star hotel, Free breakfast, Free Wi-Fi, Free parking, Pool, Air conditioning, Fitness center, Restaurant, Room service",11682.0
The Sal Woods - Forest Retreat and Spa,3.9,Dehradun,"3-star hotel, Free breakfast, Free Wi-Fi, Paid parking, Pool, Air conditioning, Pet-friendly, Spa, Restaurant",6384.0
Old British House,4.7,Dehradun,"Breakfast, Free Wi-Fi, Free parking, Air conditioning, Restaurant, Kitchen, Airport shuttle, Full-service laundry, Business center",1923.0
Hotel JSR Continental,3.9,Dehradun,"3-star hotel, Free breakfast, Free Wi-Fi, Free parking, Pool, Hot tub, Air conditioning, Fitness center, Spa",3843.0
Clarion Hotel Dehradun,4.4,Dehradun,"0, 0, 0, 0, 0, 0, 0, 0, 0",3728.0
Hotel Embassy Dehradun & The Trekkers Hostel,3.8,Dehradun,"3-star hotel, Free breakfast, Free Wi-Fi, Free parking, Air conditioning, Restaurant, Room service, Full-service laundry, Kid-friendly",1069.0
Mango Tree Courtyard | Heritage Rooms with Wi-Fi,4.5,Dehradun,"Sleeps 9, 3 bedrooms, Air conditioning, Fireplace, Cable TV, Paid parking, Free Wi-Fi, No crib, No elevator",3775.0
Treebo Trend Elysee,3.8,Dehradun,"Free breakfast, Free Wi-Fi, Paid parking, Air conditioning, Restaurant, Room service, Kitchen, Airport shuttle, Full-service laundry",9035.0
Treebo Trend Blessing Bells,4.0,Dehradun,"3-star hotel, Free breakfast, Free Wi-Fi, Free parking, Air conditioning, Restaurant, Room service, Full-service laundry, Kid-friendly",9037.0
Walisons Hotel,4.2,Srinagar,"3-star hotel, Free breakfast, Free Wi-Fi, Paid parking, Restaurant, Kitchen, Airport shuttle, Full-service laundry, Kid-friendly",3780.0
"The Montreal, Srinagar- Best Hotels/4 Star Hotels/Hotel Near Dal Lake/Hotel Near Mughal Garden",4.4,Srinagar,"Free breakfast, Free Wi-Fi, Free parking, Air conditioning, Restaurant, Room service, Airport shuttle, Full-service laundry, Accessible",8991.0
Zostel Srinagar,4.5,Srinagar,"Breakfast, Free Wi-Fi, Free parking, Air conditioning, Restaurant, Airport shuttle, Smoke-free, 0, 0",1853.0
The Shelter Heritage A Boutique Hotel,4.5,Srinagar,"Free breakfast, Free Wi-Fi, Free parking, Air conditioning, Restaurant, Room service, Airport shuttle, Golf, Full-service laundry",2510.0
Hotel Samar,4.2,Srinagar,"3-star hotel, Breakfast, Free Wi-Fi, Free parking, Restaurant, Airport shuttle, Full-service laundry, Kid-friendly, Smoke-free",1669.0
Jamal Resorts,4.0,Srinagar,"4-star hotel, Free breakfast, Free Wi-Fi, Free parking, Air conditioning, Pet-friendly, Restaurant, Room service, Airport shuttle",4215.0
Hotel Himalayan Resort,4.1,Srinagar,"3-star hotel, Breakfast, Free Wi-Fi, Free parking, Pet-friendly, Bar, Restaurant, Room service, Kitchen",3920.0
Hotel New Green View Srinagar (Ghulam),3.8,Srinagar,"0, 0, 0, 0, 0, 0, 0, 0, 0",723.0
Asian Park Hotel,3.8,Srinagar,"4-star hotel, Free breakfast, Free Wi-Fi, Free parking, Air conditioning, Restaurant, Room service, Airport shuttle, Full-service laundry",4456.0
The victory (A Boutique Hotel),4.0,Srinagar,"3-star hotel, Free breakfast, Free Wi-Fi, Free parking, Air conditioning, Restaurant, Kitchen, Airport shuttle, Full-service laundry",3686.0
Hotel Sultan Residency,4.6,Srinagar,"Breakfast, Free Wi-Fi, Free parking, Air conditioning, Pet-friendly, Restaurant, Room service, Airport shuttle, Full-service laundry",1848.0
Hotel Royal Heritage,4.2,Srinagar,"3-star hotel, Free breakfast, Free Wi-Fi, Paid parking, Pool, Restaurant, Room service, Kitchen, Full-service laundry",3935.0
Floating Heritage Group,3.9,Srinagar,"4-star hotel, Free breakfast, Free Wi-Fi, Free parking, Pool, Hot tub, Air conditioning, Pet-friendly, Fitness center",1344.0
Hotel Kashmir Inn,3.9,Srinagar,"2-star hotel, Free Wi-Fi, Paid parking, Pool, Breakfast, Kitchen, Airport shuttle, Full-service laundry, Kid-friendly",826.0
Hotel Merlin Palace,4.8,Srinagar,"0, 0, 0, 0, 0, 0, 0, 0, 0",1344.0
Hotel Kashmir Hilltown,3.8,Srinagar,"3-star hotel, Free Wi-Fi, Paid parking, Pool, Kitchen, Full-service laundry, Kid-friendly, 0, 0",1700.0
Hotel Zaryab,4.7,Srinagar,"Free breakfast, Free Wi-Fi, Paid parking, Air conditioning, Restaurant, Room service, Kitchen, Full-service laundry, Accessible",5679.0
Hotel Meridien,4.0,Srinagar,"3-star hotel, Free breakfast, Free Wi-Fi, Paid parking, Pool, Restaurant, Room service, Kitchen, Full-service laundry",3632.0
Hotel Lake Scene,3.4,Srinagar,"0, 0, 0, 0, 0, 0, 0, 0, 0",664.0
"The Orchard Retreat & Spa, Srinagar",4.3,Srinagar,"5-star hotel, Free breakfast, Free Wi-Fi, Free parking, Pool, Hot tub, Air conditioning, Fitness center, Spa",14172.0
Radisson Hotel Srinagar,4.1,Srinagar,"3-star hotel, Breakfast, Free Wi-Fi, Paid parking, Pool, Air conditioning, Spa, Restaurant, Room service",14160.0
Centre Point,4.2,Jamshedpur,"4-star hotel, Free breakfast, Free Wi-Fi, Free parking, Pool, Air conditioning, Fitness center, Restaurant, Room service",4480.0
Hotel Golden Heights - Best Hotel | Budget Hotel | Best Review Hotel in Jamshedpur,4.2,Jamshedpur,"Free Wi-Fi, Pool, Restaurant, Kitchen, Full-service laundry, 0, 0, 0, 0",1762.0
The Cruze,4.2,Jamshedpur,"0, 0, 0, 0, 0, 0, 0, 0, 0",5664.0
Hotel AB Palace - Top Budget & Luxury Hotels in Jamshedpur,4.0,Jamshedpur,"3-star hotel, Free breakfast, Paid parking, Air conditioning, Restaurant, Room service, Airport shuttle, Full-service laundry, Kid-friendly",1384.0
The Bizton,4.5,Jamshedpur,"Free breakfast, Free Wi-Fi, Free parking, Pool, Air conditioning, Fitness center, Restaurant, Room service, Kitchen",5550.0
Adarsh Guest House,4.5,Jamshedpur,"4-star hotel, Breakfast, Free Wi-Fi, Free parking, Pool, Air conditioning, Restaurant, Room service, Kitchen",448.0
Ramada by Wyndham Jamshedpur,4.2,Jamshedpur,"3-star hotel, Free breakfast, Free Wi-Fi, Free parking, Pool, Hot tub, Air conditioning, Fitness center, Spa",5008.0
The Onyx Hotel - Hotel in Jamshedpur,4.3,Jamshedpur,"3-star hotel, Free breakfast, Free Wi-Fi, Air conditioning, Restaurant, Room service, Airport shuttle, Full-service laundry, Kid-friendly",2284.0
Hotel Trax International,4.7,Jamshedpur,"Free breakfast, Free Wi-Fi, Free parking, Air conditioning, Bar, Restaurant, Room service, Airport shuttle, Full-service laundry",1972.0
The Altira Hotel,4.1,Jamshedpur,"3-star hotel, Breakfast, Free Wi-Fi, Paid parking, Air conditioning, Restaurant, Kitchen, Full-service laundry, Kid-friendly",1477.0
NOVANTA JAMSHEDPUR,4.4,Jamshedpur,"Free breakfast, Free Wi-Fi, Free parking, Air conditioning, Fitness center, Restaurant, Room service, Airport shuttle, Full-service laundry",6689.0
Ginger Jamshedpur,4.0,Jamshedpur,"3-star hotel, Free Wi-Fi, Paid parking, Air conditioning, Fitness center, Breakfast, Full-service laundry, Kid-friendly, 0",3135.0
"The Sonnet, Jamshedpur",4.3,Jamshedpur,"3-star hotel, Free breakfast, Free Wi-Fi, Free parking, Air conditioning, Fitness center, Bar, Restaurant, Room service",3554.0
HOTEL DS INTERNATIONAL & KALYANAM BANQUET HALL,4.1,Jamshedpur,"Free breakfast, Free Wi-Fi, Free parking, Air conditioning, Bar, Restaurant, Room service, Airport shuttle, Full-service laundry",2668.0
Madhuban Motel,4.0,Jamshedpur,"Free breakfast, Free Wi-Fi, Free parking, Air conditioning, Restaurant, Room service, Full-service laundry, Kid-friendly, 0",2726.0
Capsule Pod Hotel,4.4,Jamshedpur,"0, 0, 0, 0, 0, 0, 0, 0, 0",1073.0
Hotel Chandra,4.1,Jamshedpur,"2-star hotel, Breakfast, Free Wi-Fi, Air conditioning, Room service, Full-service laundry, Business center, Kid-friendly, Smoke-free",729.0
Hotel Grand Residency,4.0,Jamshedpur,"Free breakfast, Free Wi-Fi, Pool, Restaurant, Room service, Kitchen, Full-service laundry, 0, 0",2281.0
Treebo Trend Pal Comfort - Hotel in Jamshedpur,4.2,Jamshedpur,"3-star hotel, Free breakfast, Free Wi-Fi, Air conditioning, Restaurant, Room service, Airport shuttle, Full-service laundry, Kid-friendly",2142.0
Gyani's Hotel,4.6,Jamshedpur,"Free breakfast, Free Wi-Fi, Free parking, Air conditioning, Restaurant, Room service, Full-service laundry, Accessible, Smoke-free",1779.0
THE PRABHA INTERNATIONAL HOTEL & CATERERS,4.0,Gwalior,"Free breakfast, Free Wi-Fi, Free parking, Hot tub, Air conditioning, Restaurant, Room service, Airport shuttle, Full-service laundry",2158.0
Hotel Ambience,3.9,Gwalior,"3-star hotel, Free breakfast, Wi-Fi, Free parking, Pool, Air conditioning, Restaurant, Room service, Airport shuttle",2191.0
Hotel Solitaire Inn,3.9,Gwalior,"3-star hotel, Free breakfast, Free Wi-Fi, Free parking, Air conditioning, Room service, Full-service laundry, Kid-friendly, Smoke-free",1372.0
Radisson Gwalior,4.3,Gwalior,"5-star hotel, Breakfast, Free Wi-Fi, Free parking, Pool, Air conditioning, Fitness center, Bar, Restaurant",6160.0
Hotel Countryside,3.1,Gwalior,"0, 0, 0, 0, 0, 0, 0, 0, 0",1230.0
The Empire Resort,4.3,Gwalior,"Free breakfast, Free Wi-Fi, Free parking, Air conditioning, Pet-friendly, Spa, Restaurant, Room service, Kitchen",2785.0
Clarks Inn Suites Gwalior,4.4,Gwalior,"4-star hotel, Free breakfast, Wi-Fi, Free parking, Pool, Air conditioning, Fitness center, Spa, Restaurant",4280.0
The Moziac Hotel,4.0,Gwalior,"Free breakfast, Free Wi-Fi, Paid parking, Air conditioning, Spa, Restaurant, Room service, Kitchen, Full-service laundry",2116.0
"Taj Usha Kiran Palace, Gwalior",4.5,Gwalior,"5-star hotel, Free breakfast, Free Wi-Fi, Free parking, Pool, Air conditioning, Fitness center, Spa, Bar",20894.0
Imperial Golf Resort and Wedding Lawns,4.5,Gwalior,"0, 0, 0, 0, 0, 0, 0, 0, 0",12458.0
Hotel Gold Inn,3.9,Gwalior,"Free Wi-Fi, Free parking, Restaurant, Room service, Kitchen, Full-service laundry, Smoke-free, 0, 0",2034.0
Hotel Anand Palace,3.7,Gwalior,"3-star hotel, Breakfast, Free Wi-Fi, Air conditioning, Pet-friendly, Restaurant, Room service, Airport shuttle, Full-service laundry",1119.0
Royal Sunrise Resort,3.9,Gwalior,"Free Wi-Fi, Paid parking, Pool, Kitchen, Full-service laundry, 0, 0, 0, 0",3232.0
Krishnam Guest House,4.0,Gwalior,"0, 0, 0, 0, 0, 0, 0, 0, 0",1115.0
Hotel Centella,4.1,Gwalior,"Free breakfast, Free Wi-Fi, Free parking, Air conditioning, Restaurant, Room service, Full-service laundry, Smoke-free, 0",2567.0
Chaitanya Kalyan Guest House,3.7,Gwalior,"0, 0, 0, 0, 0, 0, 0, 0, 0",672.0
Dera Haveli Heritage Homestay,4.3,Gwalior,"Free breakfast, Free Wi-Fi, Pool, Air conditioning, Restaurant, Room service, Full-service laundry, Kid-friendly, 0",4312.0
Govind Niwas Home Stay,2.6,Gwalior,"Sleeps 8, 3 bedrooms, Air conditioning, Fireplace, Cable TV, Paid parking, Free Wi-Fi, No crib, No elevator",1304.0
The Central Park Hotel,3.9,Gwalior,"4-star hotel, Free breakfast, Free Wi-Fi, Free parking, Pool, Air conditioning, Fitness center, Bar, Restaurant",5641.0
Treebo Trend Baby Pearl,3.9,Amravati,"3-star hotel, Free breakfast, Free Wi-Fi, Paid parking, Pool, Air conditioning, Restaurant, Room service, Full-service laundry",1909.0
Hotel Gouri Inn,3.9,Amravati,"3-star hotel, Free breakfast, Free Wi-Fi, Free parking, Air conditioning, Restaurant, Room service, Full-service laundry, Accessible",2225.0
Hotel Regency,4.1,Amravati,"3-star hotel, Free breakfast, Free parking, Wi-Fi, Room service, Full-service laundry, Kid-friendly, Smoke-free, 0",969.0
The Grand Mehfil,4.3,Amravati,"4-star hotel, Free breakfast, Free Wi-Fi, Free parking, Pool, Air conditioning, Restaurant, Room service, Airport shuttle",4021.0
Maniratna Resort,4.0,Amravati,"0, 0, 0, 0, 0, 0, 0, 0, 0",3588.0
Hotel Rangoli Pearl,4.1,Amravati,"1-star hotel, Free breakfast, Free Wi-Fi, Paid parking, Pool, Air conditioning, Restaurant, Room service, Airport shuttle",3130.0
Empire Stay,4.5,Amravati,"Free breakfast, Free Wi-Fi, Free parking, Pool, Air conditioning, Restaurant, Room service, Kitchen, Airport shuttle",2808.0
Hotel Four Season,3.5,Amravati,"0, 0, 0, 0, 0, 0, 0, 0, 0",2973.0
The Prime Park,4.3,Amravati,"0, 0, 0, 0, 0, 0, 0, 0, 0",3394.0
Hotel Vandu International,4.0,Amravati,"3-star hotel, Free breakfast, Free Wi-Fi, Free parking, Air conditioning, Restaurant, Room service, Full-service laundry, Accessible",2526.0
Hotel Rajdhani,4.0,Amravati,"Free breakfast, Free Wi-Fi, Air conditioning, Pet-friendly, Airport shuttle, Full-service laundry, Kid-friendly, 0, 0",1568.0
Hotel Excel Executive,3.8,Amravati,"3-star hotel, Free Wi-Fi, Free parking, Pool, Air conditioning, Pet-friendly, Restaurant, Room service, Kitchen",1830.0
"The Peerless Inn, Durgapur",4.0,Durgapur,"3-star hotel, Free breakfast, Free Wi-Fi, Free parking, Air conditioning, Fitness center, Restaurant, Room service, Kitchen",2589.0
The Citi Residenci Hotel,4.2,Durgapur,"Free breakfast, Free Wi-Fi, Free parking, Pool, Fitness center, Spa, Bar, Restaurant, Room service",2576.0
"Fortune Park Pushpanjali, Durgapur - Member ITC's hotel group",4.6,Durgapur,"4-star hotel, Free breakfast, Free Wi-Fi, Free parking, Pool, Air conditioning, Fitness center, Spa, Bar",5881.0
HOTEL GALAXY INN,3.6,Durgapur,"3-star hotel, Breakfast, Free Wi-Fi, Free parking, Air conditioning, Room service, Airport shuttle, Full-service laundry, Kid-friendly",795.0
The Damodar Retreat,4.6,Durgapur,"Breakfast, Free Wi-Fi, Free parking, Air conditioning, Restaurant, Room service, Kitchen, Full-service laundry, Kid-friendly",2183.0
Banerjee Inn- City Centre,4.1,Durgapur,"3-star hotel, Free breakfast, Wi-Fi, Pool, Air conditioning, Bar, Restaurant, Room service, Full-service laundry",1764.0
City International Hotel,3.8,Durgapur,"3-star hotel, Free parking, Air conditioning, Restaurant, Airport shuttle, Full-service laundry, Kid-friendly, 0, 0",1518.0
Morvee Hotels Durgapur,4.4,Durgapur,"Free breakfast, Free Wi-Fi, Paid parking, Spa, Restaurant, Room service, Kitchen, Airport shuttle, Full-service laundry",2245.0
Kalpana Inn,4.0,Durgapur,"3-star hotel, Free breakfast, Free Wi-Fi, Free parking, Pool, Air conditioning, Restaurant, Room service, Full-service laundry",1223.0
The Spices,4.0,Durgapur,"0, 0, 0, 0, 0, 0, 0, 0, 0",1663.0
Hotel Steel Regency,3.6,Durgapur,"Free breakfast, Free Wi-Fi, Free parking, Air conditioning, Room service, Kitchen, Airport shuttle, Full-service laundry, Kid-friendly",1039.0
Hotel Astor,4.3,Durgapur,"Free breakfast, Free Wi-Fi, Paid parking, Pool, Restaurant, Room service, Kitchen, Full-service laundry, Business center",1992.0
Park prime hotel,3.9,Durgapur,"3-star hotel, Free breakfast, Free Wi-Fi, Pool, Restaurant, Room service, Kitchen, Full-service laundry, 0",2388.0
OJAS HOTEL & RESORT,4.4,Durgapur,"Free breakfast, Free Wi-Fi, Free parking, Air conditioning, Bar, Restaurant, Room service, Airport shuttle, Full-service laundry",1985.0
Kohinoor Hotel and Restaurant Benachity (A Legend since 1956),3.7,Durgapur,"0, 0, 0, 0, 0, 0, 0, 0, 0",1280.0
Hotel ASTOR,4.5,Durgapur,"Free breakfast, Free Wi-Fi, Pool, Restaurant, Room service, Kitchen, Full-service laundry, 0, 0",2047.0
Treebo Trend Winsome Banquet And Resort,4.6,Ranchi,"Free breakfast, Free Wi-Fi, Paid parking, Pool, Restaurant, Room service, Kitchen, Full-service laundry, Business center",2304.0
Treebo Trend Archie Regency,4.0,Ranchi,"3-star hotel, Free breakfast, Free Wi-Fi, Air conditioning, Restaurant, Room service, Full-service laundry, Kid-friendly, 0",2205.0
Radisson Blu Hotel Ranchi,4.5,Ranchi,"5-star hotel, Breakfast, Free Wi-Fi, Free parking, Pool, Hot tub, Air conditioning, Fitness center, Spa",8047.0
"FabHotel Accord - Hotel in Ranchi Railway Station, Ranchi",4.6,Ranchi,"Free breakfast, Free Wi-Fi, Pool, Air conditioning, Paid parking, Restaurant, Room service, Kid-friendly, 0",2426.0
Park Prime Ranchi,4.0,Ranchi,"3-star hotel, Free breakfast, Free Wi-Fi, Free parking, Pool, Air conditioning, Pet-friendly, Fitness center, Spa",3931.0
Hotel Meera,4.2,Ranchi,"Free Wi-Fi, Pool, Air conditioning, Full-service laundry, Kid-friendly, 0, 0, 0, 0",645.0
The Royal Retreat,4.2,Ranchi,"Free breakfast, Free Wi-Fi, Free parking, Pool, Air conditioning, Fitness center, Bar, Restaurant, Room service",4140.0
Maplewood Hotel,4.1,Ranchi,"3-star hotel, Free breakfast, Wi-Fi, Free parking, Air conditioning, Restaurant, Room service, Full-service laundry, Accessible",3121.0
Hotel Kuber Palace,4.6,Ranchi,"1-star hotel, Free breakfast, Free Wi-Fi, Free parking, Pool, Air conditioning, Bar, Restaurant, Room service",1120.0
Hotel Fountain,4.3,Ranchi,"0, 0, 0, 0, 0, 0, 0, 0, 0",1680.0
Samargarh Resorts and hotel,3.9,Ranchi,"Free breakfast, Free Wi-Fi, Paid parking, Pool, Air conditioning, Pet-friendly, Restaurant, Room service, Full-service laundry",2654.0
The Cennet Ranchi,4.4,Ranchi,"Free breakfast, Free Wi-Fi, Paid parking, Pool, Restaurant, Room service, Kitchen, Full-service laundry, 0",2160.0
Hotel Sohrai inn,4.5,Ranchi,"Free breakfast, Free Wi-Fi, Free parking, Pool, Air conditioning, Room service, Airport shuttle, Full-service laundry, Accessible",1317.0
Chanakya BNR Hotel,4.4,Ranchi,"4-star hotel, Free breakfast, Free Wi-Fi, Free parking, Pool, Air conditioning, Fitness center, Restaurant, Room service",7116.0
"Hotel Green Horizon Station Road, Ranchi. 834001",4.2,Ranchi,"3-star hotel, Free breakfast, Free Wi-Fi, Paid parking, Pool, Fitness center, Restaurant, Room service, Full-service laundry",3087.0
Capitol Hill,4.3,Ranchi,"4-star hotel, Free breakfast, Free Wi-Fi, Free parking, Air conditioning, Fitness center, Bar, Restaurant, Room service",6318.0
Divisha The Bali Resort,4.9,Ranchi,"0, 0, 0, 0, 0, 0, 0, 0, 0",840.0
Divisha Hotel Marina,4.7,Ranchi,"Free breakfast, Free Wi-Fi, Paid parking, Pool, Air conditioning, Pet-friendly, Spa, Bar, Restaurant",1624.0
"Le Lac Sarovar Portico, Ranchi",4.2,Ranchi,"4-star hotel, Free breakfast, Free Wi-Fi, Paid parking, Air conditioning, Fitness center, Bar, Restaurant, Room service",7056.0
Hotel AVN Grand,4.2,Ranchi,"3-star hotel, Free breakfast, Free Wi-Fi, Paid parking, Air conditioning, Fitness center, Restaurant, Room service, Airport shuttle",5600.0
Treebo Trend Lalaji'S Executive,3.9,Aurangabad,"3-star hotel, Free breakfast, Free Wi-Fi, Paid parking, Pool, Air conditioning, Restaurant, Room service, Airport shuttle",2444.0
Treebo Trend Admiral Suites,3.5,Aurangabad,"Free breakfast, Free Wi-Fi, Pool, Air conditioning, Room service, Kitchen, Full-service laundry, 0, 0",2451.0
Zostel Aurangabad,4.4,Aurangabad,"Breakfast, Free Wi-Fi, Free parking, Air conditioning, Smoke-free, 0, 0, 0, 0",1219.0
MTDC Aurangabad Resort,3.8,Aurangabad,"Free breakfast, Paid parking, Pool, Restaurant, Kitchen, Airport shuttle, Full-service laundry, Kid-friendly, 0",1680.0
Hotel Royal Regency,3.7,Aurangabad,"2-star hotel, Free Wi-Fi, Paid parking, Pool, Air conditioning, Restaurant, Room service, Kitchen, Full-service laundry",914.0
Hotel Modi Samrat,4.3,Aurangabad,"2-star hotel, Breakfast, Free Wi-Fi, Free parking, Restaurant, Room service, Kitchen, Full-service laundry, Smoke-free",1263.0
Ginger Aurangabad,4.0,Aurangabad,"3-star hotel, Free Wi-Fi, Paid parking, Air conditioning, Fitness center, Breakfast, Full-service laundry, Kid-friendly, 0",2799.0
Hotel J P International,3.7,Aurangabad,"3-star hotel, Free breakfast, Free Wi-Fi, Free parking, Air conditioning, Restaurant, Room service, Airport shuttle, Full-service laundry",2513.0
Hotel Holiday Era Lodging,3.5,Aurangabad,"2-star hotel, Free breakfast, Wi-Fi, Paid parking, Air conditioning, Restaurant, Room service, Airport shuttle, Full-service laundry",871.0
7 Apple Hotel - Aurangabad,4.0,Aurangabad,"3-star hotel, Free breakfast, Free Wi-Fi, Free parking, Air conditioning, Restaurant, Full-service laundry, Accessible, Kid-friendly",2244.0
Hotel Holiday Pride,4.2,Aurangabad,"0, 0, 0, 0, 0, 0, 0, 0, 0",1813.0
Hotel The Sky Court,3.9,Aurangabad,"3-star hotel, Free breakfast, Free Wi-Fi, Pool, Air conditioning, Restaurant, Room service, Airport shuttle, Full-service laundry",1836.0
"Welcomhotel By ITC Hotels, Rama International, Aurangabad-Premium business & leisure hotel| Near Ajanta Ellora Caves",4.5,Aurangabad,"5-star hotel, Breakfast, Wi-Fi, Free parking, Pool, Air conditioning, Fitness center, Bar, Restaurant",9636.0
"Ambassador Ajanta Hotel, Aurangabad",4.2,Aurangabad,"3-star hotel, Breakfast, Free Wi-Fi, Free parking, Pool, Air conditioning, Fitness center, Spa, Bar",4322.0
"The Fern Residency, Aurangabad",4.1,Aurangabad,"4-star hotel, Free breakfast, Free Wi-Fi, Free parking, Pool, Air conditioning, Fitness center, Bar, Restaurant",4928.0
Aurangabad Gymkhana Club Hotel,4.1,Aurangabad,"3-star hotel, Free breakfast, Free Wi-Fi, Free parking, Pool, Air conditioning, Fitness center, Spa, Bar",2573.0
Hotel Grand Ecotel,4.2,Aurangabad,"Free breakfast, Free Wi-Fi, Paid parking, Pool, Air conditioning, Restaurant, Room service, Kitchen, Full-service laundry",2204.0
Hotel kartiki,4.0,Aurangabad,"Free breakfast, Free Wi-Fi, Free parking, Air conditioning, Bar, Restaurant, Room service, Full-service laundry, Kid-friendly",1087.0
Lemon Tree Hotel,4.2,Aurangabad,"4-star hotel, Free breakfast, Free Wi-Fi, Free parking, Pool, Air conditioning, Fitness center, Spa, Restaurant",6215.0
Enrise By Sayaji,4.2,Aurangabad,"3-star hotel, Free breakfast, Free Wi-Fi, Pool, Restaurant, Room service, Kitchen, Airport shuttle, Full-service laundry",3348.0
The Manor Hotel,3.9,Aurangabad,"3-star hotel, Free breakfast, Free Wi-Fi, Paid parking, Pool, Air conditioning, Restaurant, Room service, Airport shuttle",2566.0
Radhika Ex,3.9,Aurangabad,"Breakfast, Free Wi-Fi, Paid parking, Pool, Air conditioning, Kitchen, Kid-friendly, Smoke-free, 0",2357.0
Novotel Ahmedabad,4.6,Ahmedabad,"5-star hotel, Breakfast, Free Wi-Fi, Free parking, Pool, Air conditioning, Pet-friendly, Fitness center, Spa",6042.0
The Grand Bhagwati,4.3,Ahmedabad,"4-star hotel, Free breakfast, Free Wi-Fi, Paid parking, Air conditioning, Restaurant, Room service, Kitchen, Airport shuttle",4854.0
"Holiday Inn Express Ahmedabad Prahlad Nagar, an IHG Hotel",4.4,Ahmedabad,"Free breakfast, Free Wi-Fi, Free parking, Air conditioning, Fitness center, Restaurant, Room service, Airport shuttle, Accessible",4007.0
"Taj Skyline, Ahmedabad",4.5,Ahmedabad,"5-star hotel, Free breakfast, Free Wi-Fi, Free parking, Pool, Spa, Restaurant, Room service, Airport shuttle",8064.0
Hyatt Regency Ahmedabad,4.4,Ahmedabad,"5-star hotel, Breakfast, Free Wi-Fi, Free parking, Pool, Air conditioning, Fitness center, Spa, Restaurant",6490.0
"Welcomhotel By ITC Hotels, Ashram Road, Ahmedabad",4.6,Ahmedabad,"5-star hotel, Free breakfast, Free Wi-Fi, Free parking, Hot tub, Fitness center, Spa, Restaurant, Room service",5334.0
Hotel Eldorado,4.3,Ahmedabad,"3-star hotel, Free breakfast, Free Wi-Fi, Free parking, Pool, Hot tub, Air conditioning, Fitness center, Spa",3100.0
Courtyard by Marriott Ahmedabad,4.4,Ahmedabad,"5-star hotel, Breakfast, Free Wi-Fi, Free parking, Pool, Hot tub, Air conditioning, Fitness center, Spa",7263.0
"ITC Narmada, a Luxury Collection Hotel, Ahmedabad",4.6,Ahmedabad,"5-star hotel, Breakfast, Free Wi-Fi, Free parking, Pool, Air conditioning, Fitness center, Spa, Restaurant",11400.0
Hyatt Ahmedabad,4.5,Ahmedabad,"5-star hotel, Breakfast, Free Wi-Fi, Free parking, Pool, Air conditioning, Fitness center, Spa, Restaurant",5475.0
Ramada by Wyndham Ahmedabad,4.0,Ahmedabad,"4-star hotel, Free breakfast, Free Wi-Fi, Free parking, Air conditioning, Fitness center, Spa, Restaurant, Room service",4680.0
Radhe Upavan Resort,4.4,Ahmedabad,"3-star hotel, Free breakfast, Free Wi-Fi, Free parking, Pool, Air conditioning, Fitness center, Restaurant, Room service",5206.0
Agrasen Foundation,4.2,Ahmedabad,"0, 0, 0, 0, 0, 0, 0, 0, 0",1765.0
Aarya Grand Hotels & Resorts,4.2,Ahmedabad,"3-star hotel, Free breakfast, Wi-Fi, Free parking, Pool, Air conditioning, Restaurant, Room service, Airport shuttle",3091.0
DoubleTree by Hilton Ahmedabad,4.5,Ahmedabad,"5-star hotel, Free breakfast, Free Wi-Fi, Free parking, Pool, Air conditioning, Fitness center, Spa, Restaurant",6182.0
"Fortune Select SG Highway, Ahmedabad - Member ITC's hotel group",4.3,Ahmedabad,"5-star hotel, Breakfast, Free Wi-Fi, Free parking, Air conditioning, Fitness center, Restaurant, Room service, Airport shuttle",4929.0
in&out AC Dormitory Ahmedabad,4.1,Ahmedabad,"1-star hotel, Free Wi-Fi, Paid parking, Pool, Restaurant, Airport shuttle, Full-service laundry, 0, 0",646.0
Tribecca Select,4.3,Ahmedabad,"3-star hotel, Free breakfast, Wi-Fi, Free parking, Air conditioning, Restaurant, Room service, Kitchen, Airport shuttle",2097.0
BloomSuites | Ahmedabad,4.2,Ahmedabad,"4-star hotel, Free breakfast, Free Wi-Fi, Free parking, Pool, Air conditioning, Fitness center, Restaurant, Room service",4333.0
Deewanji Ni Haveli | Rooms & Restaurant,2.8,Ahmedabad,"Sleeps 12, 3 bedrooms, Air conditioning, Fireplace, Paid parking, Free Wi-Fi, No crib, No elevator, No fitness center",5003.0
"Holiday Inn Amritsar Ranjit Avenue, an IHG Hotel",4.4,Amritsar,"5-star hotel, Breakfast, Free Wi-Fi, Free parking, Pool, Air conditioning, Fitness center, Bar, Restaurant",6630.0
Regenta Central Amritsar,4.2,Amritsar,"5-star hotel, Free breakfast, Free Wi-Fi, Paid parking, Air conditioning, Fitness center, Spa, Bar, Restaurant",5599.0
Fairfield by Marriott Amritsar,4.3,Amritsar,"4-star hotel, Free breakfast, Free Wi-Fi, Free parking, Pool, Air conditioning, Fitness center, Bar, Restaurant",5509.0
Courtyard by Marriott Amritsar,4.4,Amritsar,"5-star hotel, Breakfast, Free Wi-Fi, Free parking, Pool, Air conditioning, Fitness center, Spa, Bar",6046.0
Hyatt Regency Amritsar,4.3,Amritsar,"5-star hotel, Breakfast, Free Wi-Fi, Free parking, Air conditioning, Fitness center, Spa, Bar, Restaurant",8367.0
Fabhotels - Hotel Le Golden,3.8,Amritsar,"Free breakfast, Free Wi-Fi, Paid parking, Pool, Air conditioning, Restaurant, Room service, Kitchen, Full-service laundry",1326.0
Regenta Place Amritsar,4.2,Amritsar,"4-star hotel, Free breakfast, Free Wi-Fi, Free parking, Pool, Air conditioning, Fitness center, Spa, Bar",4321.0
Madpackers Amritsar,4.4,Amritsar,"Free Wi-Fi, Kitchen, Full-service laundry, 0, 0, 0, 0, 0, 0",732.0
"Taj Swarna, Amritsar",4.4,Amritsar,"5-star hotel, Free breakfast, Free Wi-Fi, Free parking, Pool, Hot tub, Air conditioning, Fitness center, Spa",11800.0
Ramada by Wyndham Amritsar,4.3,Amritsar,"4-star hotel, Free breakfast, Free Wi-Fi, Paid parking, Pool, Air conditioning, Fitness center, Restaurant, Room service",6660.0
Treehouse London Street Amritsar,4.1,Amritsar,"Free breakfast, Free Wi-Fi, Paid parking, Pool, Restaurant, Room service, Full-service laundry, 0, 0",2669.0
HolidayVilla Amritsar,4.9,Amritsar,"4-star hotel, Free breakfast, Free Wi-Fi, Air conditioning, Room service, Kitchen, Full-service laundry, 0, 0",2455.0
Hotel Amritsar International,4.0,Amritsar,"3-star hotel, Free breakfast, Wi-Fi, Pool, Air conditioning, Restaurant, Room service, Full-service laundry, Kid-friendly",1900.0
Hotel Anchit - Walking Distance To Golden Temple,4.4,Amritsar,"Breakfast, Free Wi-Fi, Pool, Air conditioning, Room service, Full-service laundry, Smoke-free, 0, 0",1176.0
Amritsar Grand Hotel By Levelup Hotels,4.8,Amritsar,"Free breakfast, Free Wi-Fi, Paid parking, Pool, Air conditioning, Pet-friendly, Restaurant, Room service, Airport shuttle",2306.0
BR Grand Amritsar,4.4,Amritsar,"Free Wi-Fi, Paid parking, Pool, Restaurant, Room service, Kitchen, Full-service laundry, 0, 0",2326.0
"Serenity Bangla, Amritsar",4.2,Amritsar,"Sleeps 4, 1 bedroom, Air conditioning, Fireplace, Kitchen, Free parking, Free Wi-Fi, No crib, No elevator",2485.0
The Landmark Amritsar : Near Golden Temple,4.3,Amritsar,"3-star hotel, Free breakfast, Free Wi-Fi, Free parking, Air conditioning, Restaurant, Room service, Full-service laundry, Business center",3581.0
Hotel Sapphire Opposite Golden Temple,4.1,Amritsar,"3-star hotel, Breakfast, Free Wi-Fi, Paid parking, Air conditioning, Restaurant, Room service, Airport shuttle, Full-service laundry",2246.0
Shine Star By Tag Your Trip Near Golden Temple,3.8,Amritsar,"House, Sleeps 9, 3 bedrooms, Air conditioning, Fireplace, Kitchen, Cable TV, Paid parking, Free Wi-Fi",820.0
Hotel Nagpal REGENCY,3.9,Ludhiana,"3-star hotel, Breakfast, Wi-Fi, Free parking, Air conditioning, Bar, Restaurant, Room service, Airport shuttle",2666.0
Hotel Gulmor - Hotel in Ludhiana,4.0,Ludhiana,"3-star hotel, Free breakfast, Free Wi-Fi, Free parking, Pool, Air conditioning, Restaurant, Room service, Full-service laundry",2472.0
"Radisson Blu Hotel, Ludhiana",4.4,Ludhiana,"5-star hotel, Breakfast, Free Wi-Fi, Free parking, Pool, Air conditioning, Fitness center, Spa, Bar",7602.0
Hotel Brown,3.5,Ludhiana,"3-star hotel, Breakfast, Free Wi-Fi, Paid parking, Pool, Air conditioning, Kitchen, Full-service laundry, 0",903.0
Clarks Inn Express Ludhiana,4.7,Ludhiana,"Free Wi-Fi, Paid parking, Pool, Room service, Kitchen, Full-service laundry, 0, 0, 0",3948.0
Keys Select Ludhiana - By Lemon Tree Hotels,3.9,Ludhiana,"3-star hotel, Free breakfast, Wi-Fi, Free parking, Air conditioning, Fitness center, Bar, Restaurant, Room service",3078.0
Hotel Ludhiana Regency,4.2,Ludhiana,"Breakfast, Free Wi-Fi, Free parking, Bar, Restaurant, Room service, Kitchen, Full-service laundry, Kid-friendly",1562.0
Regenta Central Klassik,4.3,Ludhiana,"4-star hotel, Free breakfast, Free Wi-Fi, Paid parking, Pool, Air conditioning, Fitness center, Spa, Bar",4941.0
The Palm Court,4.3,Ludhiana,"4-star hotel, Free breakfast, Free Wi-Fi, Free parking, Air conditioning, Bar, Restaurant, Room service, Full-service laundry",4326.0
Hotel Maharaja Regency,4.4,Ludhiana,"3-star hotel, Free breakfast, Wi-Fi, Paid parking, Pool, Air conditioning, Bar, Restaurant, Room service",4792.0
Hotel The Retro Regency,4.4,Ludhiana,"Breakfast, Free Wi-Fi, Paid parking, Air conditioning, Restaurant, Room service, Full-service laundry, Smoke-free, 0",1679.0
Hotel Kohinoor Palace & Banquets,3.9,Ludhiana,"3-star hotel, Free breakfast, Free Wi-Fi, Free parking, Air conditioning, Restaurant, Room service, Airport shuttle, Full-service laundry",1905.0
Park Plaza Ludhiana,4.2,Ludhiana,"5-star hotel, Breakfast, Free Wi-Fi, Paid parking, Pool, Air conditioning, Fitness center, Spa, Bar",8057.0
Leo Fort Hotel,3.9,Ludhiana,"Free breakfast, Wi-Fi, Air conditioning, Restaurant, Room service, Kitchen, Full-service laundry, Kid-friendly, 0",2735.0
Hotel NAT GRAND REGENCY,5.0,Ludhiana,"Breakfast, Free Wi-Fi, Free parking, Air conditioning, Bar, Restaurant, Room service, Full-service laundry, Accessible",2912.0
AAGAAZ Hotel,4.4,Ludhiana,"Free breakfast, Free Wi-Fi, Free parking, Pool, Air conditioning, Restaurant, Room service, Full-service laundry, Accessible",2615.0
Grand Marian Hotel,4.1,Ludhiana,"3-star hotel, Free breakfast, Free Wi-Fi, Free parking, Air conditioning, Fitness center, Restaurant, Room service, Airport shuttle",2995.0
Hyatt Regency Ludhiana,4.4,Ludhiana,"5-star hotel, Breakfast, Free Wi-Fi, Free parking, Pool, Air conditioning, Fitness center, Bar, Restaurant",11266.0
Itsy By Treebo - P Grand,4.0,Ludhiana,"Free breakfast, Free Wi-Fi, Air conditioning, Room service, Kitchen, Full-service laundry, Kid-friendly, 0, 0",1733.0
The Stories,4.0,Ludhiana,"Free breakfast, Free Wi-Fi, Free parking, Pool, Restaurant, Room service, Kitchen, Full-service laundry, Accessible",3359.0
Hotel Hyphen Premier,4.2,Meerut,"3-star hotel, Free breakfast, Free Wi-Fi, Free parking, Air conditioning, Restaurant, Room service, Full-service laundry, Accessible",2094.0
CAPITAL O74359 Hotel Mukut Mahal,3.7,Meerut,"3-star hotel, Free breakfast, Free Wi-Fi, Free parking, Air conditioning, Pet-friendly, Room service, Full-service laundry, Kid-friendly",1370.0
Hotel travel inn,3.6,Meerut,"3-star hotel, Free Wi-Fi, Paid parking, Pool, Air conditioning, Kitchen, Full-service laundry, 0, 0",815.0
Hotel DownTown,4.1,Meerut,"Free Wi-Fi, Pool, Kitchen, Full-service laundry, Smoke-free, 0, 0, 0, 0",947.0
Garden City Resorts | Rooms & Restaurant,3.8,Meerut,"Sleeps 9, 3 bedrooms, Air conditioning, Elevator, Fireplace, Cable TV, Paid parking, No crib, No fitness center",3220.0
Crystal Palace,3.9,Meerut,"3-star hotel, Free breakfast, Free Wi-Fi, Paid parking, Air conditioning, Bar, Restaurant, Room service, Airport shuttle",2673.0
The Grand Alora | Best Family Restaurent in Meerut,4.7,Meerut,"0, 0, 0, 0, 0, 0, 0, 0, 0",2492.0
Hotel Green Embassy (Rooms and Restaurant),4.1,Meerut,"0, 0, 0, 0, 0, 0, 0, 0, 0",1814.0
-,3.9,Meerut,"Free Wi-Fi, Paid parking, Air conditioning, Kitchen, Full-service laundry, 0, 0, 0, 0",4680.0
Hotel Samrat Heavens,3.6,Meerut,"3-star hotel, Free breakfast, Free Wi-Fi, Free parking, Air conditioning, Pet-friendly, Bar, Restaurant, Room service",2289.0
TIVOLI IMPERIAL RESORT,4.1,Meerut,"0, 0, 0, 0, 0, 0, 0, 0, 0",1803.0
3rd Milestone,4.4,Meerut,"0, 0, 0, 0, 0, 0, 0, 0, 0",2870.0
Green Serene Abode,4.9,Meerut,"Breakfast, Free Wi-Fi, Free parking, Air conditioning, Pet-friendly, Room service, Airport shuttle, Accessible, Kid-friendly",2652.0
Grand Mercure Vadodara Surya Palace,4.4,Vadodara,"5-star hotel, Breakfast, Free Wi-Fi, Free parking, Pool, Air conditioning, Fitness center, Spa, Restaurant",4237.0
"The Fern - An Ecotel Hotel, Vadodara",4.2,Vadodara,"4-star hotel, Free breakfast, Free Wi-Fi, Free parking, Air conditioning, Fitness center, Restaurant, Room service, Airport shuttle",4535.0
Courtyard by Marriott Vadodara,4.5,Vadodara,"5-star hotel, Breakfast, Free Wi-Fi, Free parking, Pool, Air conditioning, Fitness center, Spa, Restaurant",3920.0
Shagun Residency,3.5,Vadodara,"4-star hotel, Free breakfast, Free Wi-Fi, Air conditioning, Restaurant, Room service, Full-service laundry, Kid-friendly, 0",835.0
Agrawal bhavan guest house,3.5,Vadodara,"2-star hotel, Free Wi-Fi, Free parking, Pool, Full-service laundry, 0, 0, 0, 0",657.0
Hotel Royal Vadodara,3.4,Vadodara,"2-star hotel, Breakfast, Paid parking, Pool, Air conditioning, Restaurant, Room service, Kitchen, Full-service laundry",883.0
Four Points by Sheraton Vadodara,4.2,Vadodara,"4-star hotel, Breakfast, Free Wi-Fi, Free parking, Pool, Air conditioning, Fitness center, Restaurant, Room service",3919.0
Best Western Alkapuri,4.0,Vadodara,"3-star hotel, Free breakfast, Free Wi-Fi, Free parking, Air conditioning, Fitness center, Restaurant, Room service, Airport shuttle",1529.0
Hotel Ideal vadodara,3.9,Vadodara,"3-star hotel, Free Wi-Fi, Air conditioning, Room service, Kitchen, Full-service laundry, Kid-friendly, 0, 0",876.0
Kabir Hotel and Spa,4.4,Vadodara,"3-star hotel, Free breakfast, Free Wi-Fi, Free parking, Pool, Air conditioning, Fitness center, Spa, Restaurant",3240.0
Effotel By Sayaji Vadodara,4.4,Vadodara,"3-star hotel, Free breakfast, Free Wi-Fi, Free parking, Air conditioning, Fitness center, Restaurant, Room service, Airport shuttle",2874.0
Regenta Inn Vadodara,4.0,Vadodara,"3-star hotel, Free breakfast, Wi-Fi, Free parking, Air conditioning, Fitness center, Spa, Restaurant, Room service",2352.0
Sayaji Hotel Vadodara,4.4,Vadodara,"5-star hotel, Free breakfast, Free Wi-Fi, Free parking, Pool, Air conditioning, Fitness center, Spa, Restaurant",4659.0
Royal Orchid Central,4.2,Vadodara,"4-star hotel, Free breakfast, Free Wi-Fi, Free parking, Pool, Air conditioning, Fitness center, Restaurant, Room service",3031.0
7 Apple Hotel - Vadodara,4.4,Vadodara,"3-star hotel, Free breakfast, Wi-Fi, Free parking, Air conditioning, Restaurant, Room service, Airport shuttle, Accessible",1352.0
Hotel Express Residency,4.2,Vadodara,"4-star hotel, Free breakfast, Free Wi-Fi, Free parking, Air conditioning, Fitness center, Restaurant, Room service, Airport shuttle",3106.0
Comfort Inn Donil,3.8,Vadodara,"3-star hotel, Free breakfast, Free Wi-Fi, Free parking, Pool, Air conditioning, Pet-friendly, Fitness center, Restaurant",2179.0
Vivanta Vadodara,4.4,Vadodara,"5-star hotel, Free breakfast, Free Wi-Fi, Free parking, Pool, Air conditioning, Fitness center, Spa, Restaurant",8476.0
Ginger Vadodara,3.9,Vadodara,"3-star hotel, Free Wi-Fi, Paid parking, Air conditioning, Fitness center, Breakfast, Full-service laundry, Kid-friendly, 0",2462.0
Hotel Casa Vadodara (Treebo Trend Casa),3.9,Vadodara,"3-star hotel, Free breakfast, Free Wi-Fi, Free parking, Air conditioning, Restaurant, Room service, Airport shuttle, Full-service laundry",2400.0
Treebo Trip Kiran - Hotel in Raipur,4.0,Raipur,"3-star hotel, Free breakfast, Free Wi-Fi, Paid parking, Pool, Air conditioning, Restaurant, Room service, Airport shuttle",2675.0
The Downton Hotel,4.0,Raipur,"Free breakfast, Free Wi-Fi, Free parking, Air conditioning, Fitness center, Bar, Restaurant, Room service, Airport shuttle",3301.0
Hotel Meera,3.8,Raipur,"3-star hotel, Free breakfast, Free Wi-Fi, Paid parking, Pool, Air conditioning, Restaurant, Room service, Kitchen",959.0
"Tulip Arena | Hotel, Club & Events by SGL |",4.6,Raipur,"Free breakfast, Free Wi-Fi, Free parking, Pool, Air conditioning, Fitness center, Restaurant, Room service, Kitchen",2586.0
Le Roi Raipur Hotel,4.1,Raipur,"3-star hotel, Free breakfast, Free Wi-Fi, Free parking, Air conditioning, Restaurant, Room service, Airport shuttle, Full-service laundry",1789.0
Club Paraiso,4.3,Raipur,"3-star hotel, Breakfast, Free Wi-Fi, Free parking, Pool, Air conditioning, Fitness center, Spa, Restaurant",2564.0
Aloha City Stay,4.0,Raipur,"2-star hotel, Free breakfast, Wi-Fi, Paid parking, Air conditioning, Restaurant, Room service, Airport shuttle, Full-service laundry",808.0
Hotel Shivam Residency,3.9,Raipur,"Breakfast, Free Wi-Fi, Paid parking, Pool, Air conditioning, Room service, Kitchen, Airport shuttle, Full-service laundry",1291.0
"Hotel Singhania Sarovar Portico,Raipur",4.1,Raipur,"4-star hotel, Free breakfast, Wi-Fi, Free parking, Pool, Air conditioning, Fitness center, Spa, Bar",4032.0
Hyatt Raipur,4.3,Raipur,"5-star hotel, Breakfast, Free Wi-Fi, Free parking, Air conditioning, Fitness center, Bar, Restaurant, Room service",6188.0
Sayaji Hotel Raipur,4.3,Raipur,"4-star hotel, Free breakfast, Free Wi-Fi, Paid parking, Pool, Air conditioning, Fitness center, Bar, Restaurant",4381.0
Shri Shiva Palace,3.7,Raipur,"3-star hotel, Air conditioning, Kitchen, Airport shuttle, Full-service laundry, Kid-friendly, 0, 0, 0",736.0
Citrus Prime Raipur,4.2,Raipur,"3-star hotel, Free breakfast, Free Wi-Fi, Free parking, Air conditioning, Restaurant, Room service, Full-service laundry, Kid-friendly",2544.0
Hotel Vennington Court,4.0,Raipur,"4-star hotel, Breakfast, Free Wi-Fi, Free parking, Pool, Hot tub, Air conditioning, Fitness center, Spa",3297.0
"Babylon International, Raipur",4.1,Raipur,"4-star hotel, Free breakfast, Free Wi-Fi, Free parking, Pool, Restaurant, Room service, Kitchen, Airport shuttle",3977.0
Hotel Grand Canyon,3.9,Raipur,"4-star hotel, Breakfast, Free Wi-Fi, Free parking, Pool, Hot tub, Air conditioning, Fitness center, Spa",4479.0
"Babylon Capital, Raipur",4.2,Raipur,"Breakfast, Free Wi-Fi, Free parking, Pool, Air conditioning, Spa, Restaurant, Room service, Full-service laundry",4875.0
Hotel Trimurti Inn,3.8,Raipur,"3-star hotel, Free breakfast, Free Wi-Fi, Paid parking, Pool, Air conditioning, Restaurant, Kitchen, Full-service laundry",659.0
Hotel Punjab Palace,4.0,Raipur,"3-star hotel, Free breakfast, Wi-Fi, Air conditioning, Restaurant, Room service, Airport shuttle, Full-service laundry, Kid-friendly",1583.0
Hotel Shanti Home,3.4,Raipur,"3-star hotel, Free Wi-Fi, Paid parking, Pool, Air conditioning, Restaurant, Room service, Kitchen, Full-service laundry",1391.0
Hotel Simran,4.0,Raipur,"3-star hotel, Free breakfast, Free Wi-Fi, Free parking, Air conditioning, Bar, Restaurant, Room service, Airport shuttle",1764.0
Treebo Trend C Plaza - MG Road Vijayawada,4.3,Vijayawada,"3-star hotel, Free breakfast, Free Wi-Fi, Free parking, Air conditioning, Restaurant, Room service, Kitchen, Full-service laundry",2235.0
Treebo Trend Alankar Inn,3.7,Vijayawada,"3-star hotel, Free breakfast, Free Wi-Fi, Paid parking, Air conditioning, Restaurant, Room service, Full-service laundry, Business center",2769.0
Hotel Sree Vasudev,4.2,Vijayawada,"Free Wi-Fi, Pool, Air conditioning, Room service, Kitchen, Airport shuttle, Full-service laundry, Accessible, 0",491.0
Hotel Kosala,4.3,Vijayawada,"3-star hotel, Free breakfast, Free Wi-Fi, Free parking, Air conditioning, Restaurant, Room service, Kitchen, Full-service laundry",1460.0
"Lemon Tree Premier,Vijayawada",4.4,Vijayawada,"Free breakfast, Free Wi-Fi, Free parking, Pool, Fitness center, Spa, Restaurant, Room service, Kitchen",4949.0
Hotel Mamata,3.5,Vijayawada,"3-star hotel, Free breakfast, Free Wi-Fi, Paid parking, Air conditioning, Restaurant, Room service, Airport shuttle, Full-service laundry",944.0
Mango Hotels Vybrant,4.1,Vijayawada,"3-star hotel, Free breakfast, Wi-Fi, Free parking, Pool, Air conditioning, Restaurant, Room service, Kitchen",2486.0
New Continental Park Hotel,3.9,Vijayawada,"3-star hotel, Free breakfast, Free Wi-Fi, Free parking, Air conditioning, Restaurant, Room service, Full-service laundry, Accessible",2100.0
"Red Fox Hotel, Vijayawada",4.0,Vijayawada,"Free breakfast, Wi-Fi, Free parking, Air conditioning, Restaurant, Room service, Kitchen, Airport shuttle, Full-service laundry",3149.0
"PARK IRIS HOTELS, Vijayawada",4.0,Vijayawada,"Free breakfast, Free Wi-Fi, Paid parking, Pool, Restaurant, Full-service laundry, 0, 0, 0",2023.0
The Eden Park Boutique Hotel,4.4,Vijayawada,"Free breakfast, Free Wi-Fi, Free parking, Air conditioning, Restaurant, Room service, Airport shuttle, Full-service laundry, Accessible",1995.0
Hotel Sai Rama,4.4,Vijayawada,"Free breakfast, Free Wi-Fi, Paid parking, Pool, Air conditioning, Room service, Kitchen, Full-service laundry, Kid-friendly",1188.0
Hotel Minerva Grand Vijayawada,4.0,Vijayawada,"4-star hotel, Free breakfast, Wi-Fi, Paid parking, Air conditioning, Restaurant, Room service, Airport shuttle, Full-service laundry",3126.0
Vishnu Paradise,4.1,Vijayawada,"Breakfast, Free Wi-Fi, Free parking, Air conditioning, Pet-friendly, Restaurant, Room service, Kitchen, Airport shuttle",1519.0
Hotel Aira,4.1,Vijayawada,"3-star hotel, Free breakfast, Free Wi-Fi, Free parking, Air conditioning, Restaurant, Room service, Full-service laundry, Accessible",2704.0
"Vivanta Vijayawada, MG Road",4.3,Vijayawada,"5-star hotel, Free breakfast, Free Wi-Fi, Free parking, Pool, Air conditioning, Fitness center, Spa, Bar",6600.0
Hotel Manorama,4.0,Vijayawada,"3-star hotel, Free breakfast, Free Wi-Fi, Free parking, Air conditioning, Bar, Restaurant, Room service, Airport shuttle",3299.0
Haian - An Olive Tree Hotel - Hotel in Vijayawada,3.8,Vijayawada,"Free breakfast, Free Wi-Fi, Paid parking, Pool, Air conditioning, Restaurant, Room service, Kitchen, Full-service laundry",1901.0
Hotel SK Riverfront,4.2,Vijayawada,"Breakfast, Free Wi-Fi, Free parking, Air conditioning, Restaurant, Room service, Full-service laundry, Smoke-free, 0",1533.0
Treebo Trend Arka Vijayawada,4.5,Vijayawada,"Free breakfast, Free Wi-Fi, Paid parking, Pool, Room service, Kitchen, Full-service laundry, Business center, 0",2044.0
Hotel Park N,3.9,Vijayawada,"3-star hotel, Free breakfast, Free Wi-Fi, Paid parking, Air conditioning, Restaurant, Room service, Airport shuttle, Full-service laundry",2776.0
Ibis Coimbatore City Centre,4.4,Coimbatore,"3-star hotel, Free breakfast, Free Wi-Fi, Free parking, Air conditioning, Pet-friendly, Fitness center, Restaurant, Room service",3472.0
Hash Six Hotels,4.2,Coimbatore,"4-star hotel, Free breakfast, Wi-Fi, Free parking, Pool, Air conditioning, Pet-friendly, Fitness center, Spa",3213.0
Hotel Grand Palace,4.0,Coimbatore,"3-star hotel, Free Wi-Fi, Free parking, Air conditioning, Breakfast, Restaurant, Room service, Airport shuttle, Full-service laundry",1310.0
Holiday Residency,4.4,Coimbatore,"3-star hotel, Free breakfast, Free Wi-Fi, Free parking, Pool, Air conditioning, Fitness center, Bar, Restaurant",2874.0
IVY Residency,4.4,Coimbatore,"Free Wi-Fi, Free parking, Air conditioning, 0, 0, 0, 0, 0, 0",1316.0
"Crystal Lake Suites, Coimbatore",4.7,Coimbatore,"Free breakfast, Free Wi-Fi, Free parking, Air conditioning, Restaurant, Room service, Kitchen, Full-service laundry, Accessible",1806.0
Sugam Hotel Pvt Ltd,3.2,Coimbatore,"2-star hotel, Free breakfast, Free Wi-Fi, Room service, Full-service laundry, Kid-friendly, 0, 0, 0",650.0
Hotel Lovely Nest,4.0,Coimbatore,"Breakfast, Wi-Fi, Free parking, Air conditioning, Pet-friendly, Kitchen, Airport shuttle, Full-service laundry, Kid-friendly",894.0
HOTEL RAAMUS,3.6,Coimbatore,"1-star hotel, Free breakfast, Wi-Fi, Free parking, Air conditioning, Pet-friendly, Restaurant, Room service, Full-service laundry",968.0
Hotel Thaai Coimbatore - Opposite Railway Station,3.9,Coimbatore,"3-star hotel, Free breakfast, Free Wi-Fi, Air conditioning, Restaurant, Room service, Airport shuttle, Full-service laundry, Kid-friendly",1568.0
Hotel Vintage Castle,4.4,Coimbatore,"Free Wi-Fi, Free parking, Air conditioning, Room service, Airport shuttle, Full-service laundry, Accessible, Business center, 0",1592.0
Hotel Kooloth Lake View Residency,3.5,Coimbatore,"2-star hotel, Free breakfast, Free Wi-Fi, Air conditioning, Room service, Full-service laundry, Kid-friendly, 0, 0",881.0
iStay - Hotels in Coimbatore,4.3,Coimbatore,"3-star hotel, Free breakfast, Free Wi-Fi, Free parking, Air conditioning, Restaurant, Room service, Full-service laundry, Kid-friendly",2502.0
Hotel Chanma International,3.4,Coimbatore,"3-star hotel, Free breakfast, Free Wi-Fi, Free parking, Pool, Air conditioning, Fitness center, Restaurant, Room service",1082.0
Chetinaad Courtyard,4.1,Coimbatore,"3-star hotel, Free breakfast, Free Wi-Fi, Paid parking, Air conditioning, Restaurant, Room service, Full-service laundry, Kid-friendly",2500.0
"Welcomhotel By ITC Hotels, Race Course, Coimbatore- LEED® Platinum and Zero Carbon Certified Premium Hotel| Centrally located",4.5,Coimbatore,"5-star hotel, Wi-Fi, Free parking, Pool, Air conditioning, Fitness center, Spa, Bar, Restaurant",5695.0
"HOTEL VIJAY PARK INN, RAMNAGAR, COIMBATORE, TAMILNADU",4.1,Coimbatore,"3-star hotel, Free breakfast, Free Wi-Fi, Free parking, Air conditioning, Bar, Restaurant, Room service, Full-service laundry",2177.0
"FabHotel Jansi Deluxe - Hotel in Gandhipuram, Coimbatore",3.2,Coimbatore,"3-star hotel, Free breakfast, Free Wi-Fi, Paid parking, Air conditioning, Room service, Kitchen, Full-service laundry, Kid-friendly",1411.0
Plaza Inn,4.0,Coimbatore,"3-star hotel, Free breakfast, Free Wi-Fi, Free parking, Air conditioning, Restaurant, Room service, Airport shuttle, Full-service laundry",1646.0
IKON by Annapoorna,4.5,Coimbatore,"4-star hotel, Free breakfast, Free Wi-Fi, Free parking, Air conditioning, Fitness center, Bar, Restaurant, Room service",4278.0
Itsy By Treebo - Corner stay,3.8,Coimbatore,"3-star hotel, Free breakfast, Free Wi-Fi, Paid parking, Air conditioning, Room service, Kitchen, Full-service laundry, Kid-friendly",2453.0
Hotel The Grand Palace,4.1,Ghaziabad,"Free breakfast, Free Wi-Fi, Free parking, Pool, Air conditioning, Pet-friendly, Fitness center, Spa, Room service",2132.0
The Roseman Hotel & Suites,4.3,Ghaziabad,"Breakfast, Free Wi-Fi, Free parking, Pool, Air conditioning, Restaurant, Room service, Kitchen, Airport shuttle",2727.0
Taj Studios - Luxury Stay in Gaur City Mall (1st time in Greate Noida West),3.1,Ghaziabad,"Sleeps 3, 1 bedroom, Air conditioning, Elevator, Fireplace, Kitchen, Cable TV, Paid parking, Free Wi-Fi",2335.0
Mahagun Sarovar Portico Suites,4.1,Ghaziabad,"4-star hotel, Free breakfast, Free Wi-Fi, Free parking, Pool, Air conditioning, Fitness center, Spa, Restaurant",5040.0
Swiss Hotel,3.7,Ghaziabad,"3-star hotel, Free breakfast, Paid parking, Pool, Restaurant, Room service, Full-service laundry, Kid-friendly, 0",1519.0
Hotel Royal Park,3.6,Ghaziabad,"3-star hotel, Free breakfast, Free Wi-Fi, Free parking, Pool, Air conditioning, Bar, Restaurant, Room service",2258.0
"Country Inn & Suites by Radisson, Sahibabad, Distt Ghaziabad (U.P.)",4.5,Ghaziabad,"5-star hotel, Free breakfast, Free Wi-Fi, Free parking, Pool, Hot tub, Air conditioning, Fitness center, Spa",8439.0
"Luxury Stay in Mall with PVR, Shopper Stop, Lifestyle, Food Court With All Brands",2.6,Ghaziabad,"Sleeps 2, 1 bedroom, Air conditioning, Elevator, Fireplace, Kitchen, Paid parking, Free Wi-Fi, No crib",2237.0
Green Palms Hotel,4.1,Ghaziabad,"Free breakfast, Free Wi-Fi, Paid parking, Pool, Bar, Restaurant, Room service, Kitchen, Full-service laundry",4023.0
Hotel Krishna Sagar NH 24,3.7,Ghaziabad,"3-star hotel, Free breakfast, Free Wi-Fi, Free parking, Pool, Air conditioning, Restaurant, Room service, Full-service laundry",2170.0
Golden Tulip Vasundhara,4.1,Ghaziabad,"4-star hotel, Breakfast, Free Wi-Fi, Free parking, Pool, Air conditioning, Fitness center, Restaurant, Room service",7370.0
Kinsfolk,4.0,Ghaziabad,"Free breakfast, Free Wi-Fi, Paid parking, Pool, Room service, Kitchen, Full-service laundry, 0, 0",1275.0
Rosellia Banquets & Suites,4.5,Ghaziabad,"0, 0, 0, 0, 0, 0, 0, 0, 0",1904.0
Hotel frank Inn,3.6,Ghaziabad,"3-star hotel, Free Wi-Fi, Paid parking, Pool, Air conditioning, Kitchen, Full-service laundry, Kid-friendly, 0",651.0
Hotel Royal Residency,3.6,Ghaziabad,"3-star hotel, Free Wi-Fi, Paid parking, Air conditioning, Restaurant, Room service, Kitchen, Airport shuttle, Full-service laundry",1600.0
Clarks Inn Kaushambi,3.2,Ghaziabad,"3-star hotel, Free breakfast, Free Wi-Fi, Paid parking, Air conditioning, Restaurant, Room service, Full-service laundry, Kid-friendly",1791.0
Ace Manor (L'ELEGANT Hotel & Banquet),3.8,Ghaziabad,"3-star hotel, Free breakfast, Free Wi-Fi, Free parking, Pool, Air conditioning, Restaurant, Room service, Full-service laundry",1906.0
Hotel Krishna Sagar,4.0,Ghaziabad,"3-star hotel, Free breakfast, Free Wi-Fi, Free parking, Pool, Air conditioning, Restaurant, Room service, Full-service laundry",3819.0
Bharat Guest House by Golden Plate,4.2,Ghaziabad,"0, 0, 0, 0, 0, 0, 0, 0, 0",2464.0
Itsy by Treebo - Royal Galaxy,4.0,Allahabad,"Free breakfast, Free Wi-Fi, Paid parking, Pool, Pet-friendly, Room service, Kitchen, Full-service laundry, 0",1342.0
Hotel Ravisha Continental,4.0,Allahabad,"3-star hotel, Free breakfast, Free Wi-Fi, Free parking, Air conditioning, Restaurant, Room service, Full-service laundry, Kid-friendly",3486.0
Hotel Triveni Darshan,4.1,Allahabad,"3-star hotel, Free breakfast, Free Wi-Fi, Free parking, Air conditioning, Restaurant, Room service, Kitchen, Full-service laundry",1429.0
The Prayaraj House,3.0,Allahabad,"Sleeps 9, 3 bedrooms, Air conditioning, Fireplace, Cable TV, Paid parking, No crib, No elevator, No fitness center",1216.0
Hotel Prayag,3.5,Allahabad,"3-star hotel, Free breakfast, Free Wi-Fi, Free parking, Pool, Air conditioning, Restaurant, Room service, Kitchen",1680.0
Grand Continental Hotel,4.1,Allahabad,"3-star hotel, Breakfast, Free Wi-Fi, Free parking, Pool, Air conditioning, Fitness center, Spa, Bar",4309.0
"Hotel Kanha Shyam, Prayagraj",4.1,Allahabad,"4-star hotel, Free breakfast, Free Wi-Fi, Paid parking, Air conditioning, Fitness center, Spa, Bar, Restaurant",4375.0
WelcomHeritage Badi Kothi,4.3,Allahabad,"Free breakfast, Free Wi-Fi, Free parking, Pool, Restaurant, Room service, Kitchen, Full-service laundry, 0",6738.0
Hotel Hira Inn,4.8,Allahabad,"Free breakfast, Free Wi-Fi, Paid parking, Pool, Restaurant, Room service, Full-service laundry, 0, 0",3226.0
Luxmi Hotel,2.9,Allahabad,"Breakfast, Free Wi-Fi, Free parking, Air conditioning, Restaurant, Room service, Airport shuttle, Full-service laundry, Kid-friendly",646.0
Hotel Milan (A Boutique Hotel),3.6,Allahabad,"3-star hotel, Breakfast, Free Wi-Fi, Free parking, Air conditioning, Restaurant, Room service, Kitchen, Airport shuttle",1572.0
Hotel Haidri Inn,3.4,Allahabad,"Free Wi-Fi, Free parking, Pool, Air conditioning, Room service, Kitchen, Full-service laundry, 0, 0",569.0
Orchard One Hotel,3.9,Allahabad,"Free breakfast, Free Wi-Fi, Paid parking, Air conditioning, Restaurant, Room service, Full-service laundry, Kid-friendly, 0",3040.0
City Hotel,3.1,Allahabad,"2-star hotel, Free Wi-Fi, Pool, Air conditioning, Pet-friendly, Restaurant, Kitchen, Full-service laundry, Kid-friendly",816.0
Hotel Fortune Suites,4.9,Allahabad,"0, 0, 0, 0, 0, 0, 0, 0, 0",1736.0
Hotel Prayag Inn,3.9,Allahabad,"3-star hotel, Free breakfast, Wi-Fi, Free parking, Pool, Air conditioning, Restaurant, Room service, Airport shuttle",2470.0
Advantage Inn,4.6,Allahabad,"Free breakfast, Free Wi-Fi, Free parking, Pool, Room service, Full-service laundry, Smoke-free, 0, 0",2423.0
Landmark Inn,4.3,Allahabad,"Free breakfast, Free Wi-Fi, Paid parking, Room service, Kitchen, Full-service laundry, Kid-friendly, 0, 0",2622.0
"Millennium Inn, Prayagraj",4.2,Allahabad,"4-star hotel, Free breakfast, Wi-Fi, Free parking, Air conditioning, Restaurant, Room service, Airport shuttle, Full-service laundry",4631.0
Stay Inn Hotel,3.7,Allahabad,"3-star hotel, Free breakfast, Free Wi-Fi, Air conditioning, Restaurant, Kitchen, Airport shuttle, Full-service laundry, Kid-friendly",1535.0
Treebo Trend Grand Town House,4.2,Faridabad,"Free breakfast, Free Wi-Fi, Free parking, Pool, Air conditioning, Restaurant, Room service, Kitchen, Full-service laundry",1578.0
Hotel Sewa Grand,3.6,Faridabad,"3-star hotel, Free breakfast, Free Wi-Fi, Paid parking, Pool, Air conditioning, Restaurant, Room service, Kitchen",2963.0
Vibe By The LaLiT Traveller,4.0,Faridabad,"4-star hotel, Free breakfast, Free Wi-Fi, Free parking, Pool, Air conditioning, Fitness center, Bar, Restaurant",2763.0
Goldfinch Hotel Delhi NCR,3.9,Faridabad,"4-star hotel, Breakfast, Free Wi-Fi, Free parking, Pool, Air conditioning, Fitness center, Bar, Restaurant",3829.0
Vivanta Surajkund,4.5,Faridabad,"5-star hotel, Breakfast, Wi-Fi, Free parking, Pool, Air conditioning, Pet-friendly, Fitness center, Spa",6946.0
"Radisson Blu Hotel, Faridabad",4.6,Faridabad,"5-star hotel, Breakfast, Free Wi-Fi, Free parking, Pool, Air conditioning, Fitness center, Spa, Bar",6437.0
Hotel Delite,3.9,Faridabad,"Free breakfast, Wi-Fi, Paid parking, Air conditioning, Restaurant, Room service, Full-service laundry, Kid-friendly, 0",2940.0
Park Plaza Faridabad,4.1,Faridabad,"4-star hotel, Breakfast, Free Wi-Fi, Free parking, Pool, Air conditioning, Fitness center, Spa, Bar",7252.0
Lavit Hotel,4.2,Faridabad,"0, 0, 0, 0, 0, 0, 0, 0, 0",2329.0
Sarovar Portico Surajkund,3.9,Faridabad,"Free breakfast, Free Wi-Fi, Free parking, Air conditioning, Fitness center, Spa, Restaurant, Room service, Airport shuttle",4021.0
Ceremony Hotel and Banquets,4.1,Faridabad,"0, 0, 0, 0, 0, 0, 0, 0, 0",1282.0
Ginger Faridabad,3.6,Faridabad,"3-star hotel, Free Wi-Fi, Paid parking, Air conditioning, Fitness center, Breakfast, Full-service laundry, Kid-friendly, 0",3023.0
Hotel Bay Laurel Retreat,4.3,Faridabad,"Free Wi-Fi, Free parking, Pool, Air conditioning, Restaurant, Room service, Full-service laundry, 0, 0",3724.0
SKY MANSION,4.3,Faridabad,"Free Wi-Fi, 0, 0, 0, 0, 0, 0, 0, 0",3344.0
Hotel View - A Boutique Hotel,4.2,Faridabad,"0, 0, 0, 0, 0, 0, 0, 0, 0",1337.0
Hotel Saffron Kiran,3.9,Faridabad,"3-star hotel, Free breakfast, Free Wi-Fi, Free parking, Pool, Air conditioning, Bar, Restaurant, Room service",3004.0
Canary Inn,3.9,Hazaribagh,"0, 0, 0, 0, 0, 0, 0, 0, 0",3483.0
Hotel Nikunj,4.0,Hazaribagh,"Free Wi-Fi, Paid parking, Room service, Kitchen, Full-service laundry, 0, 0, 0, 0",2722.0
Hotel Hill Side,3.8,Hazaribagh,"Free breakfast, Free Wi-Fi, Paid parking, Pool, Kitchen, Full-service laundry, 0, 0, 0",1411.0
Hotel Skylok,3.3,Hazaribagh,"Free Wi-Fi, Kitchen, Full-service laundry, Kid-friendly, 0, 0, 0, 0, 0",6771.0
Hotel Sri Vinayak,3.8,Hazaribagh,"Free breakfast, Free Wi-Fi, Free parking, Air conditioning, Fitness center, Restaurant, Room service, Kitchen, Full-service laundry",4272.0
Hotel Aranya Vihar,4.2,Hazaribagh,"Breakfast, Free Wi-Fi, Free parking, Air conditioning, Bar, Restaurant, Room service, Airport shuttle, Full-service laundry",2563.0
Hotel Samrat Inn,3.6,Hazaribagh,"Free Wi-Fi, Paid parking, Air conditioning, Kitchen, Full-service laundry, Kid-friendly, 0, 0, 0",3515.0
Hotel AK International,3.6,Hazaribagh,"0, 0, 0, 0, 0, 0, 0, 0, 0",4060.0
Hotel Yamuna palace,3.6,Hazaribagh,"Free Wi-Fi, Paid parking, Air conditioning, Kitchen, Full-service laundry, 0, 0, 0, 0",2079.0
Hotel Nandgaon & Highway Delight Veg. Restaurant,3.8,Hazaribagh,"3-star hotel, Free breakfast, Free parking, Air conditioning, Restaurant, Airport shuttle, Full-service laundry, Kid-friendly, 0",1526.0
Hotel Bhandara Park,4.0,Hazaribagh,"Free Wi-Fi, Kitchen, Full-service laundry, 0, 0, 0, 0, 0, 0",2527.0
"Manokamna Restaurant, Bar & Lodge",3.7,Hazaribagh,"Free Wi-Fi, Free parking, Air conditioning, Restaurant, Room service, Full-service laundry, Kid-friendly, 0, 0",5123.0
Hotel Om Inn,4.9,Gandhinagar,"0, 0, 0, 0, 0, 0, 0, 0, 0",2240.0
Hotel The Grand Vinayak,4.3,Gandhinagar,"Breakfast, Free Wi-Fi, Free parking, Air conditioning, Restaurant, Room service, Full-service laundry, Accessible, Smoke-free",2034.0
Hotel Green City,4.2,Gandhinagar,"Breakfast, Free Wi-Fi, Free parking, Air conditioning, Restaurant, Room service, Airport shuttle, Full-service laundry, Accessible",1818.0
Infocity Club And Resort,4.2,Gandhinagar,"Free breakfast, Wi-Fi, Free parking, Pool, Air conditioning, Fitness center, Restaurant, Kitchen, Accessible",3640.0
Hotel Prominent Corporate Residency,4.3,Gandhinagar,"3-star hotel, Free breakfast, Free Wi-Fi, Free parking, Air conditioning, Fitness center, Restaurant, Room service, Kitchen",4256.0
7 Wonders Hotel & Restaurant,4.1,Gandhinagar,"Free breakfast, Free Wi-Fi, Free parking, Air conditioning, Restaurant, Room service, Airport shuttle, Full-service laundry, Kid-friendly",2190.0
Hotel Midway Residency,3.5,Gandhinagar,"3-star hotel, Free breakfast, Free Wi-Fi, Air conditioning, Pet-friendly, Restaurant, Room service, Airport shuttle, Full-service laundry",1454.0
"Fortune Inn Haveli, Gandhinagar - Member ITC's hotel group",4.4,Gandhinagar,"4-star hotel, Free breakfast, Free Wi-Fi, Free parking, Air conditioning, Fitness center, Spa, Restaurant, Room service",7224.0
Skylon Hotel,4.4,Gandhinagar,"Pool, Air conditioning, Wi-Fi, Paid parking, Restaurant, Kid-friendly, Smoke-free, 0, 0",1698.0
The Leela Gandhinagar,4.6,Gandhinagar,"5-star hotel, Free breakfast, Free Wi-Fi, Free parking, Pool, Air conditioning, Fitness center, Spa, Restaurant",11682.0
Hotel Middletown,4.0,Gandhinagar,"Free breakfast, Free Wi-Fi, Pool, Air conditioning, Restaurant, Room service, Full-service laundry, Kid-friendly, 0",1904.0
Super OYO Hotel Siddharth Inn,3.8,Gandhinagar,"3-star hotel, Breakfast, Free Wi-Fi, Free parking, Pool, Air conditioning, Restaurant, Kitchen, Full-service laundry",1315.0
Cambay Sapphire Gandhinagar,3.4,Gandhinagar,"4-star hotel, Free breakfast, Free Wi-Fi, Free parking, Pool, Air conditioning, Fitness center, Spa, Restaurant",4284.0
Hotel Berlin - Gandhinagar,3.8,Gandhinagar,"Free breakfast, Paid parking, Pool, Air conditioning, Restaurant, Room service, Kitchen, Full-service laundry, Kid-friendly",1853.0
Hotel tulsi palace,3.7,Gandhinagar,"0, 0, 0, 0, 0, 0, 0, 0, 0",1230.0
Hotel President Inn,3.8,Gandhinagar,"3-star hotel, Free breakfast, Free Wi-Fi, Free parking, Air conditioning, Room service, Kitchen, Full-service laundry, Smoke-free",2194.0
"FabHotel Siddharth Corporate - Hotels in Vavol, Gandhinagar",4.2,Gandhinagar,"Breakfast, Free Wi-Fi, Paid parking, Air conditioning, Room service, Full-service laundry, Kid-friendly, 0, 0",1916.0
HOTEL HILL CITY,4.4,Gandhinagar,"Free Wi-Fi, Paid parking, Air conditioning, Room service, Airport shuttle, Full-service laundry, 0, 0, 0",2240.0
Perfect Room in Perfect Bungalow,3.6,Gandhinagar,"Sleeps 16, 4 bedrooms, Air conditioning, Fireplace, Cable TV, Paid parking, Free Wi-Fi, No crib, No elevator",3710.0
Rooms in a Fully Furnished Bungalow,4.1,Gandhinagar,"Villa, Sleeps 3, 1 bedroom, Air conditioning, Fireplace, Paid parking, Free Wi-Fi, No crib, No elevator",5600.0
FabHotel Prime Blue Moon,4.2,Gandhinagar,"Free breakfast, Free Wi-Fi, Paid parking, Air conditioning, Restaurant, Room service, Kitchen, Full-service laundry, Kid-friendly",3312.0
Hotel Siddharth inn,3.9,Gandhinagar,"Free breakfast, Free Wi-Fi, Paid parking, Air conditioning, Restaurant, Room service, Full-service laundry, Kid-friendly, 0",2333.0
Hotel TRIDEV,4.0,Varanasi,"3-star hotel, Free breakfast, Free Wi-Fi, Paid parking, Pool, Fitness center, Restaurant, Room service, Airport shuttle",3808.0
"Hotel Surya, Kaiser Palace",4.2,Varanasi,"3-star hotel, Free breakfast, Free Wi-Fi, Free parking, Pool, Air conditioning, Pet-friendly, Spa, Bar",4214.0
Varanasi Villa,4.4,Varanasi,"Sleeps 24, 12 bedrooms, 12 bathrooms, Air conditioning, Kid-friendly, Kitchen, Pet-friendly, Free Wi-Fi, No fitness center",2778.0
Hotel Four Element,4.4,Varanasi,"Free breakfast, Free Wi-Fi, Free parking, Pool, Restaurant, Room service, Full-service laundry, Accessible, 0",3566.0
goSTOPS Varanasi,4.2,Varanasi,"2-star hotel, Breakfast, Free Wi-Fi, Paid parking, Air conditioning, Pet-friendly, Restaurant, Airport shuttle, Full-service laundry",978.0
Radisson Hotel Varanasi,4.2,Varanasi,"5-star hotel, Free breakfast, Free Wi-Fi, Free parking, Pool, Air conditioning, Fitness center, Spa, Bar",7824.0
Pearl Courtyard,4.3,Varanasi,"4-star hotel, Free breakfast, Free Wi-Fi, Paid parking, Air conditioning, Restaurant, Room service, Airport shuttle, Full-service laundry",6957.0
Hotel Yash Residency Near Assi Ghat & BHU,3.8,Varanasi,"3-star hotel, Breakfast, Free Wi-Fi, Paid parking, Air conditioning, Pet-friendly, Room service, Full-service laundry, Accessible",1338.0
Royal Guest House,4.1,Varanasi,"3-star hotel, Breakfast, Free Wi-Fi, Air conditioning, Pet-friendly, Restaurant, Room service, Airport shuttle, Full-service laundry",1009.0
Hotel Satkar,4.8,Varanasi,"Free breakfast, Free Wi-Fi, Pool, Air conditioning, Restaurant, Room service, Kitchen, Full-service laundry, 0",2528.0
"Rahi Tourist Bungalow, Varanasi",3.9,Varanasi,"2-star hotel, Free breakfast, Free Wi-Fi, Free parking, Pool, Air conditioning, Restaurant, Room service, Kitchen",1082.0
The Pinnacle Inn Sarnath - Best 4 Star Hotel in Sarnath,4.1,Varanasi,"Free breakfast, Wi-Fi, Free parking, Pool, Air conditioning, Fitness center, Spa, Restaurant, Room service",4627.0
Hotel Costa River,4.0,Varanasi,"3-star hotel, Free breakfast, Free Wi-Fi, Free parking, Air conditioning, Restaurant, Room service, Airport shuttle, Full-service laundry",3020.0
Green Villa Kashi,3.1,Varanasi,"Sleeps 2, 1 bedroom, Air conditioning, Paid parking, Free Wi-Fi, No crib, No elevator, No fireplace, No fitness center",1313.0
BlueBells Varanasi,3.3,Varanasi,"Sleeps 11, 3 bedrooms, Air conditioning, Fireplace, Paid parking, Free Wi-Fi, No crib, No elevator, No fitness center",2700.0
Hotel Ganges Grand - Varanasi,4.0,Varanasi,"3-star hotel, Free breakfast, Free Wi-Fi, Free parking, Air conditioning, Restaurant, Room service, Airport shuttle, Full-service laundry",5914.0
Hotel Le Lotus Grand,4.2,Varanasi,"Free breakfast, Free Wi-Fi, Paid parking, Air conditioning, Restaurant, Room service, Kitchen, Full-service laundry, Business center",2889.0
Family Guest House,4.5,Varanasi,"1-star hotel, Breakfast, Free Wi-Fi, Pool, Air conditioning, Spa, Paid parking, Bar, Restaurant",725.0
Leela Guest House,3.6,Varanasi,"3-star hotel, Free Wi-Fi, Pool, Air conditioning, Restaurant, Kitchen, Airport shuttle, Full-service laundry, Kid-friendly",914.0
Villa Benares,4.2,Varanasi,"Breakfast, Free Wi-Fi, Free parking, Air conditioning, Pet-friendly, Restaurant, Room service, Airport shuttle, Full-service laundry",2910.0
Hotel Uday Palace Varanasi,4.1,Varanasi,"3-star hotel, Breakfast, Free Wi-Fi, Free parking, Air conditioning, Restaurant, Room service, Airport shuttle, Full-service laundry",2922.0
Hotel Radiance Courtyard,4.4,Varanasi,"Breakfast, Free Wi-Fi, Free parking, Air conditioning, Restaurant, Room service, Airport shuttle, Full-service laundry, Accessible",3941.0
"The Fern Residency, Noida",4.1,Noida,"Free breakfast, Free Wi-Fi, Paid parking, Pool, Air conditioning, Restaurant, Room service, Full-service laundry, 0",5278.0
Treebo Trend Noida Grand,4.0,Noida,"Free breakfast, Free Wi-Fi, Paid parking, Restaurant, Room service, Kitchen, Full-service laundry, Business center, 0",2371.0
Noida Suites,3.7,Noida,"Sleeps 5, 2 bedrooms, Air conditioning, Elevator, Fireplace, Kitchen, Cable TV, Paid parking, Free Wi-Fi",2036.0
Radisson Noida,4.3,Noida,"5-star hotel, Breakfast, Free Wi-Fi, Free parking, Pool, Air conditioning, Fitness center, Spa, Bar",3584.0
Regenta Central Noida,3.8,Noida,"Breakfast, Free Wi-Fi, Free parking, Air conditioning, Fitness center, Spa, Restaurant, Room service, Airport shuttle",4255.0
Taj Studios Private Luxury Studio Apartment Central Noida,2.9,Noida,"Sleeps 2, 1 bedroom, Air conditioning, Elevator, Fireplace, Kitchen, Cable TV, Paid parking, Free Wi-Fi",2081.0
Hotel White Castle,3.9,Noida,"3-star hotel, Free breakfast, Free Wi-Fi, Free parking, Air conditioning, Restaurant, Room service, Airport shuttle, Full-service laundry",800.0
"Fortune Sector 27, Noida - Member ITC's hotel group",4.1,Noida,"4-star hotel, Free breakfast, Wi-Fi, Free parking, Pool, Air conditioning, Fitness center, Spa, Bar",7196.0
Hyphen Business Hotels,3.8,Noida,"3-star hotel, Free breakfast, Free Wi-Fi, Free parking, Air conditioning, Fitness center, Restaurant, Room service, Airport shuttle",2487.0
Park Ascent,4.2,Noida,"4-star hotel, Breakfast, Free Wi-Fi, Free parking, Air conditioning, Fitness center, Bar, Restaurant, Room service",6215.0
Mosaic Hotel Noida,4.1,Noida,"4-star hotel, Breakfast, Free Wi-Fi, Free parking, Pool, Air conditioning, Fitness center, Bar, Restaurant",6946.0
The Taj Studios .Com,4.0,Noida,"0, 0, 0, 0, 0, 0, 0, 0, 0",2535.0
Shacon Suites,4.6,Noida,"Free Wi-Fi, Kitchen, Full-service laundry, Kid-friendly, 0, 0, 0, 0, 0",2785.0
The G8,4.0,Noida,"4-star hotel, Free breakfast, Free Wi-Fi, Paid parking, Air conditioning, Restaurant, Room service, Kitchen, Airport shuttle",4616.0
Hotel Noida International,3.6,Noida,"3-star hotel, Free breakfast, Wi-Fi, Free parking, Air conditioning, Restaurant, Room service, Airport shuttle, Full-service laundry",1288.0
Hotel The Emporio A Corporate Suites,4.9,Noida,"0, 0, 0, 0, 0, 0, 0, 0, 0",3347.0
Hotel Malhar Haveli,4.2,Noida,"3-star hotel, Breakfast, Paid parking, Air conditioning, Wi-Fi, Restaurant, Kitchen, Airport shuttle, Full-service laundry",3239.0
Ahuja Residency Noida,4.3,Noida,"3-star hotel, Breakfast, Free Wi-Fi, Free parking, Air conditioning, Restaurant, Room service, Kitchen, Full-service laundry",3351.0
The Amaya Inn,4.0,Noida,"Free breakfast, Free Wi-Fi, Paid parking, Restaurant, Room service, Kitchen, Full-service laundry, 0, 0",2427.0
Treebo Trend House Inn - Hotel in Noida,3.7,Noida,"3-star hotel, Free breakfast, Wi-Fi, Pool, Air conditioning, Restaurant, Room service, Full-service laundry, Business center",2378.0
Hotel Tri Sea,4.1,Kanyakumari,"3-star hotel, Breakfast, Free Wi-Fi, Free parking, Pool, Air conditioning, Spa, Restaurant, Room service",2215.0
Hotel Ocean Heritage,4.0,Kanyakumari,"3-star hotel, Free breakfast, Free Wi-Fi, Air conditioning, Beach access, Restaurant, Room service, Airport shuttle, Full-service laundry",2800.0
Hotel Sea Land,4.4,Kanyakumari,"Free Wi-Fi, Paid parking, Pool, Beach access, Kitchen, Full-service laundry, 0, 0, 0",1738.0
The Gopinivas Grand,4.5,Kanyakumari,"3-star hotel, Free breakfast, Free Wi-Fi, Paid parking, Pool, Beach access, Restaurant, Room service, Full-service laundry",2240.0
Sparsa Kanyakumari,3.8,Kanyakumari,"3-star hotel, Free breakfast, Wi-Fi, Free parking, Pool, Air conditioning, Fitness center, Spa, Restaurant",2192.0
New Cape Hotel,3.9,Kanyakumari,"3-star hotel, Breakfast, Free Wi-Fi, Free parking, Air conditioning, Room service, Airport shuttle, Full-service laundry, Accessible",1177.0
Arunachala Inn,4.5,Kanyakumari,"Free Wi-Fi, Free parking, Air conditioning, Breakfast, Beach access, Airport shuttle, 0, 0, 0",2015.0
Hotel Melody Park,4.0,Kanyakumari,"2-star hotel, Free breakfast, Free Wi-Fi, Air conditioning, Restaurant, Room service, Kitchen, Airport shuttle, Full-service laundry",1016.0
Hotel Sivamurugan Kanyakumari,4.0,Kanyakumari,"3-star hotel, Free breakfast, Free Wi-Fi, Paid parking, Air conditioning, Restaurant, Room service, Kitchen, Full-service laundry",1357.0
Hotel Sea View,4.0,Kanyakumari,"3-star hotel, Free breakfast, Free Wi-Fi, Free parking, Air conditioning, Beach access, Bar, Restaurant, Room service",4845.0
Hotel Sky Ark,4.0,Kanyakumari,"3-star hotel, Free breakfast, Free Wi-Fi, Free parking, Pool, Air conditioning, Restaurant, Kitchen, Airport shuttle",743.0
KKM Kanyakumari,4.4,Kanyakumari,"Free parking, Air conditioning, Breakfast, Wi-Fi, Room service, Smoke-free, 0, 0, 0",1179.0
Hotel Samudra,3.9,Kanyakumari,"3-star hotel, Free breakfast, Free Wi-Fi, Paid parking, Pool, Air conditioning, Beach access, Kitchen, Airport shuttle",2019.0
Hotel Sunview,3.9,Kanyakumari,"Paid parking, Pool, Air conditioning, Kitchen, Full-service laundry, Kid-friendly, 0, 0, 0",1773.0
The Coral - Kanyakumari,4.4,Kanyakumari,"0, 0, 0, 0, 0, 0, 0, 0, 0",3495.0
Hotel Sun Park,3.9,Kanyakumari,"3-star hotel, Free breakfast, Free Wi-Fi, Paid parking, Pool, Restaurant, Room service, Airport shuttle, Full-service laundry",1769.0
"TTDC Hotel Tamil Nadu, Kanyakumari",4.5,Kanyakumari,"0, 0, 0, 0, 0, 0, 0, 0, 0",2730.0
Hotel Singaar International,3.5,Kanyakumari,"3-star hotel, Free breakfast, Free Wi-Fi, Free parking, Pool, Air conditioning, Bar, Restaurant, Room service",2350.0
Rehoboth Home Stay - Deluxe Double or Twin Room,4.0,Kanyakumari,"House, Sleeps 2, 1 bedroom, 1 bathroom, 1 bed, Air conditioning, Airport shuttle, Kid-friendly, Crib",1427.0
Zostel Srinagar,4.5,Kashmir,"Breakfast, Free Wi-Fi, Free parking, Air conditioning, Restaurant, Airport shuttle, Smoke-free, 0, 0",2690.0
"The Montreal, Srinagar- Best Hotels/4 Star Hotels/Hotel Near Dal Lake/Hotel Near Mughal Garden",4.4,Kashmir,"Free breakfast, Free Wi-Fi, Free parking, Air conditioning, Restaurant, Room service, Airport shuttle, Full-service laundry, Accessible",8991.0
Floating Heaven Group Of House Boats,4.3,Kashmir,"Sleeps 4, 1 bedroom, Fireplace, Cable TV, Free Wi-Fi, No air conditioning, No crib, No elevator, No fitness center",5306.0
Naaz Kashmir (A Luxury Houseboat),3.3,Kashmir,"Sleeps 8, 2 bedrooms, Air conditioning, Fireplace, Cable TV, Free Wi-Fi, No crib, No elevator, No fitness center",11968.0
Taj Palace Group Of House Boats,2.6,Kashmir,"Sleeps 5, 1 bedroom, Fireplace, Cable TV, Free Wi-Fi, No air conditioning, No crib, No elevator, No fitness center",1390.0
Colonels Retreat,4.8,Kashmir,"Sleeps 4, 2 bedrooms, Air conditioning, Airport shuttle, Smoke-free, Free parking, Free Wi-Fi, No beach access, No elevator",2100.0
Taj Palace Group of House Boats,3.5,Kashmir,"Sleeps 10, Kitchen, Cable TV, No air conditioning, No airport shuttle, No beach access, No elevator, No fireplace, No fitness center",1359.0
"Vivanta Dal View, Srinagar",4.5,Kashmir,"5-star hotel, Free breakfast, Free Wi-Fi, Free parking, Pool, Air conditioning, Pet-friendly, Fitness center, Spa",28656.0
The Khyber Himalayan Resort & Spa,4.6,Kashmir,"5-star hotel, Free breakfast, Wi-Fi, Free parking, Pool, Hot tub, Air conditioning, Fitness center, Spa",53089.0
Jamal Resorts,4.0,Kashmir,"4-star hotel, Free breakfast, Free Wi-Fi, Free parking, Air conditioning, Pet-friendly, Restaurant, Room service, Airport shuttle",4215.0
Hotel Village Walk,4.4,Kashmir,"Free breakfast, Free Wi-Fi, Free parking, Pool, Restaurant, Room service, Kitchen, Full-service laundry, Kid-friendly",9010.0
Hotel Lidder Spring Resorts,4.4,Kashmir,"4-star hotel, Free breakfast, Free Wi-Fi, Paid parking, Pool, Restaurant, Room service, Kitchen, Airport shuttle",6850.0
"The Orchard Retreat & Spa, Srinagar",4.3,Kashmir,"5-star hotel, Free breakfast, Free Wi-Fi, Free parking, Pool, Hot tub, Air conditioning, Fitness center, Spa",13794.0
Hotel New Green View Srinagar (Ghulam),3.8,Kashmir,"0, 0, 0, 0, 0, 0, 0, 0, 0",723.0
Hotel Taj Residency,3.8,Kashmir,"Free breakfast, Free Wi-Fi, Paid parking, Restaurant, Room service, Kitchen, Full-service laundry, 0, 0",2290.0
Hotel Himalayan Resort,4.1,Kashmir,"3-star hotel, Breakfast, Free Wi-Fi, Free parking, Pet-friendly, Bar, Restaurant, Room service, Kitchen",3920.0
Taj Palace Houseboat || Kashmir Glory Travels,4.1,Kashmir,"Free breakfast, Free Wi-Fi, Kitchen, Full-service laundry, Kid-friendly, 0, 0, 0, 0",2097.0
Royal Hillton Pahalgam,4.3,Kashmir,"Free breakfast, Wi-Fi, Free parking, Pet-friendly, Restaurant, Room service, Kitchen, Airport shuttle, Full-service laundry",24156.0
"Welcomhotel By ITC Hotels, Pine N Peak, Pahalgam - Premium Resort Overlooking Lidder River And Snow Topped Mountains",4.7,Kashmir,"5-star hotel, Free breakfast, Free Wi-Fi, Free parking, Air conditioning, Pet-friendly, Fitness center, Spa, Restaurant",26296.0
Hotel Heevan,4.2,Kashmir,"4-star hotel, Free breakfast, Free Wi-Fi, Free parking, Restaurant, Room service, Airport shuttle, Full-service laundry, Kid-friendly",64900.0
The LaLiT Grand Palace Srinagar,4.3,Kashmir,"5-star hotel, Free breakfast, Free Wi-Fi, Free parking, Pool, Air conditioning, Fitness center, Spa, Bar",25370.0
"Radisson Blu Hotel, Jammu",4.3,Kashmir,"4-star hotel, Breakfast, Free Wi-Fi, Free parking, Pool, Hot tub, Air conditioning, Fitness center, Spa",6440.0
"Summit Namnang Courtyard & Spa, Gangtok",4.1,Sikkim,"4-star hotel, Free breakfast, Free Wi-Fi, Paid parking, Spa, Restaurant, Room service, Kitchen, Airport shuttle",4846.0
Denzong Regency,4.5,Sikkim,"4-star hotel, Free breakfast, Free Wi-Fi, Free parking, Pool, Fitness center, Spa, Bar, Restaurant",10620.0
Yangsan Heritage Farm | Rooms & Guided Treks,4.9,Sikkim,"Sleeps 6, 2 bedrooms, Fireplace, Paid parking, No air conditioning, No crib, No elevator, No fitness center, No ironing board",4662.0
The Barfung Retreat,4.2,Sikkim,"Sleeps 10, 4 bedrooms, 3 bathrooms, Airport shuttle, Free parking, Free Wi-Fi, No air conditioning, No beach access, No elevator",3077.0
"Karma Casa, Gangtok",4.4,Sikkim,"Sleeps 7, 2 bedrooms, Fireplace, Cable TV, Paid parking, Free Wi-Fi, No air conditioning, No crib, No elevator",3086.0
The Whistling Thrush,4.8,Sikkim,"Sleeps 8, 3 bedrooms, Fireplace, Kitchen, Paid parking, No air conditioning, No crib, No elevator, No fitness center",3180.0
Magpie Pachhu Village Resort,4.3,Sikkim,"4-star hotel, Free breakfast, Free Wi-Fi, Paid parking, Restaurant, Room service, Full-service laundry, Kid-friendly, 0",4391.0
"MAYFAIR Spa Resort & Casino, Gangtok",4.4,Sikkim,"5-star hotel, Free breakfast, Free Wi-Fi, Free parking, Pool, Hot tub, Air conditioning, Fitness center, Spa",9800.0
Kaya Gantavya Resort & Spa | Pelling,4.6,Sikkim,"Free breakfast, Free Wi-Fi, Free parking, Spa, Bar, Restaurant, Room service, Full-service laundry, Kid-friendly",5643.0
Great Eastern Valley Residency,4.3,Sikkim,"Kid-friendly, 0, 0, 0, 0, 0, 0, 0, 0",769.0
"Udaan Hotels | Alpine Resort, Gangtok",4.6,Sikkim,"3-star hotel, Breakfast, Free Wi-Fi, Paid parking, Restaurant, Room service, Kitchen, Full-service laundry, Kid-friendly",3360.0
"Vivanta Sikkim, Pakyong",4.4,Sikkim,"5-star hotel, Free breakfast, Free Wi-Fi, Free parking, Pool, Pet-friendly, Spa, Restaurant, Room service",12980.0
Garden Retreat Hotel,4.1,Sikkim,"Breakfast, Free Wi-Fi, Free parking, Restaurant, Room service, Kitchen, Airport shuttle, Full-service laundry, 0",1050.0
Central Hill Resort The Mall Road Gangtok,3.5,Sikkim,"3-star hotel, Free breakfast, Free Wi-Fi, Paid parking, Restaurant, Room service, Kitchen, Airport shuttle, Full-service laundry",1340.0
Superview Waterfall Homestay Rumtek,4.2,Sikkim,"Kid-friendly, 0, 0, 0, 0, 0, 0, 0, 0",560.0
Zemu Gangtok,4.7,Sikkim,"Breakfast, Free Wi-Fi, Free parking, Pet-friendly, Bar, Restaurant, Room service, Airport shuttle, Full-service laundry",1098.0
Divine's The Elite Zong,4.5,Sikkim,"Free breakfast, Free Wi-Fi, Free parking, Restaurant, Room service, Accessible, Kid-friendly, 0, 0",1290.0
Hotel Alpha Omega,5.0,Sikkim,"0, 0, 0, 0, 0, 0, 0, 0, 0",930.0
Hotel Sonam Delek,4.3,Sikkim,"2-star hotel, Free breakfast, Free Wi-Fi, Paid parking, Restaurant, Room service, Full-service laundry, Kid-friendly, 0",1248.0
Sikkim Tourist Center,4.3,Sikkim,"Free breakfast, Free Wi-Fi, Paid parking, Pool, Restaurant, Room service, Kitchen, Full-service laundry, Kid-friendly",4914.0
Sterling Gangtok - Orange Village,4.0,Sikkim,"4-star hotel, Breakfast, Free Wi-Fi, Free parking, Air conditioning, Fitness center, Spa, Bar, Restaurant",9186.0
SS BeachResort,4.0,Varkala,"3-star hotel, Free breakfast, Free Wi-Fi, Free parking, Pool, Air conditioning, Beach access, Restaurant, Room service",2160.0
Sajjoys Varkala,4.7,Varkala,"Free breakfast, Free Wi-Fi, Paid parking, Pool, Air conditioning, Fitness center, Spa, Beach access, Restaurant",7018.0
Clafouti Beach Resort,4.1,Varkala,"3-star hotel, Breakfast, Free Wi-Fi, Free parking, Air conditioning, Beach access, Restaurant, Room service, Airport shuttle",4556.0
Zostel Varkala,4.6,Varkala,"Breakfast, Free Wi-Fi, Air conditioning, Paid parking, Beach access, Restaurant, Full-service laundry, Smoke-free, 0",1790.0
Garden Bay Resort,4.5,Varkala,"Breakfast, Free Wi-Fi, Free parking, Air conditioning, Pet-friendly, Beach access, Room service, Kitchen, Airport shuttle",1997.0
"The Lost Hostels, Varkala - Helipad",4.5,Varkala,"Breakfast, Wi-Fi, Beach access, Kitchen, Airport shuttle, Full-service laundry, Kid-friendly, 0, 0",1113.0
SANDRA Eco Beach Resort,4.7,Varkala,"0, 0, 0, 0, 0, 0, 0, 0, 0",2800.0
Nebo hotel,4.2,Varkala,"Free Wi-Fi, Paid parking, Pool, Beach access, Kitchen, Full-service laundry, 0, 0, 0",3830.0
"Elixir Cliff Beach Resort and Spa,Varkala",4.5,Varkala,"Free breakfast, Free Wi-Fi, Free parking, Pool, Spa, Beach access, Restaurant, Room service, Kitchen",8048.0
Kerala Bamboo House,4.1,Varkala,"2-star hotel, Free Wi-Fi, Free parking, Pool, Air conditioning, Spa, Beach access, Room service, Full-service laundry",1043.0
Green Bay resort,4.4,Varkala,"0, 0, 0, 0, 0, 0, 0, 0, 0",1792.0
Sunview Beach Resort & Spa by Citrine,4.0,Varkala,"2-star hotel, Free breakfast, Wi-Fi, Free parking, Pool, Air conditioning, Beach access, Restaurant, Room service",5067.0
Tropical Temple,4.8,Varkala,"0, 0, 0, 0, 0, 0, 0, 0, 0",1814.0
Sand Castle Varkala,4.5,Varkala,"0, 0, 0, 0, 0, 0, 0, 0, 0",2018.0
"Soul, Varkala - Black Beach",4.3,Varkala,"0, 0, 0, 0, 0, 0, 0, 0, 0",1120.0
Paradise Inn Beach Resort,4.6,Varkala,"0, 0, 0, 0, 0, 0, 0, 0, 0",1442.0
Rachanas Black Beach Resort,3.8,Varkala,"2-star hotel, Free breakfast, Free Wi-Fi, Free parking, Pool, Air conditioning, Pet-friendly, Beach access, Restaurant",1999.0
Hindustan Beach Retreat,4.0,Varkala,"4-star hotel, Breakfast, Free Wi-Fi, Free parking, Pool, Air conditioning, Fitness center, Spa, Beach access",6071.0
Mango Villa - Double or Twin Room with Garden View,4.7,Varkala,"House, Sleeps 2, 1 bedroom, 1 bathroom, 2 beds, Air conditioning, Airport shuttle, Balcony, Crib",2768.0
THE VILLAGE,3.0,Varkala,"Sleeps 24, 7 bedrooms, Air conditioning, Fireplace, Kitchen, Paid parking, Free Wi-Fi, No crib, No elevator",2576.0
